sale_date,sale_ts,sale_hour,sale_day,sale_month,cash_type,coffee_name,customer_type,customer_id,amount,source_dataset
2024-03-01,"2024-03-01 10:15:50",10,Fri,2024-03,card,Latte,identified,ANON-0000-0000-0001,38.7,index_1
2024-03-01,"2024-03-01 12:19:22",12,Fri,2024-03,card,"Hot Chocolate",identified,ANON-0000-0000-0002,38.7,index_1
2024-03-01,"2024-03-01 12:20:18",12,Fri,2024-03,card,"Hot Chocolate",identified,ANON-0000-0000-0002,38.7,index_1
2024-03-01,"2024-03-01 13:46:33",13,Fri,2024-03,card,Americano,identified,ANON-0000-0000-0003,28.9,index_1
2024-03-01,"2024-03-01 13:48:14",13,Fri,2024-03,card,Latte,identified,ANON-0000-0000-0004,38.7,index_1
2024-03-01,"2024-03-01 15:39:47",15,Fri,2024-03,card,"Americano with Milk",identified,ANON-0000-0000-0005,33.8,index_1
2024-03-01,"2024-03-01 16:19:02",16,Fri,2024-03,card,"Hot Chocolate",identified,ANON-0000-0000-0006,38.7,index_1
2024-03-01,"2024-03-01 18:39:03",18,Fri,2024-03,card,"Americano with Milk",identified,ANON-0000-0000-0007,33.8,index_1
2024-03-01,"2024-03-01 19:22:01",19,Fri,2024-03,card,Cocoa,identified,ANON-0000-0000-0008,38.7,index_1
2024-03-01,"2024-03-01 19:23:15",19,Fri,2024-03,card,"Americano with Milk",identified,ANON-0000-0000-0008,33.8,index_1
2024-03-01,"2024-03-01 19:29:17",19,Fri,2024-03,card,"Americano with Milk",identified,ANON-0000-0000-0009,33.8,index_1
2024-03-02,"2024-03-02 10:22:06",10,Sat,2024-03,card,Americano,identified,ANON-0000-0000-0010,28.9,index_1
2024-03-02,"2024-03-02 10:30:35",10,Sat,2024-03,cash,Latte,identified,"",40.0,index_1
2024-03-02,"2024-03-02 10:41:41",10,Sat,2024-03,card,"Americano with Milk",identified,ANON-0000-0000-0011,33.8,index_1
2024-03-02,"2024-03-02 11:59:45",11,Sat,2024-03,card,"Americano with Milk",identified,ANON-0000-0000-0012,33.8,index_1
2024-03-02,"2024-03-02 14:38:35",14,Sat,2024-03,card,Americano,identified,ANON-0000-0000-0013,28.9,index_1
2024-03-02,"2024-03-02 16:37:24",16,Sat,2024-03,card,"Americano with Milk",identified,ANON-0000-0000-0014,33.8,index_1
2024-03-02,"2024-03-02 17:34:54",17,Sat,2024-03,card,Americano,identified,ANON-0000-0000-0004,28.9,index_1
2024-03-03,"2024-03-03 10:10:43",10,Sun,2024-03,cash,Latte,identified,"",40.0,index_1
2024-03-03,"2024-03-03 10:27:18",10,Sun,2024-03,card,Latte,identified,ANON-0000-0000-0015,38.7,index_1
2024-03-03,"2024-03-03 11:33:56",11,Sun,2024-03,card,Cortado,identified,ANON-0000-0000-0016,28.9,index_1
2024-03-03,"2024-03-03 12:26:56",12,Sun,2024-03,card,Americano,identified,ANON-0000-0000-0012,28.9,index_1
2024-03-03,"2024-03-03 13:09:36",13,Sun,2024-03,card,"Hot Chocolate",identified,ANON-0000-0000-0017,38.7,index_1
2024-03-03,"2024-03-03 17:06:40",17,Sun,2024-03,card,Cocoa,identified,ANON-0000-0000-0018,38.7,index_1
2024-03-03,"2024-03-03 17:08:45",17,Sun,2024-03,card,Cortado,identified,ANON-0000-0000-0019,28.9,index_1
2024-03-03,"2024-03-03 18:03:23",18,Sun,2024-03,card,"Americano with Milk",identified,ANON-0000-0000-0020,33.8,index_1
2024-03-03,"2024-03-03 18:04:27",18,Sun,2024-03,card,"Americano with Milk",identified,ANON-0000-0000-0020,33.8,index_1
2024-03-03,"2024-03-03 18:08:04",18,Sun,2024-03,card,"Hot Chocolate",identified,ANON-0000-0000-0020,38.7,index_1
2024-03-04,"2024-03-04 10:03:51",10,Mon,2024-03,card,Latte,identified,ANON-0000-0000-0001,38.7,index_1
2024-03-04,"2024-03-04 10:54:50",10,Mon,2024-03,card,Latte,identified,ANON-0000-0000-0021,38.7,index_1
2024-03-04,"2024-03-04 11:05:16",11,Mon,2024-03,card,"Americano with Milk",identified,ANON-0000-0000-0012,33.8,index_1
2024-03-04,"2024-03-04 14:04:37",14,Mon,2024-03,card,Espresso,identified,ANON-0000-0000-0022,24.0,index_1
2024-03-05,"2024-03-05 09:59:52",9,Tue,2024-03,card,Latte,identified,ANON-0000-0000-0001,38.7,index_1
2024-03-05,"2024-03-05 14:34:55",14,Tue,2024-03,card,Latte,identified,ANON-0000-0000-0023,38.7,index_1
2024-03-05,"2024-03-05 17:34:06",17,Tue,2024-03,card,Latte,identified,ANON-0000-0000-0024,38.7,index_1
2024-03-05,"2024-03-05 17:35:25",17,Tue,2024-03,card,"Hot Chocolate",identified,ANON-0000-0000-0025,38.7,index_1
2024-03-05,"2024-03-05 17:36:28",17,Tue,2024-03,card,Cocoa,identified,ANON-0000-0000-0026,38.7,index_1
2024-03-05,"2024-03-05 17:37:13",17,Tue,2024-03,card,"Hot Chocolate",identified,ANON-0000-0000-0027,38.7,index_1
2024-03-05,"2024-03-05 17:38:09",17,Tue,2024-03,card,"Hot Chocolate",identified,ANON-0000-0000-0009,38.7,index_1
2024-03-05,"2024-03-05 17:56:15",17,Tue,2024-03,card,Cortado,identified,ANON-0000-0000-0028,28.9,index_1
2024-03-05,"2024-03-05 18:01:31",18,Tue,2024-03,card,"Hot Chocolate",identified,ANON-0000-0000-0028,38.7,index_1
2024-03-06,"2024-03-06 12:30:27",12,Wed,2024-03,cash,"Americano with Milk",identified,"",35.0,index_1
2024-03-06,"2024-03-06 13:24:07",13,Wed,2024-03,card,Americano,identified,ANON-0000-0000-0012,28.9,index_1
2024-03-06,"2024-03-06 13:25:14",13,Wed,2024-03,card,Cortado,identified,ANON-0000-0000-0012,28.9,index_1
2024-03-06,"2024-03-06 14:52:01",14,Wed,2024-03,card,Cappuccino,identified,ANON-0000-0000-0029,38.7,index_1
2024-03-06,"2024-03-06 14:53:18",14,Wed,2024-03,card,Cappuccino,identified,ANON-0000-0000-0029,38.7,index_1
2024-03-07,"2024-03-07 10:08:58",10,Thu,2024-03,cash,Latte,identified,"",40.0,index_1
2024-03-07,"2024-03-07 10:18:40",10,Thu,2024-03,card,"Hot Chocolate",identified,ANON-0000-0000-0030,38.7,index_1
2024-03-07,"2024-03-07 11:03:58",11,Thu,2024-03,card,Latte,identified,ANON-0000-0000-0031,38.7,index_1
2024-03-07,"2024-03-07 11:25:43",11,Thu,2024-03,cash,Latte,identified,"",40.0,index_1
2024-03-07,"2024-03-07 15:40:22",15,Thu,2024-03,card,Americano,identified,ANON-0000-0000-0032,28.9,index_1
2024-03-07,"2024-03-07 15:41:28",15,Thu,2024-03,card,"Americano with Milk",identified,ANON-0000-0000-0033,33.8,index_1
2024-03-08,"2024-03-08 10:34:41",10,Fri,2024-03,card,Cortado,identified,ANON-0000-0000-0012,28.9,index_1
2024-03-08,"2024-03-08 12:22:28",12,Fri,2024-03,card,Cappuccino,identified,ANON-0000-0000-0034,38.7,index_1
2024-03-08,"2024-03-08 13:53:02",13,Fri,2024-03,card,Americano,identified,ANON-0000-0000-0035,28.9,index_1
2024-03-08,"2024-03-08 14:44:12",14,Fri,2024-03,card,Americano,identified,ANON-0000-0000-0012,28.9,index_1
2024-03-08,"2024-03-08 14:45:11",14,Fri,2024-03,card,Americano,identified,ANON-0000-0000-0033,28.9,index_1
2024-03-08,"2024-03-08 14:46:11",14,Fri,2024-03,card,"Americano with Milk",identified,ANON-0000-0000-0012,33.8,index_1
2024-03-08,"2024-03-08 18:57:51",18,Fri,2024-03,card,Latte,identified,ANON-0000-0000-0036,38.7,index_1
2024-03-08,"2024-03-08 18:59:24",18,Fri,2024-03,card,Latte,identified,ANON-0000-0000-0037,38.7,index_1
2024-03-09,"2024-03-09 11:49:37",11,Sat,2024-03,cash,"Hot Chocolate",identified,"",40.0,index_1
2024-03-09,"2024-03-09 12:05:15",12,Sat,2024-03,card,Espresso,identified,ANON-0000-0000-0038,24.0,index_1
2024-03-09,"2024-03-09 12:07:38",12,Sat,2024-03,card,Americano,identified,ANON-0000-0000-0039,28.9,index_1
2024-03-09,"2024-03-09 12:09:47",12,Sat,2024-03,card,Cappuccino,identified,ANON-0000-0000-0012,38.7,index_1
2024-03-09,"2024-03-09 12:13:03",12,Sat,2024-03,card,Americano,identified,ANON-0000-0000-0040,28.9,index_1
2024-03-09,"2024-03-09 12:14:26",12,Sat,2024-03,card,Americano,identified,ANON-0000-0000-0040,28.9,index_1
2024-03-09,"2024-03-09 13:09:22",13,Sat,2024-03,card,Latte,identified,ANON-0000-0000-0041,38.7,index_1
2024-03-09,"2024-03-09 13:41:06",13,Sat,2024-03,card,"Americano with Milk",identified,ANON-0000-0000-0042,33.8,index_1
2024-03-09,"2024-03-09 13:53:10",13,Sat,2024-03,card,Cortado,identified,ANON-0000-0000-0043,28.9,index_1
2024-03-09,"2024-03-09 13:54:36",13,Sat,2024-03,card,Cappuccino,identified,ANON-0000-0000-0043,38.7,index_1
2024-03-09,"2024-03-09 14:08:01",14,Sat,2024-03,card,"Americano with Milk",identified,ANON-0000-0000-0009,33.8,index_1
2024-03-09,"2024-03-09 14:26:52",14,Sat,2024-03,card,"Hot Chocolate",identified,ANON-0000-0000-0044,38.7,index_1
2024-03-09,"2024-03-09 19:17:57",19,Sat,2024-03,card,Cappuccino,identified,ANON-0000-0000-0009,38.7,index_1
2024-03-09,"2024-03-09 19:19:10",19,Sat,2024-03,card,"Hot Chocolate",identified,ANON-0000-0000-0009,38.7,index_1
2024-03-10,"2024-03-10 07:44:18",7,Sun,2024-03,cash,Americano,identified,"",30.0,index_1
2024-03-10,"2024-03-10 07:45:29",7,Sun,2024-03,cash,"Americano with Milk",identified,"",35.0,index_1
2024-03-10,"2024-03-10 10:06:02",10,Sun,2024-03,cash,Latte,identified,"",40.0,index_1
2024-03-10,"2024-03-10 11:19:20",11,Sun,2024-03,card,Espresso,identified,ANON-0000-0000-0045,24.0,index_1
2024-03-10,"2024-03-10 17:51:03",17,Sun,2024-03,cash,"Americano with Milk",identified,"",35.0,index_1
2024-03-10,"2024-03-10 19:34:00",19,Sun,2024-03,card,Latte,identified,ANON-0000-0000-0046,38.7,index_1
2024-03-10,"2024-03-10 19:35:54",19,Sun,2024-03,card,Cortado,identified,ANON-0000-0000-0046,28.9,index_1
2024-03-11,"2024-03-11 10:18:46",10,Mon,2024-03,cash,Latte,identified,"",40.0,index_1
2024-03-11,"2024-03-11 11:24:15",11,Mon,2024-03,cash,Cappuccino,identified,"",40.0,index_1
2024-03-11,"2024-03-11 11:24:51",11,Mon,2024-03,cash,Cortado,identified,"",30.0,index_1
2024-03-11,"2024-03-11 11:26:44",11,Mon,2024-03,cash,Americano,identified,"",30.0,index_1
2024-03-11,"2024-03-11 11:32:58",11,Mon,2024-03,card,Cappuccino,identified,ANON-0000-0000-0035,38.7,index_1
2024-03-11,"2024-03-11 16:24:26",16,Mon,2024-03,card,Americano,identified,ANON-0000-0000-0047,28.9,index_1
2024-03-11,"2024-03-11 16:25:45",16,Mon,2024-03,card,Latte,identified,ANON-0000-0000-0047,38.7,index_1
2024-03-11,"2024-03-11 16:50:49",16,Mon,2024-03,card,Cortado,identified,ANON-0000-0000-0048,28.9,index_1
2024-03-12,"2024-03-12 10:15:00",10,Tue,2024-03,cash,Latte,identified,"",40.0,index_1
2024-03-12,"2024-03-12 10:15:34",10,Tue,2024-03,card,Americano,identified,ANON-0000-0000-0033,28.9,index_1
2024-03-12,"2024-03-12 10:16:24",10,Tue,2024-03,card,Cortado,identified,ANON-0000-0000-0033,28.9,index_1
2024-03-12,"2024-03-12 11:20:45",11,Tue,2024-03,card,"Hot Chocolate",identified,ANON-0000-0000-0049,38.7,index_1
2024-03-12,"2024-03-12 12:46:23",12,Tue,2024-03,card,"Americano with Milk",identified,ANON-0000-0000-0004,33.8,index_1
2024-03-12,"2024-03-12 12:47:26",12,Tue,2024-03,card,Americano,identified,ANON-0000-0000-0004,28.9,index_1
2024-03-12,"2024-03-12 16:15:43",16,Tue,2024-03,card,Americano,identified,ANON-0000-0000-0050,28.9,index_1
2024-03-13,"2024-03-13 11:06:43",11,Wed,2024-03,card,"Hot Chocolate",identified,ANON-0000-0000-0048,38.7,index_1
2024-03-13,"2024-03-13 11:48:16",11,Wed,2024-03,card,Americano,identified,ANON-0000-0000-0004,28.9,index_1
2024-03-13,"2024-03-13 12:18:06",12,Wed,2024-03,card,Americano,identified,ANON-0000-0000-0051,28.9,index_1
2024-03-13,"2024-03-13 12:19:05",12,Wed,2024-03,card,Americano,identified,ANON-0000-0000-0051,28.9,index_1
2024-03-13,"2024-03-13 12:34:30",12,Wed,2024-03,cash,Espresso,identified,"",25.0,index_1
2024-03-13,"2024-03-13 14:26:40",14,Wed,2024-03,card,"Americano with Milk",identified,ANON-0000-0000-0052,33.8,index_1
2024-03-13,"2024-03-13 15:40:22",15,Wed,2024-03,card,Espresso,identified,ANON-0000-0000-0053,24.0,index_1
2024-03-13,"2024-03-13 15:41:20",15,Wed,2024-03,card,Espresso,identified,ANON-0000-0000-0053,24.0,index_1
2024-03-13,"2024-03-13 16:47:09",16,Wed,2024-03,card,Espresso,identified,ANON-0000-0000-0054,24.0,index_1
2024-03-14,"2024-03-14 10:02:12",10,Thu,2024-03,cash,Latte,identified,"",40.0,index_1
2024-03-14,"2024-03-14 10:28:33",10,Thu,2024-03,card,Latte,identified,ANON-0000-0000-0055,38.7,index_1
2024-03-14,"2024-03-14 10:29:34",10,Thu,2024-03,card,"Hot Chocolate",identified,ANON-0000-0000-0055,38.7,index_1
2024-03-14,"2024-03-14 13:27:29",13,Thu,2024-03,card,Cortado,identified,ANON-0000-0000-0012,28.9,index_1
2024-03-14,"2024-03-14 13:28:24",13,Thu,2024-03,card,Americano,identified,ANON-0000-0000-0012,28.9,index_1
2024-03-14,"2024-03-14 13:51:59",13,Thu,2024-03,card,"Americano with Milk",identified,ANON-0000-0000-0056,33.8,index_1
2024-03-14,"2024-03-14 13:52:56",13,Thu,2024-03,card,Espresso,identified,ANON-0000-0000-0057,24.0,index_1
2024-03-14,"2024-03-14 15:20:38",15,Thu,2024-03,card,Latte,identified,ANON-0000-0000-0058,38.7,index_1
2024-03-14,"2024-03-14 16:04:09",16,Thu,2024-03,card,"Americano with Milk",identified,ANON-0000-0000-0059,33.8,index_1
2024-03-14,"2024-03-14 16:54:38",16,Thu,2024-03,card,Espresso,identified,ANON-0000-0000-0050,24.0,index_1
2024-03-14,"2024-03-14 18:58:55",18,Thu,2024-03,card,"Hot Chocolate",identified,ANON-0000-0000-0019,38.7,index_1
2024-03-14,"2024-03-14 19:00:08",19,Thu,2024-03,card,Cortado,identified,ANON-0000-0000-0012,28.9,index_1
2024-03-15,"2024-03-15 10:02:16",10,Fri,2024-03,cash,Latte,identified,"",40.0,index_1
2024-03-15,"2024-03-15 10:53:02",10,Fri,2024-03,card,"Hot Chocolate",identified,ANON-0000-0000-0060,38.7,index_1
2024-03-15,"2024-03-15 18:19:27",18,Fri,2024-03,card,Americano,identified,ANON-0000-0000-0012,28.9,index_1
2024-03-16,"2024-03-16 12:06:55",12,Sat,2024-03,card,"Americano with Milk",identified,ANON-0000-0000-0061,33.8,index_1
2024-03-16,"2024-03-16 12:07:53",12,Sat,2024-03,card,Americano,identified,ANON-0000-0000-0061,28.9,index_1
2024-03-16,"2024-03-16 15:58:18",15,Sat,2024-03,card,Cortado,identified,ANON-0000-0000-0009,28.9,index_1
2024-03-16,"2024-03-16 16:03:21",16,Sat,2024-03,card,Cortado,identified,ANON-0000-0000-0009,28.9,index_1
2024-03-16,"2024-03-16 16:04:11",16,Sat,2024-03,card,Cortado,identified,ANON-0000-0000-0012,28.9,index_1
2024-03-16,"2024-03-16 17:58:07",17,Sat,2024-03,card,"Americano with Milk",identified,ANON-0000-0000-0062,33.8,index_1
2024-03-17,"2024-03-17 10:10:21",10,Sun,2024-03,cash,Latte,identified,"",40.0,index_1
2024-03-17,"2024-03-17 12:55:26",12,Sun,2024-03,card,Cortado,identified,ANON-0000-0000-0063,28.9,index_1
2024-03-18,"2024-03-18 11:17:59",11,Mon,2024-03,card,Cortado,identified,ANON-0000-0000-0064,28.9,index_1
2024-03-18,"2024-03-18 15:31:39",15,Mon,2024-03,card,Americano,identified,ANON-0000-0000-0003,28.9,index_1
2024-03-18,"2024-03-18 15:32:38",15,Mon,2024-03,card,Americano,identified,ANON-0000-0000-0003,28.9,index_1
2024-03-18,"2024-03-18 15:33:36",15,Mon,2024-03,card,Americano,identified,ANON-0000-0000-0003,28.9,index_1
2024-03-19,"2024-03-19 10:20:25",10,Tue,2024-03,cash,Cortado,identified,"",30.0,index_1
2024-03-19,"2024-03-19 14:02:21",14,Tue,2024-03,card,Latte,identified,ANON-0000-0000-0065,38.7,index_1
2024-03-19,"2024-03-19 14:03:19",14,Tue,2024-03,card,Latte,identified,ANON-0000-0000-0065,38.7,index_1
2024-03-19,"2024-03-19 15:04:36",15,Tue,2024-03,card,"Hot Chocolate",identified,ANON-0000-0000-0049,38.7,index_1
2024-03-19,"2024-03-19 16:53:48",16,Tue,2024-03,card,"Americano with Milk",identified,ANON-0000-0000-0066,33.8,index_1
2024-03-19,"2024-03-19 19:26:32",19,Tue,2024-03,cash,"Hot Chocolate",identified,"",40.0,index_1
2024-03-20,"2024-03-20 11:41:16",11,Wed,2024-03,card,Cortado,identified,ANON-0000-0000-0012,28.9,index_1
2024-03-20,"2024-03-20 12:21:07",12,Wed,2024-03,cash,Latte,identified,"",40.0,index_1
2024-03-20,"2024-03-20 12:30:48",12,Wed,2024-03,card,Cortado,identified,ANON-0000-0000-0049,28.9,index_1
2024-03-20,"2024-03-20 13:16:47",13,Wed,2024-03,card,Cappuccino,identified,ANON-0000-0000-0067,38.7,index_1
2024-03-20,"2024-03-20 16:42:38",16,Wed,2024-03,card,Cocoa,identified,ANON-0000-0000-0050,38.7,index_1
2024-03-20,"2024-03-20 17:50:28",17,Wed,2024-03,card,Latte,identified,ANON-0000-0000-0068,38.7,index_1
2024-03-21,"2024-03-21 10:18:56",10,Thu,2024-03,cash,Cappuccino,identified,"",40.0,index_1
2024-03-21,"2024-03-21 12:25:09",12,Thu,2024-03,card,Cortado,identified,ANON-0000-0000-0012,28.9,index_1
2024-03-21,"2024-03-21 12:26:17",12,Thu,2024-03,card,Cappuccino,identified,ANON-0000-0000-0012,38.7,index_1
2024-03-21,"2024-03-21 17:21:01",17,Thu,2024-03,cash,Americano,identified,"",30.0,index_1
2024-03-21,"2024-03-21 17:22:01",17,Thu,2024-03,card,Cortado,identified,ANON-0000-0000-0012,28.9,index_1
2024-03-21,"2024-03-21 19:20:36",19,Thu,2024-03,card,Latte,identified,ANON-0000-0000-0069,38.7,index_1
2024-03-22,"2024-03-22 10:35:53",10,Fri,2024-03,card,"Americano with Milk",identified,ANON-0000-0000-0070,33.8,index_1
2024-03-22,"2024-03-22 13:29:20",13,Fri,2024-03,card,"Americano with Milk",identified,ANON-0000-0000-0071,33.8,index_1
2024-03-22,"2024-03-22 16:15:14",16,Fri,2024-03,cash,Cappuccino,identified,"",40.0,index_1
2024-03-22,"2024-03-22 17:17:03",17,Fri,2024-03,card,Americano,identified,ANON-0000-0000-0012,28.9,index_1
2024-03-22,"2024-03-22 17:17:58",17,Fri,2024-03,card,Espresso,identified,ANON-0000-0000-0012,24.0,index_1
2024-03-22,"2024-03-22 17:20:49",17,Fri,2024-03,card,Americano,identified,ANON-0000-0000-0050,28.9,index_1
2024-03-23,"2024-03-23 10:43:59",10,Sat,2024-03,card,Latte,identified,ANON-0000-0000-0072,38.7,index_1
2024-03-23,"2024-03-23 10:45:07",10,Sat,2024-03,card,"Americano with Milk",identified,ANON-0000-0000-0073,33.8,index_1
2024-03-23,"2024-03-23 13:10:07",13,Sat,2024-03,card,Cappuccino,identified,ANON-0000-0000-0074,38.7,index_1
2024-03-23,"2024-03-23 13:11:12",13,Sat,2024-03,card,Cocoa,identified,ANON-0000-0000-0074,38.7,index_1
2024-03-23,"2024-03-23 14:44:41",14,Sat,2024-03,card,"Americano with Milk",identified,ANON-0000-0000-0075,33.8,index_1
2024-03-23,"2024-03-23 15:47:19",15,Sat,2024-03,card,Latte,identified,ANON-0000-0000-0076,38.7,index_1
2024-03-23,"2024-03-23 15:49:33",15,Sat,2024-03,card,"Americano with Milk",identified,ANON-0000-0000-0076,33.8,index_1
2024-03-23,"2024-03-23 16:00:58",16,Sat,2024-03,card,Cortado,identified,ANON-0000-0000-0009,28.9,index_1
2024-03-24,"2024-03-24 10:03:56",10,Sun,2024-03,cash,Latte,identified,"",40.0,index_1
2024-03-24,"2024-03-24 18:45:08",18,Sun,2024-03,card,Latte,identified,ANON-0000-0000-0077,38.7,index_1
2024-03-25,"2024-03-25 10:31:47",10,Mon,2024-03,card,Latte,identified,ANON-0000-0000-0009,38.7,index_1
2024-03-25,"2024-03-25 11:16:25",11,Mon,2024-03,cash,"Americano with Milk",identified,"",35.0,index_1
2024-03-25,"2024-03-25 14:27:09",14,Mon,2024-03,card,Latte,identified,ANON-0000-0000-0078,38.7,index_1
2024-03-25,"2024-03-25 14:29:25",14,Mon,2024-03,card,Latte,identified,ANON-0000-0000-0017,38.7,index_1
2024-03-25,"2024-03-25 18:37:30",18,Mon,2024-03,card,"Americano with Milk",identified,ANON-0000-0000-0024,33.8,index_1
2024-03-25,"2024-03-25 19:34:24",19,Mon,2024-03,card,Cappuccino,identified,ANON-0000-0000-0079,38.7,index_1
2024-03-26,"2024-03-26 10:35:49",10,Tue,2024-03,card,Cocoa,identified,ANON-0000-0000-0055,38.7,index_1
2024-03-26,"2024-03-26 10:36:36",10,Tue,2024-03,card,Latte,identified,ANON-0000-0000-0055,38.7,index_1
2024-03-26,"2024-03-26 10:42:30",10,Tue,2024-03,card,Latte,identified,ANON-0000-0000-0080,38.7,index_1
2024-03-26,"2024-03-26 11:11:47",11,Tue,2024-03,card,Cortado,identified,ANON-0000-0000-0009,28.9,index_1
2024-03-26,"2024-03-26 13:35:52",13,Tue,2024-03,card,Americano,identified,ANON-0000-0000-0003,28.9,index_1
2024-03-26,"2024-03-26 13:36:49",13,Tue,2024-03,card,Cortado,identified,ANON-0000-0000-0032,28.9,index_1
2024-03-26,"2024-03-26 13:37:59",13,Tue,2024-03,card,Cortado,identified,ANON-0000-0000-0059,28.9,index_1
2024-03-26,"2024-03-26 13:57:53",13,Tue,2024-03,card,Americano,identified,ANON-0000-0000-0050,28.9,index_1
2024-03-26,"2024-03-26 15:48:02",15,Tue,2024-03,card,Latte,identified,ANON-0000-0000-0081,38.7,index_1
2024-03-26,"2024-03-26 18:33:38",18,Tue,2024-03,card,Latte,identified,ANON-0000-0000-0024,38.7,index_1
2024-03-26,"2024-03-26 18:34:54",18,Tue,2024-03,card,"Hot Chocolate",identified,ANON-0000-0000-0009,38.7,index_1
2024-03-27,"2024-03-27 11:04:51",11,Wed,2024-03,card,Cortado,identified,ANON-0000-0000-0003,28.9,index_1
2024-03-27,"2024-03-27 11:05:58",11,Wed,2024-03,card,"Americano with Milk",identified,ANON-0000-0000-0003,33.8,index_1
2024-03-27,"2024-03-27 12:57:00",12,Wed,2024-03,card,"Americano with Milk",identified,ANON-0000-0000-0082,33.8,index_1
2024-03-27,"2024-03-27 13:35:20",13,Wed,2024-03,card,"Hot Chocolate",identified,ANON-0000-0000-0083,38.7,index_1
2024-03-27,"2024-03-27 14:22:31",14,Wed,2024-03,card,Cappuccino,identified,ANON-0000-0000-0012,38.7,index_1
2024-03-27,"2024-03-27 14:23:35",14,Wed,2024-03,card,Americano,identified,ANON-0000-0000-0012,28.9,index_1
2024-03-27,"2024-03-27 18:30:11",18,Wed,2024-03,card,Cortado,identified,ANON-0000-0000-0084,28.9,index_1
2024-03-27,"2024-03-27 19:31:12",19,Wed,2024-03,cash,Latte,identified,"",40.0,index_1
2024-03-28,"2024-03-28 14:24:47",14,Thu,2024-03,card,Cortado,identified,ANON-0000-0000-0085,28.9,index_1
2024-03-28,"2024-03-28 17:24:46",17,Thu,2024-03,card,Cortado,identified,ANON-0000-0000-0012,28.9,index_1
2024-03-28,"2024-03-28 17:27:05",17,Thu,2024-03,card,Americano,identified,ANON-0000-0000-0012,28.9,index_1
2024-03-28,"2024-03-28 17:32:44",17,Thu,2024-03,card,Latte,identified,ANON-0000-0000-0086,38.7,index_1
2024-03-29,"2024-03-29 10:56:19",10,Fri,2024-03,card,Latte,identified,ANON-0000-0000-0087,38.7,index_1
2024-03-29,"2024-03-29 12:34:17",12,Fri,2024-03,card,Cappuccino,identified,ANON-0000-0000-0088,38.7,index_1
2024-03-29,"2024-03-29 12:41:32",12,Fri,2024-03,card,Cappuccino,identified,ANON-0000-0000-0088,38.7,index_1
2024-03-29,"2024-03-29 13:22:44",13,Fri,2024-03,cash,Cappuccino,identified,"",40.0,index_1
2024-03-30,"2024-03-30 11:59:19",11,Sat,2024-03,card,Latte,identified,ANON-0000-0000-0069,38.7,index_1
2024-03-30,"2024-03-30 13:49:25",13,Sat,2024-03,cash,Cappuccino,identified,"",40.0,index_1
2024-03-30,"2024-03-30 16:12:31",16,Sat,2024-03,card,Latte,identified,ANON-0000-0000-0017,38.7,index_1
2024-03-30,"2024-03-30 16:36:40",16,Sat,2024-03,card,Latte,identified,ANON-0000-0000-0009,38.7,index_1
2024-03-30,"2024-03-30 16:37:57",16,Sat,2024-03,card,"Americano with Milk",identified,ANON-0000-0000-0009,33.8,index_1
2024-03-31,"2024-03-31 10:40:04",10,Sun,2024-03,card,Cappuccino,identified,ANON-0000-0000-0089,38.7,index_1
2024-03-31,"2024-03-31 19:36:45",19,Sun,2024-03,cash,Americano,identified,"",30.0,index_1
2024-04-01,"2024-04-01 10:28:47",10,Mon,2024-04,card,Americano,identified,ANON-0000-0000-0004,28.9,index_1
2024-04-01,"2024-04-01 10:29:42",10,Mon,2024-04,card,"Americano with Milk",identified,ANON-0000-0000-0004,33.8,index_1
2024-04-01,"2024-04-01 10:30:43",10,Mon,2024-04,card,"Americano with Milk",identified,ANON-0000-0000-0004,33.8,index_1
2024-04-01,"2024-04-01 11:15:43",11,Mon,2024-04,card,"Americano with Milk",identified,ANON-0000-0000-0009,33.8,index_1
2024-04-01,"2024-04-01 17:01:42",17,Mon,2024-04,cash,Cappuccino,identified,"",40.0,index_1
2024-04-01,"2024-04-01 18:18:42",18,Mon,2024-04,card,"Americano with Milk",identified,ANON-0000-0000-0024,33.8,index_1
2024-04-01,"2024-04-01 18:45:27",18,Mon,2024-04,card,"Hot Chocolate",identified,ANON-0000-0000-0090,38.7,index_1
2024-04-02,"2024-04-02 10:01:14",10,Tue,2024-04,card,Latte,identified,ANON-0000-0000-0001,38.7,index_1
2024-04-02,"2024-04-02 16:18:34",16,Tue,2024-04,card,Americano,identified,ANON-0000-0000-0003,28.9,index_1
2024-04-02,"2024-04-02 16:19:28",16,Tue,2024-04,card,Cortado,identified,ANON-0000-0000-0003,28.9,index_1
2024-04-02,"2024-04-02 19:59:31",19,Tue,2024-04,cash,Cappuccino,identified,"",40.0,index_1
2024-04-03,"2024-04-03 10:19:13",10,Wed,2024-04,card,Cortado,identified,ANON-0000-0000-0003,28.9,index_1
2024-04-03,"2024-04-03 10:20:07",10,Wed,2024-04,card,Americano,identified,ANON-0000-0000-0003,28.9,index_1
2024-04-03,"2024-04-03 13:12:05",13,Wed,2024-04,card,Cappuccino,identified,ANON-0000-0000-0012,38.7,index_1
2024-04-03,"2024-04-03 15:36:11",15,Wed,2024-04,cash,Cortado,identified,"",30.0,index_1
2024-04-04,"2024-04-04 10:44:55",10,Thu,2024-04,card,Latte,identified,ANON-0000-0000-0091,38.7,index_1
2024-04-04,"2024-04-04 11:26:38",11,Thu,2024-04,card,Latte,identified,ANON-0000-0000-0092,38.7,index_1
2024-04-04,"2024-04-04 11:27:48",11,Thu,2024-04,card,Cappuccino,identified,ANON-0000-0000-0093,38.7,index_1
2024-04-04,"2024-04-04 12:23:02",12,Thu,2024-04,card,Cortado,identified,ANON-0000-0000-0094,28.9,index_1
2024-04-04,"2024-04-04 19:42:07",19,Thu,2024-04,cash,Latte,identified,"",40.0,index_1
2024-04-05,"2024-04-05 10:40:42",10,Fri,2024-04,card,Americano,identified,ANON-0000-0000-0095,28.9,index_1
2024-04-05,"2024-04-05 10:42:06",10,Fri,2024-04,card,Americano,identified,ANON-0000-0000-0012,28.9,index_1
2024-04-05,"2024-04-05 11:06:14",11,Fri,2024-04,card,Cortado,identified,ANON-0000-0000-0096,28.9,index_1
2024-04-05,"2024-04-05 12:14:27",12,Fri,2024-04,card,"Americano with Milk",identified,ANON-0000-0000-0097,33.8,index_1
2024-04-05,"2024-04-05 14:23:40",14,Fri,2024-04,card,Latte,identified,ANON-0000-0000-0098,38.7,index_1
2024-04-05,"2024-04-05 14:24:50",14,Fri,2024-04,card,Cortado,identified,ANON-0000-0000-0098,28.9,index_1
2024-04-05,"2024-04-05 15:30:50",15,Fri,2024-04,cash,Latte,identified,"",40.0,index_1
2024-04-05,"2024-04-05 15:54:15",15,Fri,2024-04,cash,Cappuccino,identified,"",40.0,index_1
2024-04-05,"2024-04-05 15:55:30",15,Fri,2024-04,cash,Americano,identified,"",30.0,index_1
2024-04-05,"2024-04-05 16:17:43",16,Fri,2024-04,cash,Cocoa,identified,"",40.0,index_1
2024-04-05,"2024-04-05 16:18:23",16,Fri,2024-04,card,Espresso,identified,ANON-0000-0000-0003,24.0,index_1
2024-04-06,"2024-04-06 12:32:31",12,Sat,2024-04,card,"Americano with Milk",identified,ANON-0000-0000-0099,33.8,index_1
2024-04-06,"2024-04-06 14:13:18",14,Sat,2024-04,card,Cappuccino,identified,ANON-0000-0000-0040,38.7,index_1
2024-04-06,"2024-04-06 14:14:27",14,Sat,2024-04,card,Americano,identified,ANON-0000-0000-0040,28.9,index_1
2024-04-06,"2024-04-06 14:49:50",14,Sat,2024-04,card,Latte,identified,ANON-0000-0000-0009,38.7,index_1
2024-04-07,"2024-04-07 10:12:53",10,Sun,2024-04,card,Latte,identified,ANON-0000-0000-0091,38.7,index_1
2024-04-07,"2024-04-07 12:44:31",12,Sun,2024-04,card,Cappuccino,identified,ANON-0000-0000-0040,38.7,index_1
2024-04-07,"2024-04-07 12:46:05",12,Sun,2024-04,card,Cappuccino,identified,ANON-0000-0000-0040,38.7,index_1
2024-04-07,"2024-04-07 14:16:24",14,Sun,2024-04,card,Cortado,identified,ANON-0000-0000-0100,28.9,index_1
2024-04-07,"2024-04-07 14:17:30",14,Sun,2024-04,card,Espresso,identified,ANON-0000-0000-0100,24.0,index_1
2024-04-07,"2024-04-07 18:01:16",18,Sun,2024-04,card,"Hot Chocolate",identified,ANON-0000-0000-0101,38.7,index_1
2024-04-07,"2024-04-07 18:02:03",18,Sun,2024-04,card,"Americano with Milk",identified,ANON-0000-0000-0101,33.8,index_1
2024-04-08,"2024-04-08 10:58:21",10,Mon,2024-04,card,"Americano with Milk",identified,ANON-0000-0000-0102,33.8,index_1
2024-04-08,"2024-04-08 10:59:27",10,Mon,2024-04,card,Cappuccino,identified,ANON-0000-0000-0103,38.7,index_1
2024-04-08,"2024-04-08 11:01:20",11,Mon,2024-04,card,Americano,identified,ANON-0000-0000-0012,28.9,index_1
2024-04-08,"2024-04-08 11:04:47",11,Mon,2024-04,card,Cappuccino,identified,ANON-0000-0000-0104,38.7,index_1
2024-04-08,"2024-04-08 12:54:25",12,Mon,2024-04,cash,Espresso,identified,"",25.0,index_1
2024-04-08,"2024-04-08 15:43:36",15,Mon,2024-04,cash,"Americano with Milk",identified,"",35.0,index_1
2024-04-08,"2024-04-08 16:41:37",16,Mon,2024-04,card,Latte,identified,ANON-0000-0000-0017,38.7,index_1
2024-04-08,"2024-04-08 18:18:09",18,Mon,2024-04,card,Americano,identified,ANON-0000-0000-0105,28.9,index_1
2024-04-08,"2024-04-08 19:22:27",19,Mon,2024-04,card,"Americano with Milk",identified,ANON-0000-0000-0024,33.8,index_1
2024-04-08,"2024-04-08 19:23:59",19,Mon,2024-04,card,Cappuccino,identified,ANON-0000-0000-0106,38.7,index_1
2024-04-09,"2024-04-09 10:22:27",10,Tue,2024-04,cash,Cappuccino,identified,"",40.0,index_1
2024-04-09,"2024-04-09 10:24:10",10,Tue,2024-04,cash,Americano,identified,"",30.0,index_1
2024-04-09,"2024-04-09 11:42:28",11,Tue,2024-04,card,Latte,identified,ANON-0000-0000-0091,38.7,index_1
2024-04-09,"2024-04-09 15:11:48",15,Tue,2024-04,card,"Hot Chocolate",identified,ANON-0000-0000-0107,38.7,index_1
2024-04-09,"2024-04-09 17:25:23",17,Tue,2024-04,card,"Hot Chocolate",identified,ANON-0000-0000-0049,38.7,index_1
2024-04-10,"2024-04-10 10:21:26",10,Wed,2024-04,cash,Espresso,identified,"",25.0,index_1
2024-04-10,"2024-04-10 17:55:07",17,Wed,2024-04,cash,"Hot Chocolate",identified,"",40.0,index_1
2024-04-10,"2024-04-10 17:55:31",17,Wed,2024-04,card,Espresso,identified,ANON-0000-0000-0108,24.0,index_1
2024-04-10,"2024-04-10 18:24:59",18,Wed,2024-04,card,Cappuccino,identified,ANON-0000-0000-0009,38.7,index_1
2024-04-10,"2024-04-10 20:04:05",20,Wed,2024-04,card,Latte,identified,ANON-0000-0000-0109,38.7,index_1
2024-04-11,"2024-04-11 10:41:23",10,Thu,2024-04,card,Americano,identified,ANON-0000-0000-0110,28.9,index_1
2024-04-11,"2024-04-11 10:42:59",10,Thu,2024-04,card,Americano,identified,ANON-0000-0000-0110,28.9,index_1
2024-04-11,"2024-04-11 16:35:23",16,Thu,2024-04,card,Latte,identified,ANON-0000-0000-0017,38.7,index_1
2024-04-11,"2024-04-11 19:16:56",19,Thu,2024-04,card,Cappuccino,identified,ANON-0000-0000-0106,38.7,index_1
2024-04-11,"2024-04-11 19:18:36",19,Thu,2024-04,card,"Americano with Milk",identified,ANON-0000-0000-0024,33.8,index_1
2024-04-12,"2024-04-12 19:03:43",19,Fri,2024-04,card,"Hot Chocolate",identified,ANON-0000-0000-0019,38.7,index_1
2024-04-12,"2024-04-12 19:38:23",19,Fri,2024-04,card,Cortado,identified,ANON-0000-0000-0009,28.9,index_1
2024-04-13,"2024-04-13 12:29:19",12,Sat,2024-04,card,Latte,identified,ANON-0000-0000-0009,38.7,index_1
2024-04-13,"2024-04-13 12:43:02",12,Sat,2024-04,card,Americano,identified,ANON-0000-0000-0012,28.9,index_1
2024-04-13,"2024-04-13 15:06:52",15,Sat,2024-04,cash,"Hot Chocolate",identified,"",40.0,index_1
2024-04-13,"2024-04-13 15:07:55",15,Sat,2024-04,cash,"Hot Chocolate",identified,"",40.0,index_1
2024-04-13,"2024-04-13 16:18:03",16,Sat,2024-04,card,Cappuccino,identified,ANON-0000-0000-0111,38.7,index_1
2024-04-13,"2024-04-13 16:19:39",16,Sat,2024-04,card,Latte,identified,ANON-0000-0000-0111,38.7,index_1
2024-04-13,"2024-04-13 17:51:26",17,Sat,2024-04,card,Cappuccino,identified,ANON-0000-0000-0112,38.7,index_1
2024-04-13,"2024-04-13 17:53:19",17,Sat,2024-04,card,Cappuccino,identified,ANON-0000-0000-0012,38.7,index_1
2024-04-14,"2024-04-14 10:55:27",10,Sun,2024-04,cash,Latte,identified,"",40.0,index_1
2024-04-14,"2024-04-14 12:24:39",12,Sun,2024-04,card,Cappuccino,identified,ANON-0000-0000-0113,38.7,index_1
2024-04-14,"2024-04-14 12:27:08",12,Sun,2024-04,cash,Cortado,identified,"",30.0,index_1
2024-04-14,"2024-04-14 12:29:06",12,Sun,2024-04,cash,Cortado,identified,"",30.0,index_1
2024-04-14,"2024-04-14 12:31:36",12,Sun,2024-04,cash,"Americano with Milk",identified,"",35.0,index_1
2024-04-14,"2024-04-14 13:21:49",13,Sun,2024-04,card,Cortado,identified,ANON-0000-0000-0114,28.9,index_1
2024-04-14,"2024-04-14 14:23:31",14,Sun,2024-04,card,Americano,identified,ANON-0000-0000-0012,28.9,index_1
2024-04-14,"2024-04-14 14:24:26",14,Sun,2024-04,card,Americano,identified,ANON-0000-0000-0012,28.9,index_1
2024-04-14,"2024-04-14 14:25:18",14,Sun,2024-04,card,Americano,identified,ANON-0000-0000-0012,28.9,index_1
2024-04-14,"2024-04-14 15:46:27",15,Sun,2024-04,card,Cappuccino,identified,ANON-0000-0000-0017,38.7,index_1
2024-04-14,"2024-04-14 16:59:54",16,Sun,2024-04,card,Cortado,identified,ANON-0000-0000-0012,28.9,index_1
2024-04-14,"2024-04-14 17:00:45",17,Sun,2024-04,card,Latte,identified,ANON-0000-0000-0019,38.7,index_1
2024-04-14,"2024-04-14 18:38:19",18,Sun,2024-04,card,Cappuccino,identified,ANON-0000-0000-0115,38.7,index_1
2024-04-15,"2024-04-15 11:45:24",11,Mon,2024-04,card,Americano,identified,ANON-0000-0000-0064,28.9,index_1
2024-04-15,"2024-04-15 17:01:46",17,Mon,2024-04,card,Americano,identified,ANON-0000-0000-0003,28.9,index_1
2024-04-15,"2024-04-15 17:02:49",17,Mon,2024-04,card,"Americano with Milk",identified,ANON-0000-0000-0004,33.8,index_1
2024-04-15,"2024-04-15 19:33:03",19,Mon,2024-04,card,"Americano with Milk",identified,ANON-0000-0000-0009,33.8,index_1
2024-04-15,"2024-04-15 19:41:58",19,Mon,2024-04,cash,Espresso,identified,"",25.0,index_1
2024-04-16,"2024-04-16 10:43:49",10,Tue,2024-04,cash,"Americano with Milk",identified,"",35.0,index_1
2024-04-16,"2024-04-16 10:46:25",10,Tue,2024-04,card,"Americano with Milk",identified,ANON-0000-0000-0116,33.8,index_1
2024-04-16,"2024-04-16 12:40:47",12,Tue,2024-04,card,Cocoa,identified,ANON-0000-0000-0117,38.7,index_1
2024-04-16,"2024-04-16 12:52:07",12,Tue,2024-04,card,Cortado,identified,ANON-0000-0000-0064,28.9,index_1
2024-04-16,"2024-04-16 15:03:16",15,Tue,2024-04,card,Americano,identified,ANON-0000-0000-0118,28.9,index_1
2024-04-16,"2024-04-16 17:42:04",17,Tue,2024-04,card,"Americano with Milk",identified,ANON-0000-0000-0024,33.8,index_1
2024-04-16,"2024-04-16 17:43:22",17,Tue,2024-04,card,Cappuccino,identified,ANON-0000-0000-0009,38.7,index_1
2024-04-16,"2024-04-16 18:09:05",18,Tue,2024-04,card,Cocoa,identified,ANON-0000-0000-0050,38.7,index_1
2024-04-17,"2024-04-17 13:32:59",13,Wed,2024-04,card,Americano,identified,ANON-0000-0000-0012,28.9,index_1
2024-04-17,"2024-04-17 13:44:00",13,Wed,2024-04,card,Espresso,identified,ANON-0000-0000-0119,24.0,index_1
2024-04-17,"2024-04-17 16:13:24",16,Wed,2024-04,cash,Cappuccino,identified,"",40.0,index_1
2024-04-17,"2024-04-17 17:01:35",17,Wed,2024-04,card,Cappuccino,identified,ANON-0000-0000-0120,38.7,index_1
2024-04-17,"2024-04-17 17:02:40",17,Wed,2024-04,card,Cappuccino,identified,ANON-0000-0000-0120,38.7,index_1
2024-04-17,"2024-04-17 18:14:03",18,Wed,2024-04,card,Cortado,identified,ANON-0000-0000-0121,28.9,index_1
2024-04-18,"2024-04-18 11:19:01",11,Thu,2024-04,card,Americano,identified,ANON-0000-0000-0003,28.9,index_1
2024-04-18,"2024-04-18 11:20:05",11,Thu,2024-04,card,Americano,identified,ANON-0000-0000-0003,28.9,index_1
2024-04-18,"2024-04-18 13:49:12",13,Thu,2024-04,card,"Americano with Milk",identified,ANON-0000-0000-0122,33.8,index_1
2024-04-18,"2024-04-18 13:50:17",13,Thu,2024-04,card,Cortado,identified,ANON-0000-0000-0122,28.9,index_1
2024-04-18,"2024-04-18 14:34:19",14,Thu,2024-04,card,Cappuccino,identified,ANON-0000-0000-0123,38.7,index_1
2024-04-18,"2024-04-18 14:35:49",14,Thu,2024-04,card,Latte,identified,ANON-0000-0000-0123,38.7,index_1
2024-04-18,"2024-04-18 17:44:15",17,Thu,2024-04,card,Latte,identified,ANON-0000-0000-0069,38.7,index_1
2024-04-18,"2024-04-18 18:21:05",18,Thu,2024-04,card,Cappuccino,identified,ANON-0000-0000-0085,38.7,index_1
2024-04-18,"2024-04-18 19:39:51",19,Thu,2024-04,card,"Hot Chocolate",identified,ANON-0000-0000-0024,38.7,index_1
2024-04-18,"2024-04-18 19:40:48",19,Thu,2024-04,card,"Hot Chocolate",identified,ANON-0000-0000-0009,38.7,index_1
2024-04-19,"2024-04-19 10:10:36",10,Fri,2024-04,card,Latte,identified,ANON-0000-0000-0001,38.7,index_1
2024-04-19,"2024-04-19 13:11:47",13,Fri,2024-04,card,"Americano with Milk",identified,ANON-0000-0000-0040,33.8,index_1
2024-04-19,"2024-04-19 13:13:20",13,Fri,2024-04,card,Cappuccino,identified,ANON-0000-0000-0040,38.7,index_1
2024-04-19,"2024-04-19 13:58:54",13,Fri,2024-04,card,"Hot Chocolate",identified,ANON-0000-0000-0124,38.7,index_1
2024-04-19,"2024-04-19 13:59:49",13,Fri,2024-04,card,Cappuccino,identified,ANON-0000-0000-0124,38.7,index_1
2024-04-19,"2024-04-19 18:23:19",18,Fri,2024-04,card,Cocoa,identified,ANON-0000-0000-0024,38.7,index_1
2024-04-19,"2024-04-19 18:25:33",18,Fri,2024-04,card,"Americano with Milk",identified,ANON-0000-0000-0009,33.8,index_1
2024-04-20,"2024-04-20 11:24:42",11,Sat,2024-04,cash,"Americano with Milk",identified,"",35.0,index_1
2024-04-20,"2024-04-20 12:08:35",12,Sat,2024-04,card,"Americano with Milk",identified,ANON-0000-0000-0125,33.8,index_1
2024-04-20,"2024-04-20 12:09:42",12,Sat,2024-04,card,"Americano with Milk",identified,ANON-0000-0000-0125,33.8,index_1
2024-04-20,"2024-04-20 13:08:37",13,Sat,2024-04,card,Americano,identified,ANON-0000-0000-0118,28.9,index_1
2024-04-20,"2024-04-20 13:09:47",13,Sat,2024-04,card,"Americano with Milk",identified,ANON-0000-0000-0118,33.8,index_1
2024-04-20,"2024-04-20 13:10:55",13,Sat,2024-04,card,"Hot Chocolate",identified,ANON-0000-0000-0118,38.7,index_1
2024-04-20,"2024-04-20 14:44:18",14,Sat,2024-04,card,Cappuccino,identified,ANON-0000-0000-0040,38.7,index_1
2024-04-20,"2024-04-20 15:11:00",15,Sat,2024-04,card,"Americano with Milk",identified,ANON-0000-0000-0009,33.8,index_1
2024-04-20,"2024-04-20 15:22:40",15,Sat,2024-04,card,"Americano with Milk",identified,ANON-0000-0000-0012,32.82,index_1
2024-04-20,"2024-04-20 15:49:25",15,Sat,2024-04,card,"Americano with Milk",identified,ANON-0000-0000-0126,32.82,index_1
2024-04-20,"2024-04-20 17:07:57",17,Sat,2024-04,cash,Cocoa,identified,"",39.0,index_1
2024-04-20,"2024-04-20 18:27:41",18,Sat,2024-04,card,Cappuccino,identified,ANON-0000-0000-0127,37.72,index_1
2024-04-20,"2024-04-20 18:28:46",18,Sat,2024-04,card,Cappuccino,identified,ANON-0000-0000-0127,37.72,index_1
2024-04-20,"2024-04-20 19:30:55",19,Sat,2024-04,card,Latte,identified,ANON-0000-0000-0128,37.72,index_1
2024-04-21,"2024-04-21 11:16:45",11,Sun,2024-04,card,Latte,identified,ANON-0000-0000-0001,37.72,index_1
2024-04-21,"2024-04-21 14:15:37",14,Sun,2024-04,card,Americano,identified,ANON-0000-0000-0099,27.92,index_1
2024-04-21,"2024-04-21 17:09:03",17,Sun,2024-04,cash,Cappuccino,identified,"",39.0,index_1
2024-04-22,"2024-04-22 11:09:16",11,Mon,2024-04,card,Americano,identified,ANON-0000-0000-0012,27.92,index_1
2024-04-22,"2024-04-22 11:29:27",11,Mon,2024-04,card,"Americano with Milk",identified,ANON-0000-0000-0129,32.82,index_1
2024-04-22,"2024-04-22 18:40:33",18,Mon,2024-04,cash,Latte,identified,"",39.0,index_1
2024-04-22,"2024-04-22 19:39:04",19,Mon,2024-04,card,Latte,identified,ANON-0000-0000-0009,37.72,index_1
2024-04-22,"2024-04-22 20:02:29",20,Mon,2024-04,cash,Cappuccino,identified,"",39.0,index_1
2024-04-23,"2024-04-23 14:22:35",14,Tue,2024-04,card,Cappuccino,identified,ANON-0000-0000-0025,37.72,index_1
2024-04-23,"2024-04-23 14:23:53",14,Tue,2024-04,card,"Americano with Milk",identified,ANON-0000-0000-0024,32.82,index_1
2024-04-23,"2024-04-23 14:24:57",14,Tue,2024-04,card,Cappuccino,identified,ANON-0000-0000-0009,37.72,index_1
2024-04-23,"2024-04-23 19:42:27",19,Tue,2024-04,card,"Americano with Milk",identified,ANON-0000-0000-0130,32.82,index_1
2024-04-23,"2024-04-23 19:43:26",19,Tue,2024-04,card,"Americano with Milk",identified,ANON-0000-0000-0130,32.82,index_1
2024-04-24,"2024-04-24 10:19:38",10,Wed,2024-04,card,Latte,identified,ANON-0000-0000-0001,37.72,index_1
2024-04-24,"2024-04-24 10:21:27",10,Wed,2024-04,card,"Americano with Milk",identified,ANON-0000-0000-0131,32.82,index_1
2024-04-24,"2024-04-24 11:23:46",11,Wed,2024-04,card,"Americano with Milk",identified,ANON-0000-0000-0132,32.82,index_1
2024-04-24,"2024-04-24 11:33:26",11,Wed,2024-04,card,"Americano with Milk",identified,ANON-0000-0000-0133,32.82,index_1
2024-04-24,"2024-04-24 12:39:09",12,Wed,2024-04,card,"Americano with Milk",identified,ANON-0000-0000-0059,32.82,index_1
2024-04-24,"2024-04-24 16:39:07",16,Wed,2024-04,card,"Americano with Milk",identified,ANON-0000-0000-0009,32.82,index_1
2024-04-24,"2024-04-24 19:39:49",19,Wed,2024-04,card,"Americano with Milk",identified,ANON-0000-0000-0134,32.82,index_1
2024-04-24,"2024-04-24 19:40:54",19,Wed,2024-04,card,Cappuccino,identified,ANON-0000-0000-0134,37.72,index_1
2024-04-25,"2024-04-25 10:46:08",10,Thu,2024-04,card,Americano,identified,ANON-0000-0000-0135,27.92,index_1
2024-04-25,"2024-04-25 15:18:26",15,Thu,2024-04,card,Latte,identified,ANON-0000-0000-0009,37.72,index_1
2024-04-25,"2024-04-25 17:09:43",17,Thu,2024-04,card,Americano,identified,ANON-0000-0000-0012,27.92,index_1
2024-04-25,"2024-04-25 17:10:49",17,Thu,2024-04,card,Americano,identified,ANON-0000-0000-0012,27.92,index_1
2024-04-26,"2024-04-26 10:12:50",10,Fri,2024-04,card,Latte,identified,ANON-0000-0000-0001,37.72,index_1
2024-04-26,"2024-04-26 12:01:30",12,Fri,2024-04,card,Latte,identified,ANON-0000-0000-0136,37.72,index_1
2024-04-26,"2024-04-26 13:31:28",13,Fri,2024-04,card,Cappuccino,identified,ANON-0000-0000-0137,37.72,index_1
2024-04-26,"2024-04-26 15:32:35",15,Fri,2024-04,card,Americano,identified,ANON-0000-0000-0012,27.92,index_1
2024-04-26,"2024-04-26 15:33:33",15,Fri,2024-04,card,Americano,identified,ANON-0000-0000-0012,27.92,index_1
2024-04-26,"2024-04-26 16:23:26",16,Fri,2024-04,card,Cortado,identified,ANON-0000-0000-0138,27.92,index_1
2024-04-26,"2024-04-26 16:24:33",16,Fri,2024-04,card,Americano,identified,ANON-0000-0000-0139,27.92,index_1
2024-04-26,"2024-04-26 19:32:07",19,Fri,2024-04,card,"Hot Chocolate",identified,ANON-0000-0000-0009,37.72,index_1
2024-04-26,"2024-04-26 19:33:30",19,Fri,2024-04,card,Cocoa,identified,ANON-0000-0000-0009,37.72,index_1
2024-04-27,"2024-04-27 15:27:00",15,Sat,2024-04,card,Cappuccino,identified,ANON-0000-0000-0009,37.72,index_1
2024-04-28,"2024-04-28 10:32:52",10,Sun,2024-04,card,Latte,identified,ANON-0000-0000-0001,37.72,index_1
2024-04-28,"2024-04-28 12:30:09",12,Sun,2024-04,card,Cappuccino,identified,ANON-0000-0000-0140,37.72,index_1
2024-04-28,"2024-04-28 18:27:08",18,Sun,2024-04,card,Americano,identified,ANON-0000-0000-0012,27.92,index_1
2024-04-28,"2024-04-28 18:28:11",18,Sun,2024-04,card,Americano,identified,ANON-0000-0000-0012,27.92,index_1
2024-04-28,"2024-04-28 18:29:02",18,Sun,2024-04,card,Latte,identified,ANON-0000-0000-0019,37.72,index_1
2024-04-29,"2024-04-29 11:26:31",11,Mon,2024-04,card,Cortado,identified,ANON-0000-0000-0141,27.92,index_1
2024-04-29,"2024-04-29 13:27:56",13,Mon,2024-04,card,Americano,identified,ANON-0000-0000-0003,27.92,index_1
2024-04-29,"2024-04-29 13:28:53",13,Mon,2024-04,card,Cortado,identified,ANON-0000-0000-0003,27.92,index_1
2024-04-29,"2024-04-29 13:53:35",13,Mon,2024-04,card,Cortado,identified,ANON-0000-0000-0141,27.92,index_1
2024-04-29,"2024-04-29 13:54:24",13,Mon,2024-04,card,"Americano with Milk",identified,ANON-0000-0000-0141,32.82,index_1
2024-04-29,"2024-04-29 18:37:48",18,Mon,2024-04,card,Cappuccino,identified,ANON-0000-0000-0140,37.72,index_1
2024-04-29,"2024-04-29 19:12:33",19,Mon,2024-04,card,Cappuccino,identified,ANON-0000-0000-0134,37.72,index_1
2024-04-29,"2024-04-29 19:13:37",19,Mon,2024-04,card,Cappuccino,identified,ANON-0000-0000-0134,37.72,index_1
2024-04-30,"2024-04-30 10:16:41",10,Tue,2024-04,card,Latte,identified,ANON-0000-0000-0142,37.72,index_1
2024-04-30,"2024-04-30 10:34:52",10,Tue,2024-04,card,"Americano with Milk",identified,ANON-0000-0000-0142,32.82,index_1
2024-04-30,"2024-04-30 10:35:47",10,Tue,2024-04,card,"Americano with Milk",identified,ANON-0000-0000-0142,32.82,index_1
2024-04-30,"2024-04-30 13:41:52",13,Tue,2024-04,card,Americano,identified,ANON-0000-0000-0142,27.92,index_1
2024-04-30,"2024-04-30 13:42:59",13,Tue,2024-04,card,"Americano with Milk",identified,ANON-0000-0000-0142,32.82,index_1
2024-04-30,"2024-04-30 19:19:18",19,Tue,2024-04,card,Cappuccino,identified,ANON-0000-0000-0142,37.72,index_1
2024-04-30,"2024-04-30 19:30:04",19,Tue,2024-04,card,"Americano with Milk",identified,ANON-0000-0000-0142,32.82,index_1
2024-04-30,"2024-04-30 19:31:20",19,Tue,2024-04,card,Latte,identified,ANON-0000-0000-0142,37.72,index_1
2024-05-02,"2024-05-02 10:33:55",10,Thu,2024-05,card,Americano,identified,ANON-0000-0000-0143,27.92,index_1
2024-05-02,"2024-05-02 11:29:57",11,Thu,2024-05,cash,Latte,identified,"",39.0,index_1
2024-05-02,"2024-05-02 13:49:39",13,Thu,2024-05,card,"Americano with Milk",identified,ANON-0000-0000-0133,32.82,index_1
2024-05-02,"2024-05-02 18:36:22",18,Thu,2024-05,card,Cappuccino,identified,ANON-0000-0000-0144,37.72,index_1
2024-05-02,"2024-05-02 18:41:11",18,Thu,2024-05,card,"Americano with Milk",identified,ANON-0000-0000-0024,32.82,index_1
2024-05-02,"2024-05-02 19:18:33",19,Thu,2024-05,card,Latte,identified,ANON-0000-0000-0145,37.72,index_1
2024-05-02,"2024-05-02 19:19:56",19,Thu,2024-05,card,Cappuccino,identified,ANON-0000-0000-0145,37.72,index_1
2024-05-03,"2024-05-03 10:11:53",10,Fri,2024-05,cash,Latte,identified,"",39.0,index_1
2024-05-03,"2024-05-03 14:30:00",14,Fri,2024-05,card,Latte,identified,ANON-0000-0000-0146,37.72,index_1
2024-05-03,"2024-05-03 17:03:24",17,Fri,2024-05,card,Latte,identified,ANON-0000-0000-0147,37.72,index_1
2024-05-06,"2024-05-06 10:05:17",10,Mon,2024-05,card,Americano,identified,ANON-0000-0000-0148,27.92,index_1
2024-05-06,"2024-05-06 10:06:51",10,Mon,2024-05,card,Cappuccino,identified,ANON-0000-0000-0149,37.72,index_1
2024-05-06,"2024-05-06 10:08:05",10,Mon,2024-05,card,"Americano with Milk",identified,ANON-0000-0000-0149,32.82,index_1
2024-05-06,"2024-05-06 10:09:07",10,Mon,2024-05,card,Americano,identified,ANON-0000-0000-0150,27.92,index_1
2024-05-06,"2024-05-06 10:39:12",10,Mon,2024-05,card,Cortado,identified,ANON-0000-0000-0141,27.92,index_1
2024-05-06,"2024-05-06 11:34:20",11,Mon,2024-05,cash,Americano,identified,"",29.0,index_1
2024-05-06,"2024-05-06 13:18:10",13,Mon,2024-05,card,Cortado,identified,ANON-0000-0000-0148,27.92,index_1
2024-05-06,"2024-05-06 13:19:00",13,Mon,2024-05,card,Americano,identified,ANON-0000-0000-0148,27.92,index_1
2024-05-06,"2024-05-06 19:18:12",19,Mon,2024-05,card,Cappuccino,identified,ANON-0000-0000-0151,37.72,index_1
2024-05-06,"2024-05-06 19:19:49",19,Mon,2024-05,card,Cappuccino,identified,ANON-0000-0000-0151,37.72,index_1
2024-05-07,"2024-05-07 10:44:55",10,Tue,2024-05,card,Cocoa,identified,ANON-0000-0000-0148,37.72,index_1
2024-05-07,"2024-05-07 11:21:58",11,Tue,2024-05,card,Cortado,identified,ANON-0000-0000-0141,27.92,index_1
2024-05-07,"2024-05-07 13:23:34",13,Tue,2024-05,card,Cortado,identified,ANON-0000-0000-0077,27.92,index_1
2024-05-07,"2024-05-07 16:42:07",16,Tue,2024-05,card,Cocoa,identified,ANON-0000-0000-0148,37.72,index_1
2024-05-07,"2024-05-07 16:55:38",16,Tue,2024-05,card,Americano,identified,ANON-0000-0000-0152,27.92,index_1
2024-05-07,"2024-05-07 17:37:46",17,Tue,2024-05,card,Cappuccino,identified,ANON-0000-0000-0153,37.72,index_1
2024-05-07,"2024-05-07 17:38:48",17,Tue,2024-05,card,Latte,identified,ANON-0000-0000-0153,37.72,index_1
2024-05-07,"2024-05-07 18:35:37",18,Tue,2024-05,cash,"Americano with Milk",identified,"",34.0,index_1
2024-05-07,"2024-05-07 19:12:12",19,Tue,2024-05,card,Cappuccino,identified,ANON-0000-0000-0154,37.72,index_1
2024-05-07,"2024-05-07 19:13:12",19,Tue,2024-05,card,Cappuccino,identified,ANON-0000-0000-0154,37.72,index_1
2024-05-08,"2024-05-08 10:07:28",10,Wed,2024-05,card,Latte,identified,ANON-0000-0000-0001,37.72,index_1
2024-05-09,"2024-05-09 12:54:21",12,Thu,2024-05,card,Cappuccino,identified,ANON-0000-0000-0155,37.72,index_1
2024-05-09,"2024-05-09 13:03:58",13,Thu,2024-05,card,Americano,identified,ANON-0000-0000-0156,27.92,index_1
2024-05-09,"2024-05-09 13:04:57",13,Thu,2024-05,card,Latte,identified,ANON-0000-0000-0156,37.72,index_1
2024-05-09,"2024-05-09 13:06:11",13,Thu,2024-05,card,Latte,identified,ANON-0000-0000-0156,37.72,index_1
2024-05-09,"2024-05-09 13:07:16",13,Thu,2024-05,card,Latte,identified,ANON-0000-0000-0156,37.72,index_1
2024-05-09,"2024-05-09 16:55:14",16,Thu,2024-05,card,Americano,identified,ANON-0000-0000-0118,27.92,index_1
2024-05-09,"2024-05-09 16:56:14",16,Thu,2024-05,card,Americano,identified,ANON-0000-0000-0118,27.92,index_1
2024-05-09,"2024-05-09 18:01:29",18,Thu,2024-05,card,Americano,identified,ANON-0000-0000-0157,27.92,index_1
2024-05-09,"2024-05-09 18:13:56",18,Thu,2024-05,card,"Americano with Milk",identified,ANON-0000-0000-0143,32.82,index_1
2024-05-10,"2024-05-10 10:09:21",10,Fri,2024-05,cash,Latte,identified,"",39.0,index_1
2024-05-10,"2024-05-10 15:46:21",15,Fri,2024-05,card,Latte,identified,ANON-0000-0000-0158,37.72,index_1
2024-05-10,"2024-05-10 15:47:32",15,Fri,2024-05,card,Latte,identified,ANON-0000-0000-0158,37.72,index_1
2024-05-10,"2024-05-10 16:20:15",16,Fri,2024-05,cash,"Americano with Milk",identified,"",34.0,index_1
2024-05-11,"2024-05-11 11:39:52",11,Sat,2024-05,card,Latte,identified,ANON-0000-0000-0069,37.72,index_1
2024-05-11,"2024-05-11 17:02:43",17,Sat,2024-05,cash,Latte,identified,"",39.0,index_1
2024-05-11,"2024-05-11 17:20:30",17,Sat,2024-05,card,"Americano with Milk",identified,ANON-0000-0000-0009,32.82,index_1
2024-05-11,"2024-05-11 17:21:56",17,Sat,2024-05,card,Cocoa,identified,ANON-0000-0000-0026,37.72,index_1
2024-05-11,"2024-05-11 17:23:57",17,Sat,2024-05,card,Cappuccino,identified,ANON-0000-0000-0040,37.72,index_1
2024-05-11,"2024-05-11 17:28:54",17,Sat,2024-05,card,"Americano with Milk",identified,ANON-0000-0000-0012,32.82,index_1
2024-05-11,"2024-05-11 18:35:40",18,Sat,2024-05,card,Cappuccino,identified,ANON-0000-0000-0115,37.72,index_1
2024-05-11,"2024-05-11 19:38:16",19,Sat,2024-05,card,Latte,identified,ANON-0000-0000-0159,37.72,index_1
2024-05-12,"2024-05-12 10:20:42",10,Sun,2024-05,card,Latte,identified,ANON-0000-0000-0001,37.72,index_1
2024-05-12,"2024-05-12 13:24:03",13,Sun,2024-05,card,Latte,identified,ANON-0000-0000-0160,37.72,index_1
2024-05-12,"2024-05-12 13:27:39",13,Sun,2024-05,card,Americano,identified,ANON-0000-0000-0161,27.92,index_1
2024-05-12,"2024-05-12 15:16:19",15,Sun,2024-05,card,Latte,identified,ANON-0000-0000-0077,37.72,index_1
2024-05-12,"2024-05-12 15:38:02",15,Sun,2024-05,card,"Americano with Milk",identified,ANON-0000-0000-0162,32.82,index_1
2024-05-12,"2024-05-12 15:52:14",15,Sun,2024-05,card,"Americano with Milk",identified,ANON-0000-0000-0163,32.82,index_1
2024-05-12,"2024-05-12 16:04:21",16,Sun,2024-05,card,"Americano with Milk",identified,ANON-0000-0000-0012,32.82,index_1
2024-05-12,"2024-05-12 19:41:30",19,Sun,2024-05,card,"Americano with Milk",identified,ANON-0000-0000-0009,32.82,index_1
2024-05-13,"2024-05-13 11:03:53",11,Mon,2024-05,card,"Americano with Milk",identified,ANON-0000-0000-0164,32.82,index_1
2024-05-13,"2024-05-13 15:31:10",15,Mon,2024-05,cash,Americano,identified,"",29.0,index_1
2024-05-13,"2024-05-13 15:31:50",15,Mon,2024-05,cash,Americano,identified,"",29.0,index_1
2024-05-14,"2024-05-14 08:38:14",8,Tue,2024-05,card,Americano,identified,ANON-0000-0000-0012,27.92,index_1
2024-05-14,"2024-05-14 08:39:25",8,Tue,2024-05,card,Americano,identified,ANON-0000-0000-0012,27.92,index_1
2024-05-14,"2024-05-14 08:40:17",8,Tue,2024-05,card,Americano,identified,ANON-0000-0000-0012,27.92,index_1
2024-05-14,"2024-05-14 10:19:23",10,Tue,2024-05,card,Cappuccino,identified,ANON-0000-0000-0012,37.72,index_1
2024-05-14,"2024-05-14 11:32:29",11,Tue,2024-05,card,Latte,identified,ANON-0000-0000-0165,37.72,index_1
2024-05-14,"2024-05-14 11:34:12",11,Tue,2024-05,card,Cappuccino,identified,ANON-0000-0000-0165,37.72,index_1
2024-05-14,"2024-05-14 14:04:54",14,Tue,2024-05,card,Cappuccino,identified,ANON-0000-0000-0025,37.72,index_1
2024-05-14,"2024-05-14 14:06:00",14,Tue,2024-05,card,"Americano with Milk",identified,ANON-0000-0000-0009,32.82,index_1
2024-05-14,"2024-05-14 15:01:54",15,Tue,2024-05,card,Americano,identified,ANON-0000-0000-0040,27.92,index_1
2024-05-14,"2024-05-14 16:57:57",16,Tue,2024-05,card,"Americano with Milk",identified,ANON-0000-0000-0166,32.82,index_1
2024-05-14,"2024-05-14 16:59:10",16,Tue,2024-05,card,Cappuccino,identified,ANON-0000-0000-0166,37.72,index_1
2024-05-14,"2024-05-14 22:51:25",22,Tue,2024-05,card,"Hot Chocolate",identified,ANON-0000-0000-0167,37.72,index_1
2024-05-15,"2024-05-15 08:40:05",8,Wed,2024-05,card,Latte,identified,ANON-0000-0000-0168,37.72,index_1
2024-05-15,"2024-05-15 11:14:19",11,Wed,2024-05,card,Espresso,identified,ANON-0000-0000-0012,23.02,index_1
2024-05-15,"2024-05-15 11:19:10",11,Wed,2024-05,card,Americano,identified,ANON-0000-0000-0012,27.92,index_1
2024-05-15,"2024-05-15 13:34:35",13,Wed,2024-05,card,Americano,identified,ANON-0000-0000-0003,27.92,index_1
2024-05-15,"2024-05-15 13:35:29",13,Wed,2024-05,card,Americano,identified,ANON-0000-0000-0003,27.92,index_1
2024-05-15,"2024-05-15 13:36:27",13,Wed,2024-05,card,Americano,identified,ANON-0000-0000-0003,27.92,index_1
2024-05-15,"2024-05-15 13:55:28",13,Wed,2024-05,card,"Americano with Milk",identified,ANON-0000-0000-0164,32.82,index_1
2024-05-15,"2024-05-15 14:38:10",14,Wed,2024-05,cash,Americano,identified,"",29.0,index_1
2024-05-15,"2024-05-15 14:38:52",14,Wed,2024-05,card,Cortado,identified,ANON-0000-0000-0169,27.92,index_1
2024-05-15,"2024-05-15 14:39:44",14,Wed,2024-05,card,Cortado,identified,ANON-0000-0000-0012,27.92,index_1
2024-05-15,"2024-05-15 17:28:58",17,Wed,2024-05,card,Espresso,identified,ANON-0000-0000-0170,23.02,index_1
2024-05-15,"2024-05-15 20:20:34",20,Wed,2024-05,card,Cappuccino,identified,ANON-0000-0000-0171,37.72,index_1
2024-05-16,"2024-05-16 10:38:42",10,Thu,2024-05,card,"Americano with Milk",identified,ANON-0000-0000-0097,32.82,index_1
2024-05-16,"2024-05-16 10:39:49",10,Thu,2024-05,card,"Americano with Milk",identified,ANON-0000-0000-0172,32.82,index_1
2024-05-16,"2024-05-16 11:42:50",11,Thu,2024-05,cash,Latte,identified,"",39.0,index_1
2024-05-16,"2024-05-16 11:44:20",11,Thu,2024-05,cash,Cappuccino,identified,"",39.0,index_1
2024-05-16,"2024-05-16 12:14:00",12,Thu,2024-05,card,"Americano with Milk",identified,ANON-0000-0000-0173,32.82,index_1
2024-05-16,"2024-05-16 15:15:16",15,Thu,2024-05,card,"Hot Chocolate",identified,ANON-0000-0000-0174,37.72,index_1
2024-05-16,"2024-05-16 17:44:31",17,Thu,2024-05,card,Latte,identified,ANON-0000-0000-0069,37.72,index_1
2024-05-16,"2024-05-16 18:12:56",18,Thu,2024-05,card,"Hot Chocolate",identified,ANON-0000-0000-0175,37.72,index_1
2024-05-16,"2024-05-16 18:13:58",18,Thu,2024-05,card,Latte,identified,ANON-0000-0000-0175,37.72,index_1
2024-05-17,"2024-05-17 09:00:48",9,Fri,2024-05,card,Americano,identified,ANON-0000-0000-0033,27.92,index_1
2024-05-17,"2024-05-17 11:30:27",11,Fri,2024-05,card,"Americano with Milk",identified,ANON-0000-0000-0164,32.82,index_1
2024-05-17,"2024-05-17 14:58:03",14,Fri,2024-05,cash,"Americano with Milk",identified,"",34.0,index_1
2024-05-17,"2024-05-17 19:55:18",19,Fri,2024-05,card,"Americano with Milk",identified,ANON-0000-0000-0012,32.82,index_1
2024-05-17,"2024-05-17 19:56:46",19,Fri,2024-05,card,Cappuccino,identified,ANON-0000-0000-0009,37.72,index_1
2024-05-17,"2024-05-17 20:37:52",20,Fri,2024-05,card,Cappuccino,identified,ANON-0000-0000-0176,37.72,index_1
2024-05-17,"2024-05-17 22:34:50",22,Fri,2024-05,card,Americano,identified,ANON-0000-0000-0177,27.92,index_1
2024-05-17,"2024-05-17 22:36:33",22,Fri,2024-05,card,Latte,identified,ANON-0000-0000-0178,37.72,index_1
2024-05-17,"2024-05-17 22:37:42",22,Fri,2024-05,card,Latte,identified,ANON-0000-0000-0179,37.72,index_1
2024-05-18,"2024-05-18 08:01:37",8,Sat,2024-05,card,Cappuccino,identified,ANON-0000-0000-0180,37.72,index_1
2024-05-18,"2024-05-18 08:02:39",8,Sat,2024-05,card,Cappuccino,identified,ANON-0000-0000-0180,37.72,index_1
2024-05-18,"2024-05-18 11:15:56",11,Sat,2024-05,card,"Americano with Milk",identified,ANON-0000-0000-0181,32.82,index_1
2024-05-18,"2024-05-18 16:48:29",16,Sat,2024-05,card,"Americano with Milk",identified,ANON-0000-0000-0172,32.82,index_1
2024-05-18,"2024-05-18 16:49:27",16,Sat,2024-05,card,"Americano with Milk",identified,ANON-0000-0000-0097,32.82,index_1
2024-05-18,"2024-05-18 19:58:44",19,Sat,2024-05,card,"Americano with Milk",identified,ANON-0000-0000-0040,32.82,index_1
2024-05-18,"2024-05-18 20:22:53",20,Sat,2024-05,card,Latte,identified,ANON-0000-0000-0009,37.72,index_1
2024-05-18,"2024-05-18 22:05:27",22,Sat,2024-05,cash,Cappuccino,identified,"",39.0,index_1
2024-05-19,"2024-05-19 07:58:38",7,Sun,2024-05,card,Americano,identified,ANON-0000-0000-0182,27.92,index_1
2024-05-19,"2024-05-19 07:59:33",7,Sun,2024-05,card,Americano,identified,ANON-0000-0000-0182,27.92,index_1
2024-05-19,"2024-05-19 08:00:35",8,Sun,2024-05,card,Cappuccino,identified,ANON-0000-0000-0183,37.72,index_1
2024-05-19,"2024-05-19 09:28:49",9,Sun,2024-05,cash,Espresso,identified,"",24.0,index_1
2024-05-19,"2024-05-19 12:14:26",12,Sun,2024-05,card,"Americano with Milk",identified,ANON-0000-0000-0184,32.82,index_1
2024-05-19,"2024-05-19 14:43:40",14,Sun,2024-05,card,Americano,identified,ANON-0000-0000-0012,27.92,index_1
2024-05-19,"2024-05-19 15:58:58",15,Sun,2024-05,card,"Americano with Milk",identified,ANON-0000-0000-0185,32.82,index_1
2024-05-19,"2024-05-19 18:12:36",18,Sun,2024-05,card,"Americano with Milk",identified,ANON-0000-0000-0186,32.82,index_1
2024-05-19,"2024-05-19 18:13:47",18,Sun,2024-05,card,Espresso,identified,ANON-0000-0000-0186,23.02,index_1
2024-05-19,"2024-05-19 18:16:30",18,Sun,2024-05,card,"Hot Chocolate",identified,ANON-0000-0000-0186,37.72,index_1
2024-05-19,"2024-05-19 19:51:06",19,Sun,2024-05,card,Cappuccino,identified,ANON-0000-0000-0187,37.72,index_1
2024-05-19,"2024-05-19 21:15:41",21,Sun,2024-05,card,Cappuccino,identified,ANON-0000-0000-0188,37.72,index_1
2024-05-19,"2024-05-19 21:18:36",21,Sun,2024-05,card,Cappuccino,identified,ANON-0000-0000-0189,37.72,index_1
2024-05-20,"2024-05-20 10:05:59",10,Mon,2024-05,card,"Americano with Milk",identified,ANON-0000-0000-0190,32.82,index_1
2024-05-20,"2024-05-20 10:17:51",10,Mon,2024-05,card,Latte,identified,ANON-0000-0000-0191,37.72,index_1
2024-05-20,"2024-05-20 10:58:48",10,Mon,2024-05,card,Latte,identified,ANON-0000-0000-0001,37.72,index_1
2024-05-20,"2024-05-20 11:15:16",11,Mon,2024-05,card,Americano,identified,ANON-0000-0000-0143,27.92,index_1
2024-05-20,"2024-05-20 11:16:19",11,Mon,2024-05,card,Americano,identified,ANON-0000-0000-0143,27.92,index_1
2024-05-20,"2024-05-20 13:27:13",13,Mon,2024-05,card,Americano,identified,ANON-0000-0000-0003,27.92,index_1
2024-05-20,"2024-05-20 13:28:10",13,Mon,2024-05,card,Americano,identified,ANON-0000-0000-0003,27.92,index_1
2024-05-20,"2024-05-20 14:13:19",14,Mon,2024-05,card,"Americano with Milk",identified,ANON-0000-0000-0192,32.82,index_1
2024-05-20,"2024-05-20 14:14:31",14,Mon,2024-05,card,Cappuccino,identified,ANON-0000-0000-0192,37.72,index_1
2024-05-20,"2024-05-20 14:32:21",14,Mon,2024-05,cash,Americano,identified,"",29.0,index_1
2024-05-20,"2024-05-20 17:12:51",17,Mon,2024-05,card,Latte,identified,ANON-0000-0000-0120,37.72,index_1
2024-05-20,"2024-05-20 17:13:56",17,Mon,2024-05,card,Latte,identified,ANON-0000-0000-0193,37.72,index_1
2024-05-20,"2024-05-20 20:36:48",20,Mon,2024-05,card,"Americano with Milk",identified,ANON-0000-0000-0194,32.82,index_1
2024-05-20,"2024-05-20 20:37:57",20,Mon,2024-05,card,Cocoa,identified,ANON-0000-0000-0194,37.72,index_1
2024-05-20,"2024-05-20 20:46:52",20,Mon,2024-05,card,Cortado,identified,ANON-0000-0000-0195,27.92,index_1
2024-05-20,"2024-05-20 21:36:53",21,Mon,2024-05,card,"Americano with Milk",identified,ANON-0000-0000-0012,32.82,index_1
2024-05-20,"2024-05-20 21:37:57",21,Mon,2024-05,card,"Americano with Milk",identified,ANON-0000-0000-0012,32.82,index_1
2024-05-21,"2024-05-21 08:27:38",8,Tue,2024-05,card,Latte,identified,ANON-0000-0000-0196,37.72,index_1
2024-05-21,"2024-05-21 09:43:50",9,Tue,2024-05,cash,Americano,identified,"",29.0,index_1
2024-05-21,"2024-05-21 09:44:40",9,Tue,2024-05,cash,"Americano with Milk",identified,"",34.0,index_1
2024-05-21,"2024-05-21 09:46:09",9,Tue,2024-05,cash,Cocoa,identified,"",39.0,index_1
2024-05-21,"2024-05-21 10:05:08",10,Tue,2024-05,cash,Latte,identified,"",39.0,index_1
2024-05-21,"2024-05-21 16:10:19",16,Tue,2024-05,card,Latte,identified,ANON-0000-0000-0197,37.72,index_1
2024-05-21,"2024-05-21 18:13:23",18,Tue,2024-05,card,Espresso,identified,ANON-0000-0000-0012,23.02,index_1
2024-05-21,"2024-05-21 19:11:09",19,Tue,2024-05,card,Cappuccino,identified,ANON-0000-0000-0198,37.72,index_1
2024-05-21,"2024-05-21 20:13:48",20,Tue,2024-05,card,Cappuccino,identified,ANON-0000-0000-0199,37.72,index_1
2024-05-22,"2024-05-22 09:34:41",9,Wed,2024-05,card,Cappuccino,identified,ANON-0000-0000-0200,37.72,index_1
2024-05-22,"2024-05-22 10:49:47",10,Wed,2024-05,card,"Americano with Milk",identified,ANON-0000-0000-0191,32.82,index_1
2024-05-22,"2024-05-22 11:18:14",11,Wed,2024-05,card,Cortado,identified,ANON-0000-0000-0141,27.92,index_1
2024-05-22,"2024-05-22 11:34:54",11,Wed,2024-05,card,"Americano with Milk",identified,ANON-0000-0000-0097,32.82,index_1
2024-05-22,"2024-05-22 12:29:50",12,Wed,2024-05,card,Americano,identified,ANON-0000-0000-0012,27.92,index_1
2024-05-22,"2024-05-22 12:30:43",12,Wed,2024-05,card,Americano,identified,ANON-0000-0000-0012,27.92,index_1
2024-05-22,"2024-05-22 14:00:20",14,Wed,2024-05,card,"Americano with Milk",identified,ANON-0000-0000-0009,32.82,index_1
2024-05-22,"2024-05-22 19:24:58",19,Wed,2024-05,card,Cappuccino,identified,ANON-0000-0000-0134,37.72,index_1
2024-05-22,"2024-05-22 19:25:58",19,Wed,2024-05,card,Cappuccino,identified,ANON-0000-0000-0134,37.72,index_1
2024-05-22,"2024-05-22 21:23:53",21,Wed,2024-05,card,"Hot Chocolate",identified,ANON-0000-0000-0180,37.72,index_1
2024-05-22,"2024-05-22 21:24:49",21,Wed,2024-05,card,Cappuccino,identified,ANON-0000-0000-0180,37.72,index_1
2024-05-23,"2024-05-23 10:10:19",10,Thu,2024-05,card,Cappuccino,identified,ANON-0000-0000-0201,37.72,index_1
2024-05-23,"2024-05-23 12:22:06",12,Thu,2024-05,card,Espresso,identified,ANON-0000-0000-0202,23.02,index_1
2024-05-23,"2024-05-23 15:55:16",15,Thu,2024-05,card,Cappuccino,identified,ANON-0000-0000-0180,37.72,index_1
2024-05-23,"2024-05-23 15:56:27",15,Thu,2024-05,card,Cappuccino,identified,ANON-0000-0000-0203,37.72,index_1
2024-05-23,"2024-05-23 16:18:14",16,Thu,2024-05,card,Cappuccino,identified,ANON-0000-0000-0180,37.72,index_1
2024-05-23,"2024-05-23 16:41:00",16,Thu,2024-05,card,Latte,identified,ANON-0000-0000-0077,37.72,index_1
2024-05-23,"2024-05-23 17:14:33",17,Thu,2024-05,card,Cappuccino,identified,ANON-0000-0000-0153,37.72,index_1
2024-05-23,"2024-05-23 17:15:44",17,Thu,2024-05,card,Latte,identified,ANON-0000-0000-0153,37.72,index_1
2024-05-23,"2024-05-23 19:03:53",19,Thu,2024-05,card,Cortado,identified,ANON-0000-0000-0204,27.92,index_1
2024-05-23,"2024-05-23 19:17:28",19,Thu,2024-05,card,Cappuccino,identified,ANON-0000-0000-0134,37.72,index_1
2024-05-23,"2024-05-23 19:18:26",19,Thu,2024-05,card,Cappuccino,identified,ANON-0000-0000-0205,37.72,index_1
2024-05-23,"2024-05-23 19:42:31",19,Thu,2024-05,card,Cappuccino,identified,ANON-0000-0000-0206,37.72,index_1
2024-05-23,"2024-05-23 20:15:01",20,Thu,2024-05,card,Cappuccino,identified,ANON-0000-0000-0207,37.72,index_1
2024-05-23,"2024-05-23 20:16:24",20,Thu,2024-05,card,Latte,identified,ANON-0000-0000-0207,37.72,index_1
2024-05-23,"2024-05-23 22:48:10",22,Thu,2024-05,card,"Americano with Milk",identified,ANON-0000-0000-0208,32.82,index_1
2024-05-23,"2024-05-23 22:55:36",22,Thu,2024-05,cash,"Hot Chocolate",identified,"",39.0,index_1
2024-05-24,"2024-05-24 11:11:59",11,Fri,2024-05,card,Cortado,identified,ANON-0000-0000-0141,27.92,index_1
2024-05-24,"2024-05-24 11:15:08",11,Fri,2024-05,card,Americano,identified,ANON-0000-0000-0012,27.92,index_1
2024-05-24,"2024-05-24 11:16:13",11,Fri,2024-05,card,Americano,identified,ANON-0000-0000-0012,27.92,index_1
2024-05-24,"2024-05-24 16:07:19",16,Fri,2024-05,card,"Hot Chocolate",identified,ANON-0000-0000-0081,37.72,index_1
2024-05-24,"2024-05-24 18:17:40",18,Fri,2024-05,card,Cortado,identified,ANON-0000-0000-0209,27.92,index_1
2024-05-24,"2024-05-24 18:18:36",18,Fri,2024-05,card,Cortado,identified,ANON-0000-0000-0209,27.92,index_1
2024-05-24,"2024-05-24 22:30:40",22,Fri,2024-05,card,"Americano with Milk",identified,ANON-0000-0000-0210,32.82,index_1
2024-05-25,"2024-05-25 07:40:58",7,Sat,2024-05,cash,Americano,identified,"",29.0,index_1
2024-05-25,"2024-05-25 12:13:53",12,Sat,2024-05,card,Latte,identified,ANON-0000-0000-0211,37.72,index_1
2024-05-25,"2024-05-25 12:40:23",12,Sat,2024-05,cash,Americano,identified,"",29.0,index_1
2024-05-25,"2024-05-25 12:42:10",12,Sat,2024-05,card,"Americano with Milk",identified,ANON-0000-0000-0212,32.82,index_1
2024-05-25,"2024-05-25 12:43:13",12,Sat,2024-05,card,"Americano with Milk",identified,ANON-0000-0000-0212,32.82,index_1
2024-05-25,"2024-05-25 12:58:12",12,Sat,2024-05,card,"Americano with Milk",identified,ANON-0000-0000-0213,32.82,index_1
2024-05-25,"2024-05-25 16:47:09",16,Sat,2024-05,card,"Americano with Milk",identified,ANON-0000-0000-0040,32.82,index_1
2024-05-25,"2024-05-25 16:48:16",16,Sat,2024-05,card,Americano,identified,ANON-0000-0000-0040,27.92,index_1
2024-05-26,"2024-05-26 10:20:02",10,Sun,2024-05,card,Latte,identified,ANON-0000-0000-0001,37.72,index_1
2024-05-26,"2024-05-26 14:24:49",14,Sun,2024-05,card,"Americano with Milk",identified,ANON-0000-0000-0214,32.82,index_1
2024-05-26,"2024-05-26 14:26:05",14,Sun,2024-05,card,Cortado,identified,ANON-0000-0000-0215,27.92,index_1
2024-05-26,"2024-05-26 14:40:58",14,Sun,2024-05,card,"Americano with Milk",identified,ANON-0000-0000-0216,32.82,index_1
2024-05-26,"2024-05-26 17:19:15",17,Sun,2024-05,card,Cappuccino,identified,ANON-0000-0000-0217,37.72,index_1
2024-05-26,"2024-05-26 18:09:52",18,Sun,2024-05,card,"Hot Chocolate",identified,ANON-0000-0000-0218,37.72,index_1
2024-05-26,"2024-05-26 18:11:02",18,Sun,2024-05,card,"Hot Chocolate",identified,ANON-0000-0000-0218,37.72,index_1
2024-05-26,"2024-05-26 18:13:14",18,Sun,2024-05,card,Americano,identified,ANON-0000-0000-0218,27.92,index_1
2024-05-26,"2024-05-26 18:39:18",18,Sun,2024-05,card,Latte,identified,ANON-0000-0000-0219,37.72,index_1
2024-05-26,"2024-05-26 20:59:14",20,Sun,2024-05,card,"Hot Chocolate",identified,ANON-0000-0000-0220,37.72,index_1
2024-05-26,"2024-05-26 21:00:05",21,Sun,2024-05,card,Cappuccino,identified,ANON-0000-0000-0220,37.72,index_1
2024-05-26,"2024-05-26 21:02:36",21,Sun,2024-05,card,Cortado,identified,ANON-0000-0000-0221,27.92,index_1
2024-05-26,"2024-05-26 21:03:51",21,Sun,2024-05,card,Cappuccino,identified,ANON-0000-0000-0222,37.72,index_1
2024-05-26,"2024-05-26 21:04:58",21,Sun,2024-05,card,Latte,identified,ANON-0000-0000-0221,37.72,index_1
2024-05-26,"2024-05-26 21:06:02",21,Sun,2024-05,card,Cappuccino,identified,ANON-0000-0000-0223,37.72,index_1
2024-05-27,"2024-05-27 11:34:55",11,Mon,2024-05,card,Americano,identified,ANON-0000-0000-0012,27.92,index_1
2024-05-27,"2024-05-27 14:05:21",14,Mon,2024-05,card,"Americano with Milk",identified,ANON-0000-0000-0224,32.82,index_1
2024-05-27,"2024-05-27 14:06:43",14,Mon,2024-05,card,Cocoa,identified,ANON-0000-0000-0224,37.72,index_1
2024-05-27,"2024-05-27 15:11:34",15,Mon,2024-05,card,Americano,identified,ANON-0000-0000-0225,27.92,index_1
2024-05-27,"2024-05-27 15:14:05",15,Mon,2024-05,card,Americano,identified,ANON-0000-0000-0225,27.92,index_1
2024-05-27,"2024-05-27 17:50:55",17,Mon,2024-05,card,Latte,identified,ANON-0000-0000-0203,37.72,index_1
2024-05-27,"2024-05-27 18:00:50",18,Mon,2024-05,card,Americano,identified,ANON-0000-0000-0226,27.92,index_1
2024-05-27,"2024-05-27 19:16:27",19,Mon,2024-05,card,Latte,identified,ANON-0000-0000-0227,37.72,index_1
2024-05-27,"2024-05-27 19:17:38",19,Mon,2024-05,card,Latte,identified,ANON-0000-0000-0228,37.72,index_1
2024-05-27,"2024-05-27 21:29:07",21,Mon,2024-05,card,"Americano with Milk",identified,ANON-0000-0000-0192,32.82,index_1
2024-05-27,"2024-05-27 21:30:19",21,Mon,2024-05,card,Cappuccino,identified,ANON-0000-0000-0206,37.72,index_1
2024-05-28,"2024-05-28 08:37:09",8,Tue,2024-05,card,"Americano with Milk",identified,ANON-0000-0000-0012,32.82,index_1
2024-05-28,"2024-05-28 09:20:10",9,Tue,2024-05,card,"Americano with Milk",identified,ANON-0000-0000-0097,32.82,index_1
2024-05-28,"2024-05-28 11:48:18",11,Tue,2024-05,card,Cappuccino,identified,ANON-0000-0000-0229,37.72,index_1
2024-05-28,"2024-05-28 13:14:40",13,Tue,2024-05,card,Cappuccino,identified,ANON-0000-0000-0230,37.72,index_1
2024-05-28,"2024-05-28 14:10:53",14,Tue,2024-05,card,Cocoa,identified,ANON-0000-0000-0194,37.72,index_1
2024-05-28,"2024-05-28 16:25:39",16,Tue,2024-05,card,Cortado,identified,ANON-0000-0000-0141,27.92,index_1
2024-05-28,"2024-05-28 17:21:43",17,Tue,2024-05,cash,Cappuccino,identified,"",39.0,index_1
2024-05-28,"2024-05-28 19:09:29",19,Tue,2024-05,card,Americano,identified,ANON-0000-0000-0231,27.92,index_1
2024-05-28,"2024-05-28 19:10:31",19,Tue,2024-05,card,Latte,identified,ANON-0000-0000-0231,37.72,index_1
2024-05-28,"2024-05-28 20:24:32",20,Tue,2024-05,card,"Americano with Milk",identified,ANON-0000-0000-0009,32.82,index_1
2024-05-28,"2024-05-28 20:50:19",20,Tue,2024-05,card,Americano,identified,ANON-0000-0000-0012,27.92,index_1
2024-05-29,"2024-05-29 09:14:43",9,Wed,2024-05,card,Latte,identified,ANON-0000-0000-0232,37.72,index_1
2024-05-29,"2024-05-29 10:48:46",10,Wed,2024-05,cash,Latte,identified,"",39.0,index_1
2024-05-29,"2024-05-29 11:14:02",11,Wed,2024-05,card,"Hot Chocolate",identified,ANON-0000-0000-0233,37.72,index_1
2024-05-29,"2024-05-29 15:10:48",15,Wed,2024-05,card,Americano,identified,ANON-0000-0000-0234,27.92,index_1
2024-05-29,"2024-05-29 15:22:56",15,Wed,2024-05,card,Latte,identified,ANON-0000-0000-0235,37.72,index_1
2024-05-29,"2024-05-29 15:45:12",15,Wed,2024-05,card,Cappuccino,identified,ANON-0000-0000-0236,37.72,index_1
2024-05-29,"2024-05-29 16:45:03",16,Wed,2024-05,card,Latte,identified,ANON-0000-0000-0237,37.72,index_1
2024-05-29,"2024-05-29 18:24:03",18,Wed,2024-05,card,Cortado,identified,ANON-0000-0000-0238,27.92,index_1
2024-05-29,"2024-05-29 18:24:59",18,Wed,2024-05,card,Latte,identified,ANON-0000-0000-0238,37.72,index_1
2024-05-29,"2024-05-29 20:30:42",20,Wed,2024-05,card,"Hot Chocolate",identified,ANON-0000-0000-0239,37.72,index_1
2024-05-29,"2024-05-29 20:32:35",20,Wed,2024-05,card,Cocoa,identified,ANON-0000-0000-0240,37.72,index_1
2024-05-30,"2024-05-30 08:29:06",8,Thu,2024-05,card,Cappuccino,identified,ANON-0000-0000-0241,37.72,index_1
2024-05-30,"2024-05-30 08:30:21",8,Thu,2024-05,card,Latte,identified,ANON-0000-0000-0241,37.72,index_1
2024-05-30,"2024-05-30 08:37:05",8,Thu,2024-05,card,"Americano with Milk",identified,ANON-0000-0000-0242,32.82,index_1
2024-05-30,"2024-05-30 09:47:59",9,Thu,2024-05,card,Latte,identified,ANON-0000-0000-0001,37.72,index_1
2024-05-30,"2024-05-30 14:56:15",14,Thu,2024-05,card,"Americano with Milk",identified,ANON-0000-0000-0097,32.82,index_1
2024-05-30,"2024-05-30 15:16:15",15,Thu,2024-05,card,Espresso,identified,ANON-0000-0000-0243,23.02,index_1
2024-05-30,"2024-05-30 15:17:38",15,Thu,2024-05,card,Espresso,identified,ANON-0000-0000-0012,23.02,index_1
2024-05-30,"2024-05-30 19:53:11",19,Thu,2024-05,card,Cappuccino,identified,ANON-0000-0000-0206,37.72,index_1
2024-05-30,"2024-05-30 20:31:05",20,Thu,2024-05,card,Latte,identified,ANON-0000-0000-0244,37.72,index_1
2024-05-30,"2024-05-30 20:46:13",20,Thu,2024-05,card,"Hot Chocolate",identified,ANON-0000-0000-0009,37.72,index_1
2024-05-30,"2024-05-30 20:47:21",20,Thu,2024-05,card,"Americano with Milk",identified,ANON-0000-0000-0009,32.82,index_1
2024-05-31,"2024-05-31 07:53:57",7,Fri,2024-05,card,"Americano with Milk",identified,ANON-0000-0000-0245,32.82,index_1
2024-05-31,"2024-05-31 09:21:07",9,Fri,2024-05,card,Latte,identified,ANON-0000-0000-0246,37.72,index_1
2024-05-31,"2024-05-31 09:23:58",9,Fri,2024-05,cash,Latte,identified,"",39.0,index_1
2024-05-31,"2024-05-31 10:38:07",10,Fri,2024-05,card,"Hot Chocolate",identified,ANON-0000-0000-0247,37.72,index_1
2024-05-31,"2024-05-31 10:39:06",10,Fri,2024-05,card,Cocoa,identified,ANON-0000-0000-0248,37.72,index_1
2024-05-31,"2024-05-31 14:50:12",14,Fri,2024-05,card,"Americano with Milk",identified,ANON-0000-0000-0249,32.82,index_1
2024-05-31,"2024-05-31 18:23:44",18,Fri,2024-05,card,Latte,identified,ANON-0000-0000-0250,37.72,index_1
2024-05-31,"2024-05-31 18:25:03",18,Fri,2024-05,card,Latte,identified,ANON-0000-0000-0250,37.72,index_1
2024-05-31,"2024-05-31 20:06:39",20,Fri,2024-05,card,Cappuccino,identified,ANON-0000-0000-0180,37.72,index_1
2024-05-31,"2024-05-31 20:33:06",20,Fri,2024-05,card,"Americano with Milk",identified,ANON-0000-0000-0134,32.82,index_1
2024-05-31,"2024-05-31 20:34:32",20,Fri,2024-05,card,Latte,identified,ANON-0000-0000-0134,37.72,index_1
2024-05-31,"2024-05-31 22:05:47",22,Fri,2024-05,card,Cappuccino,identified,ANON-0000-0000-0206,37.72,index_1
2024-05-31,"2024-05-31 22:06:52",22,Fri,2024-05,card,"Americano with Milk",identified,ANON-0000-0000-0206,32.82,index_1
2024-05-31,"2024-05-31 22:07:55",22,Fri,2024-05,card,Cortado,identified,ANON-0000-0000-0206,27.92,index_1
2024-06-01,"2024-06-01 08:27:01",8,Sat,2024-06,card,Cortado,identified,ANON-0000-0000-0141,27.92,index_1
2024-06-01,"2024-06-01 09:48:24",9,Sat,2024-06,card,Latte,identified,ANON-0000-0000-0232,37.72,index_1
2024-06-01,"2024-06-01 11:38:09",11,Sat,2024-06,card,Latte,identified,ANON-0000-0000-0250,37.72,index_1
2024-06-01,"2024-06-01 14:28:53",14,Sat,2024-06,card,"Americano with Milk",identified,ANON-0000-0000-0097,32.82,index_1
2024-06-01,"2024-06-01 18:20:12",18,Sat,2024-06,card,"Americano with Milk",identified,ANON-0000-0000-0251,32.82,index_1
2024-06-01,"2024-06-01 18:21:15",18,Sat,2024-06,card,"Americano with Milk",identified,ANON-0000-0000-0251,32.82,index_1
2024-06-01,"2024-06-01 20:50:10",20,Sat,2024-06,card,Cappuccino,identified,ANON-0000-0000-0154,37.72,index_1
2024-06-01,"2024-06-01 20:51:13",20,Sat,2024-06,card,Cappuccino,identified,ANON-0000-0000-0154,37.72,index_1
2024-06-01,"2024-06-01 20:54:59",20,Sat,2024-06,cash,Cocoa,identified,"",39.0,index_1
2024-06-01,"2024-06-01 20:59:09",20,Sat,2024-06,card,Cocoa,identified,ANON-0000-0000-0252,37.72,index_1
2024-06-01,"2024-06-01 21:51:04",21,Sat,2024-06,card,"Americano with Milk",identified,ANON-0000-0000-0009,32.82,index_1
2024-06-02,"2024-06-02 20:03:25",20,Sun,2024-06,card,Latte,identified,ANON-0000-0000-0009,37.72,index_1
2024-06-02,"2024-06-02 20:24:02",20,Sun,2024-06,card,"Americano with Milk",identified,ANON-0000-0000-0040,32.82,index_1
2024-06-02,"2024-06-02 20:25:07",20,Sun,2024-06,card,Cappuccino,identified,ANON-0000-0000-0040,37.72,index_1
2024-06-02,"2024-06-02 21:07:20",21,Sun,2024-06,card,"Americano with Milk",identified,ANON-0000-0000-0097,32.82,index_1
2024-06-02,"2024-06-02 21:30:12",21,Sun,2024-06,card,Latte,identified,ANON-0000-0000-0253,37.72,index_1
2024-06-02,"2024-06-02 22:43:10",22,Sun,2024-06,cash,"Americano with Milk",identified,"",34.0,index_1
2024-06-03,"2024-06-03 10:12:04",10,Mon,2024-06,card,Latte,identified,ANON-0000-0000-0001,37.72,index_1
2024-06-03,"2024-06-03 10:27:49",10,Mon,2024-06,card,Latte,identified,ANON-0000-0000-0191,37.72,index_1
2024-06-03,"2024-06-03 14:31:42",14,Mon,2024-06,card,Cappuccino,identified,ANON-0000-0000-0025,37.72,index_1
2024-06-03,"2024-06-03 14:33:00",14,Mon,2024-06,card,"Americano with Milk",identified,ANON-0000-0000-0024,32.82,index_1
2024-06-03,"2024-06-03 14:34:06",14,Mon,2024-06,card,Latte,identified,ANON-0000-0000-0009,37.72,index_1
2024-06-03,"2024-06-03 21:42:51",21,Mon,2024-06,cash,"Americano with Milk",identified,"",34.0,index_1
2024-06-03,"2024-06-03 21:43:37",21,Mon,2024-06,cash,"Americano with Milk",identified,"",34.0,index_1
2024-06-04,"2024-06-04 09:23:42",9,Tue,2024-06,card,Cortado,identified,ANON-0000-0000-0141,27.92,index_1
2024-06-04,"2024-06-04 10:27:13",10,Tue,2024-06,card,"Americano with Milk",identified,ANON-0000-0000-0097,32.82,index_1
2024-06-04,"2024-06-04 12:02:10",12,Tue,2024-06,card,Latte,identified,ANON-0000-0000-0254,37.72,index_1
2024-06-04,"2024-06-04 12:05:29",12,Tue,2024-06,card,"Hot Chocolate",identified,ANON-0000-0000-0254,37.72,index_1
2024-06-04,"2024-06-04 15:30:32",15,Tue,2024-06,card,Latte,identified,ANON-0000-0000-0255,37.72,index_1
2024-06-04,"2024-06-04 17:46:36",17,Tue,2024-06,card,Cortado,identified,ANON-0000-0000-0192,27.92,index_1
2024-06-04,"2024-06-04 17:47:28",17,Tue,2024-06,card,Cappuccino,identified,ANON-0000-0000-0192,37.72,index_1
2024-06-04,"2024-06-04 20:13:01",20,Tue,2024-06,card,"Hot Chocolate",identified,ANON-0000-0000-0256,37.72,index_1
2024-06-04,"2024-06-04 20:50:33",20,Tue,2024-06,card,Cappuccino,identified,ANON-0000-0000-0257,37.72,index_1
2024-06-04,"2024-06-04 21:31:58",21,Tue,2024-06,card,Cortado,identified,ANON-0000-0000-0258,27.92,index_1
2024-06-04,"2024-06-04 21:33:02",21,Tue,2024-06,card,"Americano with Milk",identified,ANON-0000-0000-0259,32.82,index_1
2024-06-04,"2024-06-04 21:34:55",21,Tue,2024-06,card,"Americano with Milk",identified,ANON-0000-0000-0260,32.82,index_1
2024-06-04,"2024-06-04 21:36:06",21,Tue,2024-06,card,"Americano with Milk",identified,ANON-0000-0000-0260,32.82,index_1
2024-06-04,"2024-06-04 21:37:15",21,Tue,2024-06,card,"Americano with Milk",identified,ANON-0000-0000-0260,32.82,index_1
2024-06-05,"2024-06-05 08:21:48",8,Wed,2024-06,card,Cappuccino,identified,ANON-0000-0000-0261,37.72,index_1
2024-06-05,"2024-06-05 08:23:06",8,Wed,2024-06,card,Cappuccino,identified,ANON-0000-0000-0261,37.72,index_1
2024-06-05,"2024-06-05 09:22:43",9,Wed,2024-06,card,Americano,identified,ANON-0000-0000-0262,27.92,index_1
2024-06-05,"2024-06-05 10:28:50",10,Wed,2024-06,card,Latte,identified,ANON-0000-0000-0001,37.72,index_1
2024-06-05,"2024-06-05 10:40:53",10,Wed,2024-06,card,"Americano with Milk",identified,ANON-0000-0000-0097,32.82,index_1
2024-06-05,"2024-06-05 19:43:57",19,Wed,2024-06,card,"Americano with Milk",identified,ANON-0000-0000-0263,32.82,index_1
2024-06-05,"2024-06-05 19:59:53",19,Wed,2024-06,card,Latte,identified,ANON-0000-0000-0264,37.72,index_1
2024-06-05,"2024-06-05 20:10:47",20,Wed,2024-06,card,Cocoa,identified,ANON-0000-0000-0220,37.72,index_1
2024-06-05,"2024-06-05 20:12:01",20,Wed,2024-06,card,Cortado,identified,ANON-0000-0000-0220,27.92,index_1
2024-06-06,"2024-06-06 08:52:56",8,Thu,2024-06,card,"Americano with Milk",identified,ANON-0000-0000-0097,32.82,index_1
2024-06-06,"2024-06-06 08:54:08",8,Thu,2024-06,card,"Americano with Milk",identified,ANON-0000-0000-0097,32.82,index_1
2024-06-06,"2024-06-06 10:36:09",10,Thu,2024-06,card,Latte,identified,ANON-0000-0000-0001,37.72,index_1
2024-06-06,"2024-06-06 12:17:41",12,Thu,2024-06,card,Americano,identified,ANON-0000-0000-0265,27.92,index_1
2024-06-06,"2024-06-06 15:11:14",15,Thu,2024-06,card,"Americano with Milk",identified,ANON-0000-0000-0224,32.82,index_1
2024-06-06,"2024-06-06 15:24:06",15,Thu,2024-06,card,Cappuccino,identified,ANON-0000-0000-0266,37.72,index_1
2024-06-06,"2024-06-06 21:14:05",21,Thu,2024-06,card,Latte,identified,ANON-0000-0000-0267,37.72,index_1
2024-06-06,"2024-06-06 21:15:42",21,Thu,2024-06,card,Latte,identified,ANON-0000-0000-0267,37.72,index_1
2024-06-06,"2024-06-06 21:18:26",21,Thu,2024-06,card,Cappuccino,identified,ANON-0000-0000-0206,37.72,index_1
2024-06-06,"2024-06-06 21:19:30",21,Thu,2024-06,card,"Americano with Milk",identified,ANON-0000-0000-0206,32.82,index_1
2024-06-06,"2024-06-06 21:21:04",21,Thu,2024-06,card,Latte,identified,ANON-0000-0000-0267,37.72,index_1
2024-06-07,"2024-06-07 08:18:04",8,Fri,2024-06,card,Cappuccino,identified,ANON-0000-0000-0268,37.72,index_1
2024-06-07,"2024-06-07 10:35:28",10,Fri,2024-06,card,Espresso,identified,ANON-0000-0000-0269,23.02,index_1
2024-06-07,"2024-06-07 13:34:18",13,Fri,2024-06,card,"Americano with Milk",identified,ANON-0000-0000-0164,32.82,index_1
2024-06-07,"2024-06-07 16:45:42",16,Fri,2024-06,card,Cortado,identified,ANON-0000-0000-0270,27.92,index_1
2024-06-07,"2024-06-07 16:47:15",16,Fri,2024-06,card,Cortado,identified,ANON-0000-0000-0270,27.92,index_1
2024-06-08,"2024-06-08 09:04:20",9,Sat,2024-06,card,Cortado,identified,ANON-0000-0000-0271,27.92,index_1
2024-06-08,"2024-06-08 09:26:11",9,Sat,2024-06,card,"Americano with Milk",identified,ANON-0000-0000-0097,32.82,index_1
2024-06-08,"2024-06-08 20:24:54",20,Sat,2024-06,card,Cappuccino,identified,ANON-0000-0000-0134,37.72,index_1
2024-06-08,"2024-06-08 20:25:56",20,Sat,2024-06,card,Cappuccino,identified,ANON-0000-0000-0134,37.72,index_1
2024-06-09,"2024-06-09 08:15:52",8,Sun,2024-06,card,Latte,identified,ANON-0000-0000-0097,37.72,index_1
2024-06-09,"2024-06-09 10:30:04",10,Sun,2024-06,card,Latte,identified,ANON-0000-0000-0272,37.72,index_1
2024-06-09,"2024-06-09 10:52:05",10,Sun,2024-06,card,Cappuccino,identified,ANON-0000-0000-0273,37.72,index_1
2024-06-09,"2024-06-09 11:04:41",11,Sun,2024-06,card,Cortado,identified,ANON-0000-0000-0141,27.92,index_1
2024-06-09,"2024-06-09 11:07:08",11,Sun,2024-06,card,Espresso,identified,ANON-0000-0000-0274,23.02,index_1
2024-06-09,"2024-06-09 11:52:49",11,Sun,2024-06,card,Cappuccino,identified,ANON-0000-0000-0275,37.72,index_1
2024-06-09,"2024-06-09 12:11:23",12,Sun,2024-06,card,"Americano with Milk",identified,ANON-0000-0000-0276,32.82,index_1
2024-06-09,"2024-06-09 12:13:08",12,Sun,2024-06,card,Latte,identified,ANON-0000-0000-0276,37.72,index_1
2024-06-09,"2024-06-09 12:14:10",12,Sun,2024-06,card,Latte,identified,ANON-0000-0000-0276,37.72,index_1
2024-06-09,"2024-06-09 15:10:30",15,Sun,2024-06,card,Cortado,identified,ANON-0000-0000-0277,27.92,index_1
2024-06-09,"2024-06-09 16:17:28",16,Sun,2024-06,card,Cappuccino,identified,ANON-0000-0000-0278,37.72,index_1
2024-06-09,"2024-06-09 19:21:19",19,Sun,2024-06,card,"Americano with Milk",identified,ANON-0000-0000-0279,32.82,index_1
2024-06-09,"2024-06-09 21:05:08",21,Sun,2024-06,card,Americano,identified,ANON-0000-0000-0280,27.92,index_1
2024-06-10,"2024-06-10 12:47:49",12,Mon,2024-06,card,Cappuccino,identified,ANON-0000-0000-0281,37.72,index_1
2024-06-10,"2024-06-10 12:56:48",12,Mon,2024-06,card,Latte,identified,ANON-0000-0000-0097,37.72,index_1
2024-06-10,"2024-06-10 19:04:28",19,Mon,2024-06,card,"Hot Chocolate",identified,ANON-0000-0000-0282,37.72,index_1
2024-06-10,"2024-06-10 19:05:22",19,Mon,2024-06,card,"Hot Chocolate",identified,ANON-0000-0000-0282,37.72,index_1
2024-06-10,"2024-06-10 19:37:23",19,Mon,2024-06,card,Latte,identified,ANON-0000-0000-0283,37.72,index_1
2024-06-10,"2024-06-10 19:38:19",19,Mon,2024-06,card,Latte,identified,ANON-0000-0000-0283,37.72,index_1
2024-06-11,"2024-06-11 10:38:03",10,Tue,2024-06,card,"Americano with Milk",identified,ANON-0000-0000-0284,32.82,index_1
2024-06-11,"2024-06-11 18:48:25",18,Tue,2024-06,card,Latte,identified,ANON-0000-0000-0285,37.72,index_1
2024-06-11,"2024-06-11 18:49:36",18,Tue,2024-06,card,Latte,identified,ANON-0000-0000-0285,37.72,index_1
2024-06-11,"2024-06-11 21:17:03",21,Tue,2024-06,card,"Hot Chocolate",identified,ANON-0000-0000-0286,37.72,index_1
2024-06-11,"2024-06-11 21:27:41",21,Tue,2024-06,card,"Americano with Milk",identified,ANON-0000-0000-0287,32.82,index_1
2024-06-11,"2024-06-11 21:28:50",21,Tue,2024-06,card,"Americano with Milk",identified,ANON-0000-0000-0287,32.82,index_1
2024-06-12,"2024-06-12 10:18:18",10,Wed,2024-06,card,"Hot Chocolate",identified,ANON-0000-0000-0288,37.72,index_1
2024-06-12,"2024-06-12 11:51:43",11,Wed,2024-06,card,Cappuccino,identified,ANON-0000-0000-0289,37.72,index_1
2024-06-12,"2024-06-12 17:41:17",17,Wed,2024-06,card,Latte,identified,ANON-0000-0000-0283,37.72,index_1
2024-06-12,"2024-06-12 17:47:27",17,Wed,2024-06,card,Latte,identified,ANON-0000-0000-0290,37.72,index_1
2024-06-12,"2024-06-12 20:16:33",20,Wed,2024-06,card,"Hot Chocolate",identified,ANON-0000-0000-0256,37.72,index_1
2024-06-12,"2024-06-12 20:25:34",20,Wed,2024-06,card,"Americano with Milk",identified,ANON-0000-0000-0291,32.82,index_1
2024-06-13,"2024-06-13 08:54:24",8,Thu,2024-06,card,Americano,identified,ANON-0000-0000-0292,27.92,index_1
2024-06-13,"2024-06-13 08:57:25",8,Thu,2024-06,card,Latte,identified,ANON-0000-0000-0097,37.72,index_1
2024-06-13,"2024-06-13 09:50:25",9,Thu,2024-06,card,"Americano with Milk",identified,ANON-0000-0000-0293,32.82,index_1
2024-06-13,"2024-06-13 09:57:11",9,Thu,2024-06,card,Cortado,identified,ANON-0000-0000-0141,27.92,index_1
2024-06-13,"2024-06-13 17:04:58",17,Thu,2024-06,card,"Americano with Milk",identified,ANON-0000-0000-0294,32.82,index_1
2024-06-13,"2024-06-13 17:27:46",17,Thu,2024-06,card,"Hot Chocolate",identified,ANON-0000-0000-0295,37.72,index_1
2024-06-13,"2024-06-13 19:22:19",19,Thu,2024-06,card,Latte,identified,ANON-0000-0000-0296,37.72,index_1
2024-06-13,"2024-06-13 20:20:51",20,Thu,2024-06,card,"Americano with Milk",identified,ANON-0000-0000-0012,32.82,index_1
2024-06-13,"2024-06-13 20:43:45",20,Thu,2024-06,card,Espresso,identified,ANON-0000-0000-0012,23.02,index_1
2024-06-13,"2024-06-13 20:45:00",20,Thu,2024-06,card,Espresso,identified,ANON-0000-0000-0295,23.02,index_1
2024-06-13,"2024-06-13 20:48:17",20,Thu,2024-06,card,"Americano with Milk",identified,ANON-0000-0000-0009,32.82,index_1
2024-06-13,"2024-06-13 21:02:28",21,Thu,2024-06,card,"Americano with Milk",identified,ANON-0000-0000-0009,32.82,index_1
2024-06-14,"2024-06-14 07:46:13",7,Fri,2024-06,card,Cortado,identified,ANON-0000-0000-0141,27.92,index_1
2024-06-14,"2024-06-14 10:30:31",10,Fri,2024-06,card,Americano,identified,ANON-0000-0000-0297,27.92,index_1
2024-06-14,"2024-06-14 12:14:41",12,Fri,2024-06,card,Latte,identified,ANON-0000-0000-0097,37.72,index_1
2024-06-14,"2024-06-14 18:29:53",18,Fri,2024-06,card,"Americano with Milk",identified,ANON-0000-0000-0298,32.82,index_1
2024-06-15,"2024-06-15 11:26:01",11,Sat,2024-06,card,Cappuccino,identified,ANON-0000-0000-0299,37.72,index_1
2024-06-15,"2024-06-15 12:21:28",12,Sat,2024-06,card,Latte,identified,ANON-0000-0000-0300,37.72,index_1
2024-06-15,"2024-06-15 12:22:46",12,Sat,2024-06,card,"Americano with Milk",identified,ANON-0000-0000-0300,32.82,index_1
2024-06-15,"2024-06-15 12:23:52",12,Sat,2024-06,card,Espresso,identified,ANON-0000-0000-0300,23.02,index_1
2024-06-15,"2024-06-15 12:24:35",12,Sat,2024-06,card,Cocoa,identified,ANON-0000-0000-0300,37.72,index_1
2024-06-15,"2024-06-15 12:25:23",12,Sat,2024-06,card,"Americano with Milk",identified,ANON-0000-0000-0300,32.82,index_1
2024-06-15,"2024-06-15 16:03:29",16,Sat,2024-06,card,"Americano with Milk",identified,ANON-0000-0000-0301,32.82,index_1
2024-06-15,"2024-06-15 18:14:04",18,Sat,2024-06,card,Americano,identified,ANON-0000-0000-0302,27.92,index_1
2024-06-16,"2024-06-16 10:43:51",10,Sun,2024-06,card,"Americano with Milk",identified,ANON-0000-0000-0059,32.82,index_1
2024-06-16,"2024-06-16 10:58:41",10,Sun,2024-06,card,Latte,identified,ANON-0000-0000-0303,37.72,index_1
2024-06-16,"2024-06-16 11:00:38",11,Sun,2024-06,card,"Hot Chocolate",identified,ANON-0000-0000-0303,37.72,index_1
2024-06-16,"2024-06-16 11:01:41",11,Sun,2024-06,card,"Hot Chocolate",identified,ANON-0000-0000-0303,37.72,index_1
2024-06-16,"2024-06-16 12:49:27",12,Sun,2024-06,card,"Americano with Milk",identified,ANON-0000-0000-0276,32.82,index_1
2024-06-16,"2024-06-16 14:00:38",14,Sun,2024-06,card,Espresso,identified,ANON-0000-0000-0274,23.02,index_1
2024-06-16,"2024-06-16 15:02:36",15,Sun,2024-06,card,"Americano with Milk",identified,ANON-0000-0000-0304,32.82,index_1
2024-06-16,"2024-06-16 15:05:10",15,Sun,2024-06,card,"Americano with Milk",identified,ANON-0000-0000-0304,32.82,index_1
2024-06-16,"2024-06-16 15:43:59",15,Sun,2024-06,card,"Hot Chocolate",identified,ANON-0000-0000-0305,37.72,index_1
2024-06-16,"2024-06-16 16:47:36",16,Sun,2024-06,card,"Hot Chocolate",identified,ANON-0000-0000-0306,37.72,index_1
2024-06-16,"2024-06-16 17:45:17",17,Sun,2024-06,card,"Americano with Milk",identified,ANON-0000-0000-0059,32.82,index_1
2024-06-16,"2024-06-16 17:46:16",17,Sun,2024-06,card,"Americano with Milk",identified,ANON-0000-0000-0059,32.82,index_1
2024-06-17,"2024-06-17 08:57:24",8,Mon,2024-06,card,Americano,identified,ANON-0000-0000-0307,27.92,index_1
2024-06-17,"2024-06-17 10:12:05",10,Mon,2024-06,card,Cortado,identified,ANON-0000-0000-0308,27.92,index_1
2024-06-17,"2024-06-17 10:13:37",10,Mon,2024-06,card,Cortado,identified,ANON-0000-0000-0308,27.92,index_1
2024-06-17,"2024-06-17 10:55:51",10,Mon,2024-06,card,Cappuccino,identified,ANON-0000-0000-0042,37.72,index_1
2024-06-17,"2024-06-17 14:51:35",14,Mon,2024-06,card,Cappuccino,identified,ANON-0000-0000-0164,37.72,index_1
2024-06-17,"2024-06-17 16:50:13",16,Mon,2024-06,card,Cappuccino,identified,ANON-0000-0000-0012,37.72,index_1
2024-06-17,"2024-06-17 16:51:11",16,Mon,2024-06,card,Cappuccino,identified,ANON-0000-0000-0012,37.72,index_1
2024-06-17,"2024-06-17 16:52:36",16,Mon,2024-06,card,Americano,identified,ANON-0000-0000-0012,27.92,index_1
2024-06-17,"2024-06-17 18:51:19",18,Mon,2024-06,card,Americano,identified,ANON-0000-0000-0309,27.92,index_1
2024-06-17,"2024-06-17 21:16:11",21,Mon,2024-06,card,"Americano with Milk",identified,ANON-0000-0000-0009,32.82,index_1
2024-06-18,"2024-06-18 14:04:06",14,Tue,2024-06,card,Americano,identified,ANON-0000-0000-0299,27.92,index_1
2024-06-18,"2024-06-18 14:05:12",14,Tue,2024-06,card,Cappuccino,identified,ANON-0000-0000-0299,37.72,index_1
2024-06-18,"2024-06-18 19:20:40",19,Tue,2024-06,card,Cappuccino,identified,ANON-0000-0000-0154,37.72,index_1
2024-06-18,"2024-06-18 19:21:38",19,Tue,2024-06,card,Cappuccino,identified,ANON-0000-0000-0154,37.72,index_1
2024-06-18,"2024-06-18 20:35:49",20,Tue,2024-06,card,Cortado,identified,ANON-0000-0000-0310,27.92,index_1
2024-06-18,"2024-06-18 21:20:49",21,Tue,2024-06,card,"Americano with Milk",identified,ANON-0000-0000-0012,32.82,index_1
2024-06-18,"2024-06-18 21:22:18",21,Tue,2024-06,card,"Americano with Milk",identified,ANON-0000-0000-0012,32.82,index_1
2024-06-19,"2024-06-19 07:47:19",7,Wed,2024-06,card,Latte,identified,ANON-0000-0000-0311,37.72,index_1
2024-06-19,"2024-06-19 08:17:54",8,Wed,2024-06,card,Cortado,identified,ANON-0000-0000-0141,27.92,index_1
2024-06-19,"2024-06-19 10:54:00",10,Wed,2024-06,card,Americano,identified,ANON-0000-0000-0312,27.92,index_1
2024-06-19,"2024-06-19 11:11:27",11,Wed,2024-06,card,Latte,identified,ANON-0000-0000-0313,37.72,index_1
2024-06-19,"2024-06-19 11:12:31",11,Wed,2024-06,card,Cocoa,identified,ANON-0000-0000-0313,37.72,index_1
2024-06-19,"2024-06-19 14:21:36",14,Wed,2024-06,card,"Americano with Milk",identified,ANON-0000-0000-0164,32.82,index_1
2024-06-19,"2024-06-19 18:28:43",18,Wed,2024-06,card,Cappuccino,identified,ANON-0000-0000-0153,37.72,index_1
2024-06-19,"2024-06-19 18:29:58",18,Wed,2024-06,card,Latte,identified,ANON-0000-0000-0153,37.72,index_1
2024-06-19,"2024-06-19 19:31:31",19,Wed,2024-06,card,"Americano with Milk",identified,ANON-0000-0000-0009,32.82,index_1
2024-06-19,"2024-06-19 21:28:59",21,Wed,2024-06,card,Cappuccino,identified,ANON-0000-0000-0192,37.72,index_1
2024-06-19,"2024-06-19 21:30:03",21,Wed,2024-06,card,"Americano with Milk",identified,ANON-0000-0000-0192,32.82,index_1
2024-06-20,"2024-06-20 10:50:06",10,Thu,2024-06,card,Latte,identified,ANON-0000-0000-0097,37.72,index_1
2024-06-20,"2024-06-20 18:59:02",18,Thu,2024-06,card,Latte,identified,ANON-0000-0000-0314,37.72,index_1
2024-06-20,"2024-06-20 19:00:00",19,Thu,2024-06,card,Latte,identified,ANON-0000-0000-0314,37.72,index_1
2024-06-20,"2024-06-20 21:39:10",21,Thu,2024-06,card,Latte,identified,ANON-0000-0000-0257,37.72,index_1
2024-06-20,"2024-06-20 21:57:40",21,Thu,2024-06,card,Latte,identified,ANON-0000-0000-0009,37.72,index_1
2024-06-20,"2024-06-20 21:59:17",21,Thu,2024-06,card,"Americano with Milk",identified,ANON-0000-0000-0009,32.82,index_1
2024-06-21,"2024-06-21 09:59:55",9,Fri,2024-06,card,Latte,identified,ANON-0000-0000-0311,37.72,index_1
2024-06-21,"2024-06-21 10:01:40",10,Fri,2024-06,card,Americano,identified,ANON-0000-0000-0315,27.92,index_1
2024-06-21,"2024-06-21 13:19:19",13,Fri,2024-06,card,"Americano with Milk",identified,ANON-0000-0000-0012,32.82,index_1
2024-06-21,"2024-06-21 13:20:31",13,Fri,2024-06,card,"Americano with Milk",identified,ANON-0000-0000-0012,32.82,index_1
2024-06-21,"2024-06-21 18:12:16",18,Fri,2024-06,card,Espresso,identified,ANON-0000-0000-0316,23.02,index_1
2024-06-21,"2024-06-21 19:30:26",19,Fri,2024-06,card,Latte,identified,ANON-0000-0000-0009,37.72,index_1
2024-06-21,"2024-06-21 19:47:06",19,Fri,2024-06,card,Cappuccino,identified,ANON-0000-0000-0154,37.72,index_1
2024-06-21,"2024-06-21 19:48:06",19,Fri,2024-06,card,Cappuccino,identified,ANON-0000-0000-0154,37.72,index_1
2024-06-21,"2024-06-21 19:49:54",19,Fri,2024-06,card,Cappuccino,identified,ANON-0000-0000-0180,37.72,index_1
2024-06-21,"2024-06-21 19:51:00",19,Fri,2024-06,card,Cappuccino,identified,ANON-0000-0000-0180,37.72,index_1
2024-06-21,"2024-06-21 19:52:18",19,Fri,2024-06,card,Americano,identified,ANON-0000-0000-0180,27.92,index_1
2024-06-21,"2024-06-21 19:55:37",19,Fri,2024-06,card,"Americano with Milk",identified,ANON-0000-0000-0311,32.82,index_1
2024-06-22,"2024-06-22 08:39:50",8,Sat,2024-06,card,Cortado,identified,ANON-0000-0000-0141,27.92,index_1
2024-06-22,"2024-06-22 09:37:48",9,Sat,2024-06,card,"Americano with Milk",identified,ANON-0000-0000-0311,32.82,index_1
2024-06-22,"2024-06-22 12:53:15",12,Sat,2024-06,card,"Americano with Milk",identified,ANON-0000-0000-0317,32.82,index_1
2024-06-22,"2024-06-22 15:37:20",15,Sat,2024-06,card,Latte,identified,ANON-0000-0000-0009,37.72,index_1
2024-06-22,"2024-06-22 22:10:22",22,Sat,2024-06,card,Cappuccino,identified,ANON-0000-0000-0318,37.72,index_1
2024-06-23,"2024-06-23 18:12:01",18,Sun,2024-06,card,"Americano with Milk",identified,ANON-0000-0000-0012,32.82,index_1
2024-06-23,"2024-06-23 18:13:50",18,Sun,2024-06,card,"Americano with Milk",identified,ANON-0000-0000-0012,32.82,index_1
2024-06-23,"2024-06-23 21:06:46",21,Sun,2024-06,card,Cappuccino,identified,ANON-0000-0000-0319,37.72,index_1
2024-06-23,"2024-06-23 21:29:07",21,Sun,2024-06,card,Latte,identified,ANON-0000-0000-0320,37.72,index_1
2024-06-23,"2024-06-23 21:30:36",21,Sun,2024-06,card,Cappuccino,identified,ANON-0000-0000-0320,37.72,index_1
2024-06-24,"2024-06-24 11:44:39",11,Mon,2024-06,card,"Americano with Milk",identified,ANON-0000-0000-0164,32.82,index_1
2024-06-24,"2024-06-24 11:49:36",11,Mon,2024-06,card,Cappuccino,identified,ANON-0000-0000-0180,37.72,index_1
2024-06-24,"2024-06-24 11:50:44",11,Mon,2024-06,card,Cappuccino,identified,ANON-0000-0000-0180,37.72,index_1
2024-06-24,"2024-06-24 15:02:28",15,Mon,2024-06,card,Latte,identified,ANON-0000-0000-0321,37.72,index_1
2024-06-24,"2024-06-24 16:46:00",16,Mon,2024-06,card,Cappuccino,identified,ANON-0000-0000-0203,37.72,index_1
2024-06-24,"2024-06-24 16:47:00",16,Mon,2024-06,card,Cappuccino,identified,ANON-0000-0000-0203,37.72,index_1
2024-06-25,"2024-06-25 08:19:24",8,Tue,2024-06,card,Latte,identified,ANON-0000-0000-0322,37.72,index_1
2024-06-25,"2024-06-25 10:28:26",10,Tue,2024-06,card,"Americano with Milk",identified,ANON-0000-0000-0012,32.82,index_1
2024-06-25,"2024-06-25 10:29:42",10,Tue,2024-06,card,"Americano with Milk",identified,ANON-0000-0000-0040,32.82,index_1
2024-06-25,"2024-06-25 11:34:52",11,Tue,2024-06,card,Cappuccino,identified,ANON-0000-0000-0203,37.72,index_1
2024-06-26,"2024-06-26 09:33:01",9,Wed,2024-06,card,Latte,identified,ANON-0000-0000-0323,37.72,index_1
2024-06-26,"2024-06-26 16:32:29",16,Wed,2024-06,card,Espresso,identified,ANON-0000-0000-0324,23.02,index_1
2024-06-26,"2024-06-26 16:34:01",16,Wed,2024-06,card,Americano,identified,ANON-0000-0000-0325,27.92,index_1
2024-06-26,"2024-06-26 21:21:53",21,Wed,2024-06,card,Latte,identified,ANON-0000-0000-0009,37.72,index_1
2024-06-26,"2024-06-26 21:27:00",21,Wed,2024-06,card,Cappuccino,identified,ANON-0000-0000-0009,37.72,index_1
2024-06-26,"2024-06-26 21:28:14",21,Wed,2024-06,card,"Americano with Milk",identified,ANON-0000-0000-0206,32.82,index_1
2024-06-27,"2024-06-27 09:15:43",9,Thu,2024-06,card,"Americano with Milk",identified,ANON-0000-0000-0326,32.82,index_1
2024-06-27,"2024-06-27 16:11:48",16,Thu,2024-06,card,Cortado,identified,ANON-0000-0000-0327,27.92,index_1
2024-06-27,"2024-06-27 21:44:03",21,Thu,2024-06,card,"Americano with Milk",identified,ANON-0000-0000-0328,32.82,index_1
2024-06-27,"2024-06-27 21:50:31",21,Thu,2024-06,card,Cappuccino,identified,ANON-0000-0000-0329,37.72,index_1
2024-06-28,"2024-06-28 08:08:35",8,Fri,2024-06,card,Cortado,identified,ANON-0000-0000-0141,27.92,index_1
2024-06-28,"2024-06-28 17:51:53",17,Fri,2024-06,card,Espresso,identified,ANON-0000-0000-0274,23.02,index_1
2024-06-28,"2024-06-28 21:50:55",21,Fri,2024-06,card,"Americano with Milk",identified,ANON-0000-0000-0330,32.82,index_1
2024-06-28,"2024-06-28 21:52:01",21,Fri,2024-06,card,Latte,identified,ANON-0000-0000-0331,37.72,index_1
2024-06-28,"2024-06-28 22:28:19",22,Fri,2024-06,card,Cappuccino,identified,ANON-0000-0000-0332,37.72,index_1
2024-06-29,"2024-06-29 09:47:10",9,Sat,2024-06,card,"Americano with Milk",identified,ANON-0000-0000-0097,32.82,index_1
2024-06-29,"2024-06-29 11:40:19",11,Sat,2024-06,card,"Americano with Milk",identified,ANON-0000-0000-0333,32.82,index_1
2024-06-29,"2024-06-29 11:41:26",11,Sat,2024-06,card,"Americano with Milk",identified,ANON-0000-0000-0333,32.82,index_1
2024-06-29,"2024-06-29 12:30:24",12,Sat,2024-06,card,Cappuccino,identified,ANON-0000-0000-0334,37.72,index_1
2024-06-29,"2024-06-29 12:31:42",12,Sat,2024-06,card,Cappuccino,identified,ANON-0000-0000-0334,37.72,index_1
2024-06-29,"2024-06-29 17:23:43",17,Sat,2024-06,card,Cappuccino,identified,ANON-0000-0000-0335,37.72,index_1
2024-06-29,"2024-06-29 17:24:52",17,Sat,2024-06,card,"Hot Chocolate",identified,ANON-0000-0000-0335,37.72,index_1
2024-06-29,"2024-06-29 21:27:22",21,Sat,2024-06,card,Latte,identified,ANON-0000-0000-0009,37.72,index_1
2024-06-30,"2024-06-30 10:28:09",10,Sun,2024-06,card,Latte,identified,ANON-0000-0000-0336,37.72,index_1
2024-06-30,"2024-06-30 13:05:50",13,Sun,2024-06,card,Espresso,identified,ANON-0000-0000-0337,23.02,index_1
2024-06-30,"2024-06-30 16:54:41",16,Sun,2024-06,card,"Hot Chocolate",identified,ANON-0000-0000-0009,37.72,index_1
2024-06-30,"2024-06-30 21:04:09",21,Sun,2024-06,card,"Americano with Milk",identified,ANON-0000-0000-0097,32.82,index_1
2024-07-01,"2024-07-01 18:07:26",18,Mon,2024-07,card,Espresso,identified,ANON-0000-0000-0012,23.02,index_1
2024-07-01,"2024-07-01 18:56:51",18,Mon,2024-07,card,Cappuccino,identified,ANON-0000-0000-0338,37.72,index_1
2024-07-01,"2024-07-01 18:57:54",18,Mon,2024-07,card,Cappuccino,identified,ANON-0000-0000-0339,37.72,index_1
2024-07-02,"2024-07-02 10:42:54",10,Tue,2024-07,card,"Americano with Milk",identified,ANON-0000-0000-0304,32.82,index_1
2024-07-02,"2024-07-02 10:45:00",10,Tue,2024-07,card,Americano,identified,ANON-0000-0000-0304,27.92,index_1
2024-07-02,"2024-07-02 12:48:05",12,Tue,2024-07,card,Latte,identified,ANON-0000-0000-0019,37.72,index_1
2024-07-02,"2024-07-02 14:03:13",14,Tue,2024-07,card,Americano,identified,ANON-0000-0000-0340,27.92,index_1
2024-07-02,"2024-07-02 16:31:24",16,Tue,2024-07,card,"Americano with Milk",identified,ANON-0000-0000-0341,32.82,index_1
2024-07-02,"2024-07-02 22:02:23",22,Tue,2024-07,card,"Americano with Milk",identified,ANON-0000-0000-0329,32.82,index_1
2024-07-03,"2024-07-03 13:51:14",13,Wed,2024-07,card,"Americano with Milk",identified,ANON-0000-0000-0012,32.82,index_1
2024-07-03,"2024-07-03 16:01:16",16,Wed,2024-07,card,Cappuccino,identified,ANON-0000-0000-0342,37.72,index_1
2024-07-03,"2024-07-03 16:50:25",16,Wed,2024-07,card,Cappuccino,identified,ANON-0000-0000-0343,37.72,index_1
2024-07-03,"2024-07-03 16:53:15",16,Wed,2024-07,card,"Americano with Milk",identified,ANON-0000-0000-0270,32.82,index_1
2024-07-03,"2024-07-03 16:54:22",16,Wed,2024-07,card,"Americano with Milk",identified,ANON-0000-0000-0344,32.82,index_1
2024-07-03,"2024-07-03 16:55:31",16,Wed,2024-07,card,Latte,identified,ANON-0000-0000-0270,37.72,index_1
2024-07-03,"2024-07-03 16:59:25",16,Wed,2024-07,card,Espresso,identified,ANON-0000-0000-0345,23.02,index_1
2024-07-03,"2024-07-03 17:59:01",17,Wed,2024-07,card,Cappuccino,identified,ANON-0000-0000-0346,37.72,index_1
2024-07-03,"2024-07-03 19:06:09",19,Wed,2024-07,card,Latte,identified,ANON-0000-0000-0009,37.72,index_1
2024-07-04,"2024-07-04 10:26:23",10,Thu,2024-07,card,"Americano with Milk",identified,ANON-0000-0000-0143,32.82,index_1
2024-07-04,"2024-07-04 10:27:30",10,Thu,2024-07,card,Americano,identified,ANON-0000-0000-0012,27.92,index_1
2024-07-05,"2024-07-05 12:20:28",12,Fri,2024-07,card,Cocoa,identified,ANON-0000-0000-0058,37.72,index_1
2024-07-05,"2024-07-05 13:43:43",13,Fri,2024-07,card,"Americano with Milk",identified,ANON-0000-0000-0040,32.82,index_1
2024-07-05,"2024-07-05 13:44:43",13,Fri,2024-07,card,"Americano with Milk",identified,ANON-0000-0000-0347,32.82,index_1
2024-07-05,"2024-07-05 18:55:56",18,Fri,2024-07,card,Espresso,identified,ANON-0000-0000-0348,23.02,index_1
2024-07-05,"2024-07-05 19:55:07",19,Fri,2024-07,card,Americano,identified,ANON-0000-0000-0099,27.92,index_1
2024-07-05,"2024-07-05 22:11:56",22,Fri,2024-07,card,Espresso,identified,ANON-0000-0000-0349,23.02,index_1
2024-07-05,"2024-07-05 22:18:03",22,Fri,2024-07,card,Americano,identified,ANON-0000-0000-0350,27.92,index_1
2024-07-05,"2024-07-05 22:18:56",22,Fri,2024-07,card,Americano,identified,ANON-0000-0000-0350,27.92,index_1
2024-07-05,"2024-07-05 22:20:01",22,Fri,2024-07,card,Cappuccino,identified,ANON-0000-0000-0351,37.72,index_1
2024-07-05,"2024-07-05 22:21:09",22,Fri,2024-07,card,"Americano with Milk",identified,ANON-0000-0000-0351,32.82,index_1
2024-07-06,"2024-07-06 10:28:06",10,Sat,2024-07,card,Latte,identified,ANON-0000-0000-0352,37.72,index_1
2024-07-06,"2024-07-06 17:15:46",17,Sat,2024-07,card,Latte,identified,ANON-0000-0000-0009,32.82,index_1
2024-07-06,"2024-07-06 17:17:01",17,Sat,2024-07,card,Latte,identified,ANON-0000-0000-0009,32.82,index_1
2024-07-06,"2024-07-06 19:09:46",19,Sat,2024-07,card,Latte,identified,ANON-0000-0000-0012,32.82,index_1
2024-07-06,"2024-07-06 19:10:39",19,Sat,2024-07,card,"Americano with Milk",identified,ANON-0000-0000-0012,27.92,index_1
2024-07-07,"2024-07-07 09:04:20",9,Sun,2024-07,card,Cappuccino,identified,ANON-0000-0000-0303,32.82,index_1
2024-07-07,"2024-07-07 09:14:29",9,Sun,2024-07,card,"Americano with Milk",identified,ANON-0000-0000-0353,27.92,index_1
2024-07-07,"2024-07-07 09:15:36",9,Sun,2024-07,card,"Americano with Milk",identified,ANON-0000-0000-0353,27.92,index_1
2024-07-07,"2024-07-07 09:28:48",9,Sun,2024-07,card,Cappuccino,identified,ANON-0000-0000-0354,32.82,index_1
2024-07-07,"2024-07-07 09:29:56",9,Sun,2024-07,card,Cappuccino,identified,ANON-0000-0000-0354,32.82,index_1
2024-07-07,"2024-07-07 14:56:30",14,Sun,2024-07,card,"Hot Chocolate",identified,ANON-0000-0000-0355,32.82,index_1
2024-07-07,"2024-07-07 14:57:47",14,Sun,2024-07,card,Cocoa,identified,ANON-0000-0000-0355,32.82,index_1
2024-07-07,"2024-07-07 17:07:50",17,Sun,2024-07,card,Latte,identified,ANON-0000-0000-0356,32.82,index_1
2024-07-07,"2024-07-07 19:33:27",19,Sun,2024-07,card,Cappuccino,identified,ANON-0000-0000-0357,32.82,index_1
2024-07-07,"2024-07-07 20:01:31",20,Sun,2024-07,card,"Hot Chocolate",identified,ANON-0000-0000-0358,32.82,index_1
2024-07-07,"2024-07-07 22:33:36",22,Sun,2024-07,card,"Americano with Milk",identified,ANON-0000-0000-0359,27.92,index_1
2024-07-08,"2024-07-08 07:33:07",7,Mon,2024-07,card,Latte,identified,ANON-0000-0000-0360,32.82,index_1
2024-07-08,"2024-07-08 12:02:50",12,Mon,2024-07,card,Americano,identified,ANON-0000-0000-0361,23.02,index_1
2024-07-08,"2024-07-08 14:40:24",14,Mon,2024-07,card,Americano,identified,ANON-0000-0000-0362,23.02,index_1
2024-07-08,"2024-07-08 19:30:34",19,Mon,2024-07,card,"Americano with Milk",identified,ANON-0000-0000-0363,27.92,index_1
2024-07-08,"2024-07-08 22:14:46",22,Mon,2024-07,card,Latte,identified,ANON-0000-0000-0019,32.82,index_1
2024-07-09,"2024-07-09 10:26:52",10,Tue,2024-07,card,"Americano with Milk",identified,ANON-0000-0000-0333,27.92,index_1
2024-07-09,"2024-07-09 10:40:28",10,Tue,2024-07,card,"Americano with Milk",identified,ANON-0000-0000-0276,27.92,index_1
2024-07-09,"2024-07-09 11:21:36",11,Tue,2024-07,card,"Americano with Milk",identified,ANON-0000-0000-0194,27.92,index_1
2024-07-09,"2024-07-09 11:22:49",11,Tue,2024-07,card,Cappuccino,identified,ANON-0000-0000-0194,32.82,index_1
2024-07-09,"2024-07-09 16:42:59",16,Tue,2024-07,card,"Americano with Milk",identified,ANON-0000-0000-0364,27.92,index_1
2024-07-10,"2024-07-10 11:10:41",11,Wed,2024-07,card,Americano,identified,ANON-0000-0000-0365,23.02,index_1
2024-07-10,"2024-07-10 12:28:53",12,Wed,2024-07,card,"Americano with Milk",identified,ANON-0000-0000-0366,27.92,index_1
2024-07-10,"2024-07-10 22:13:10",22,Wed,2024-07,card,Latte,identified,ANON-0000-0000-0328,32.82,index_1
2024-07-11,"2024-07-11 11:27:27",11,Thu,2024-07,card,"Hot Chocolate",identified,ANON-0000-0000-0367,32.82,index_1
2024-07-11,"2024-07-11 16:48:18",16,Thu,2024-07,card,"Americano with Milk",identified,ANON-0000-0000-0368,27.92,index_1
2024-07-11,"2024-07-11 22:22:13",22,Thu,2024-07,card,Latte,identified,ANON-0000-0000-0369,32.82,index_1
2024-07-11,"2024-07-11 22:30:58",22,Thu,2024-07,card,Americano,identified,ANON-0000-0000-0370,23.02,index_1
2024-07-12,"2024-07-12 08:03:17",8,Fri,2024-07,card,Cortado,identified,ANON-0000-0000-0371,23.02,index_1
2024-07-12,"2024-07-12 11:48:33",11,Fri,2024-07,card,"Hot Chocolate",identified,ANON-0000-0000-0372,32.82,index_1
2024-07-12,"2024-07-12 22:33:25",22,Fri,2024-07,card,"Hot Chocolate",identified,ANON-0000-0000-0178,32.82,index_1
2024-07-12,"2024-07-12 22:34:14",22,Fri,2024-07,card,"Hot Chocolate",identified,ANON-0000-0000-0177,32.82,index_1
2024-07-12,"2024-07-12 22:35:29",22,Fri,2024-07,card,"Hot Chocolate",identified,ANON-0000-0000-0179,32.82,index_1
2024-07-13,"2024-07-13 10:38:10",10,Sat,2024-07,card,Latte,identified,ANON-0000-0000-0365,32.82,index_1
2024-07-13,"2024-07-13 11:41:38",11,Sat,2024-07,card,Latte,identified,ANON-0000-0000-0365,32.82,index_1
2024-07-14,"2024-07-14 10:54:24",10,Sun,2024-07,card,Americano,identified,ANON-0000-0000-0373,23.02,index_1
2024-07-14,"2024-07-14 10:55:30",10,Sun,2024-07,card,"Americano with Milk",identified,ANON-0000-0000-0373,27.92,index_1
2024-07-14,"2024-07-14 10:56:30",10,Sun,2024-07,card,Cappuccino,identified,ANON-0000-0000-0373,32.82,index_1
2024-07-14,"2024-07-14 10:57:54",10,Sun,2024-07,card,Latte,identified,ANON-0000-0000-0374,32.82,index_1
2024-07-14,"2024-07-14 11:02:11",11,Sun,2024-07,card,Americano,identified,ANON-0000-0000-0375,23.02,index_1
2024-07-14,"2024-07-14 22:31:29",22,Sun,2024-07,card,Latte,identified,ANON-0000-0000-0376,32.82,index_1
2024-07-15,"2024-07-15 07:33:05",7,Mon,2024-07,card,Cappuccino,identified,ANON-0000-0000-0377,32.82,index_1
2024-07-16,"2024-07-16 12:23:37",12,Tue,2024-07,card,"Americano with Milk",identified,ANON-0000-0000-0378,27.92,index_1
2024-07-16,"2024-07-16 19:29:25",19,Tue,2024-07,card,"Hot Chocolate",identified,ANON-0000-0000-0367,32.82,index_1
2024-07-17,"2024-07-17 13:04:59",13,Wed,2024-07,card,"Americano with Milk",identified,ANON-0000-0000-0379,27.92,index_1
2024-07-18,"2024-07-18 11:10:13",11,Thu,2024-07,card,"Americano with Milk",identified,ANON-0000-0000-0380,27.92,index_1
2024-07-18,"2024-07-18 11:11:23",11,Thu,2024-07,card,Espresso,identified,ANON-0000-0000-0381,18.12,index_1
2024-07-18,"2024-07-18 11:32:59",11,Thu,2024-07,card,Americano,identified,ANON-0000-0000-0059,23.02,index_1
2024-07-18,"2024-07-18 11:34:48",11,Thu,2024-07,card,Americano,identified,ANON-0000-0000-0059,23.02,index_1
2024-07-18,"2024-07-18 11:35:51",11,Thu,2024-07,card,Cortado,identified,ANON-0000-0000-0059,23.02,index_1
2024-07-18,"2024-07-18 13:23:33",13,Thu,2024-07,card,Latte,identified,ANON-0000-0000-0375,32.82,index_1
2024-07-18,"2024-07-18 18:18:23",18,Thu,2024-07,card,Cappuccino,identified,ANON-0000-0000-0382,32.82,index_1
2024-07-18,"2024-07-18 19:30:50",19,Thu,2024-07,card,Latte,identified,ANON-0000-0000-0009,32.82,index_1
2024-07-18,"2024-07-18 21:19:41",21,Thu,2024-07,card,"Hot Chocolate",identified,ANON-0000-0000-0383,32.82,index_1
2024-07-18,"2024-07-18 21:21:59",21,Thu,2024-07,card,Latte,identified,ANON-0000-0000-0383,32.82,index_1
2024-07-18,"2024-07-18 21:46:18",21,Thu,2024-07,card,Latte,identified,ANON-0000-0000-0384,32.82,index_1
2024-07-19,"2024-07-19 11:03:02",11,Fri,2024-07,card,Americano,identified,ANON-0000-0000-0375,23.02,index_1
2024-07-19,"2024-07-19 11:16:20",11,Fri,2024-07,card,"Americano with Milk",identified,ANON-0000-0000-0385,27.92,index_1
2024-07-19,"2024-07-19 12:58:37",12,Fri,2024-07,card,Latte,identified,ANON-0000-0000-0386,32.82,index_1
2024-07-19,"2024-07-19 12:59:55",12,Fri,2024-07,card,"Americano with Milk",identified,ANON-0000-0000-0386,27.92,index_1
2024-07-19,"2024-07-19 14:09:20",14,Fri,2024-07,card,Latte,identified,ANON-0000-0000-0384,32.82,index_1
2024-07-19,"2024-07-19 14:11:22",14,Fri,2024-07,card,Cocoa,identified,ANON-0000-0000-0384,32.82,index_1
2024-07-19,"2024-07-19 16:36:19",16,Fri,2024-07,card,Latte,identified,ANON-0000-0000-0384,32.82,index_1
2024-07-19,"2024-07-19 16:37:35",16,Fri,2024-07,card,Latte,identified,ANON-0000-0000-0384,32.82,index_1
2024-07-20,"2024-07-20 08:05:44",8,Sat,2024-07,card,Americano,identified,ANON-0000-0000-0387,23.02,index_1
2024-07-20,"2024-07-20 08:06:48",8,Sat,2024-07,card,Latte,identified,ANON-0000-0000-0387,32.82,index_1
2024-07-20,"2024-07-20 08:07:51",8,Sat,2024-07,card,Americano,identified,ANON-0000-0000-0387,23.02,index_1
2024-07-20,"2024-07-20 09:00:53",9,Sat,2024-07,card,Latte,identified,ANON-0000-0000-0388,32.82,index_1
2024-07-20,"2024-07-20 09:02:27",9,Sat,2024-07,card,Latte,identified,ANON-0000-0000-0389,32.82,index_1
2024-07-20,"2024-07-20 10:39:21",10,Sat,2024-07,card,Americano,identified,ANON-0000-0000-0390,23.02,index_1
2024-07-20,"2024-07-20 15:15:09",15,Sat,2024-07,card,Latte,identified,ANON-0000-0000-0391,32.82,index_1
2024-07-21,"2024-07-21 10:30:55",10,Sun,2024-07,card,Cocoa,identified,ANON-0000-0000-0367,32.82,index_1
2024-07-21,"2024-07-21 11:39:28",11,Sun,2024-07,card,Cappuccino,identified,ANON-0000-0000-0392,32.82,index_1
2024-07-21,"2024-07-21 13:34:30",13,Sun,2024-07,card,Cortado,identified,ANON-0000-0000-0393,23.02,index_1
2024-07-21,"2024-07-21 13:42:31",13,Sun,2024-07,card,Latte,identified,ANON-0000-0000-0394,32.82,index_1
2024-07-22,"2024-07-22 08:13:23",8,Mon,2024-07,card,Americano,identified,ANON-0000-0000-0375,23.02,index_1
2024-07-22,"2024-07-22 08:40:49",8,Mon,2024-07,card,Americano,identified,ANON-0000-0000-0395,23.02,index_1
2024-07-22,"2024-07-22 10:15:37",10,Mon,2024-07,card,"Americano with Milk",identified,ANON-0000-0000-0385,27.92,index_1
2024-07-22,"2024-07-22 16:44:37",16,Mon,2024-07,card,Latte,identified,ANON-0000-0000-0396,32.82,index_1
2024-07-23,"2024-07-23 08:12:56",8,Tue,2024-07,card,Latte,identified,ANON-0000-0000-0197,32.82,index_1
2024-07-23,"2024-07-23 08:40:18",8,Tue,2024-07,card,Americano,identified,ANON-0000-0000-0395,23.02,index_1
2024-07-23,"2024-07-23 08:44:53",8,Tue,2024-07,card,"Americano with Milk",identified,ANON-0000-0000-0397,27.92,index_1
2024-07-23,"2024-07-23 08:49:25",8,Tue,2024-07,card,Cocoa,identified,ANON-0000-0000-0398,32.82,index_1
2024-07-23,"2024-07-23 08:51:10",8,Tue,2024-07,card,Latte,identified,ANON-0000-0000-0399,32.82,index_1
2024-07-23,"2024-07-23 09:01:45",9,Tue,2024-07,card,Americano,identified,ANON-0000-0000-0375,23.02,index_1
2024-07-23,"2024-07-23 10:03:36",10,Tue,2024-07,card,"Americano with Milk",identified,ANON-0000-0000-0400,27.92,index_1
2024-07-23,"2024-07-23 15:20:04",15,Tue,2024-07,card,"Americano with Milk",identified,ANON-0000-0000-0401,27.92,index_1
2024-07-23,"2024-07-23 15:21:01",15,Tue,2024-07,card,Latte,identified,ANON-0000-0000-0401,32.82,index_1
2024-07-23,"2024-07-23 21:01:40",21,Tue,2024-07,card,Latte,identified,ANON-0000-0000-0009,32.82,index_1
2024-07-23,"2024-07-23 21:23:13",21,Tue,2024-07,card,Americano,identified,ANON-0000-0000-0012,23.02,index_1
2024-07-23,"2024-07-23 21:24:22",21,Tue,2024-07,card,Americano,identified,ANON-0000-0000-0012,23.02,index_1
2024-07-24,"2024-07-24 09:16:09",9,Wed,2024-07,card,"Americano with Milk",identified,ANON-0000-0000-0097,27.92,index_1
2024-07-24,"2024-07-24 09:38:55",9,Wed,2024-07,card,"Americano with Milk",identified,ANON-0000-0000-0385,27.92,index_1
2024-07-24,"2024-07-24 09:54:37",9,Wed,2024-07,card,Espresso,identified,ANON-0000-0000-0402,18.12,index_1
2024-07-24,"2024-07-24 11:43:53",11,Wed,2024-07,card,Cappuccino,identified,ANON-0000-0000-0379,32.82,index_1
2024-07-24,"2024-07-24 13:55:13",13,Wed,2024-07,card,Latte,identified,ANON-0000-0000-0399,32.82,index_1
2024-07-24,"2024-07-24 14:45:49",14,Wed,2024-07,card,Espresso,identified,ANON-0000-0000-0012,18.12,index_1
2024-07-24,"2024-07-24 15:18:30",15,Wed,2024-07,card,Latte,identified,ANON-0000-0000-0009,32.82,index_1
2024-07-24,"2024-07-24 19:15:05",19,Wed,2024-07,card,Cappuccino,identified,ANON-0000-0000-0205,32.82,index_1
2024-07-24,"2024-07-24 19:16:59",19,Wed,2024-07,card,Cappuccino,identified,ANON-0000-0000-0205,32.82,index_1
2024-07-24,"2024-07-24 21:17:36",21,Wed,2024-07,card,"Americano with Milk",identified,ANON-0000-0000-0040,27.92,index_1
2024-07-24,"2024-07-24 21:18:41",21,Wed,2024-07,card,Americano,identified,ANON-0000-0000-0040,23.02,index_1
2024-07-24,"2024-07-24 21:25:17",21,Wed,2024-07,card,Americano,identified,ANON-0000-0000-0012,23.02,index_1
2024-07-25,"2024-07-25 07:54:47",7,Thu,2024-07,card,Americano,identified,ANON-0000-0000-0012,23.02,index_1
2024-07-25,"2024-07-25 08:49:18",8,Thu,2024-07,card,Latte,identified,ANON-0000-0000-0399,32.82,index_1
2024-07-25,"2024-07-25 10:29:44",10,Thu,2024-07,card,"Americano with Milk",identified,ANON-0000-0000-0385,27.92,index_1
2024-07-25,"2024-07-25 11:26:04",11,Thu,2024-07,card,Americano,identified,ANON-0000-0000-0375,23.02,index_1
2024-07-25,"2024-07-25 15:25:06",15,Thu,2024-07,card,Cappuccino,identified,ANON-0000-0000-0403,32.82,index_1
2024-07-25,"2024-07-25 19:21:00",19,Thu,2024-07,card,Cappuccino,identified,ANON-0000-0000-0257,32.82,index_1
2024-07-25,"2024-07-25 21:06:01",21,Thu,2024-07,card,Cortado,identified,ANON-0000-0000-0404,23.02,index_1
2024-07-25,"2024-07-25 21:06:50",21,Thu,2024-07,card,Espresso,identified,ANON-0000-0000-0404,18.12,index_1
2024-07-25,"2024-07-25 22:38:51",22,Thu,2024-07,card,Cortado,identified,ANON-0000-0000-0328,23.02,index_1
2024-07-25,"2024-07-25 22:39:46",22,Thu,2024-07,card,Cocoa,identified,ANON-0000-0000-0405,32.82,index_1
2024-07-26,"2024-07-26 08:33:01",8,Fri,2024-07,card,Latte,identified,ANON-0000-0000-0406,32.82,index_1
2024-07-26,"2024-07-26 09:19:37",9,Fri,2024-07,card,"Americano with Milk",identified,ANON-0000-0000-0097,27.92,index_1
2024-07-26,"2024-07-26 09:20:34",9,Fri,2024-07,card,Espresso,identified,ANON-0000-0000-0059,18.12,index_1
2024-07-26,"2024-07-26 09:33:11",9,Fri,2024-07,card,Cortado,identified,ANON-0000-0000-0407,23.02,index_1
2024-07-26,"2024-07-26 09:34:16",9,Fri,2024-07,card,Cortado,identified,ANON-0000-0000-0407,23.02,index_1
2024-07-26,"2024-07-26 09:59:07",9,Fri,2024-07,card,Latte,identified,ANON-0000-0000-0408,32.82,index_1
2024-07-26,"2024-07-26 10:00:02",10,Fri,2024-07,card,Latte,identified,ANON-0000-0000-0408,32.82,index_1
2024-07-26,"2024-07-26 11:47:13",11,Fri,2024-07,card,"Americano with Milk",identified,ANON-0000-0000-0385,27.92,index_1
2024-07-26,"2024-07-26 12:07:01",12,Fri,2024-07,card,"Americano with Milk",identified,ANON-0000-0000-0379,27.92,index_1
2024-07-26,"2024-07-26 12:28:08",12,Fri,2024-07,card,Cappuccino,identified,ANON-0000-0000-0339,32.82,index_1
2024-07-26,"2024-07-26 12:29:17",12,Fri,2024-07,card,Cappuccino,identified,ANON-0000-0000-0339,32.82,index_1
2024-07-26,"2024-07-26 13:09:56",13,Fri,2024-07,card,Latte,identified,ANON-0000-0000-0409,32.82,index_1
2024-07-26,"2024-07-26 17:23:29",17,Fri,2024-07,card,Americano,identified,ANON-0000-0000-0410,23.02,index_1
2024-07-26,"2024-07-26 17:58:29",17,Fri,2024-07,card,Cappuccino,identified,ANON-0000-0000-0411,32.82,index_1
2024-07-26,"2024-07-26 21:15:09",21,Fri,2024-07,card,Latte,identified,ANON-0000-0000-0009,32.82,index_1
2024-07-26,"2024-07-26 22:49:52",22,Fri,2024-07,card,"Americano with Milk",identified,ANON-0000-0000-0412,27.92,index_1
2024-07-27,"2024-07-27 09:09:16",9,Sat,2024-07,card,Cappuccino,identified,ANON-0000-0000-0097,32.82,index_1
2024-07-27,"2024-07-27 11:55:31",11,Sat,2024-07,card,"Americano with Milk",identified,ANON-0000-0000-0413,27.92,index_1
2024-07-27,"2024-07-27 12:25:10",12,Sat,2024-07,card,"Americano with Milk",identified,ANON-0000-0000-0059,27.92,index_1
2024-07-27,"2024-07-27 12:26:13",12,Sat,2024-07,card,Espresso,identified,ANON-0000-0000-0040,18.12,index_1
2024-07-27,"2024-07-27 12:33:23",12,Sat,2024-07,card,"Americano with Milk",identified,ANON-0000-0000-0059,27.92,index_1
2024-07-27,"2024-07-27 14:28:41",14,Sat,2024-07,card,Espresso,identified,ANON-0000-0000-0225,18.12,index_1
2024-07-27,"2024-07-27 14:51:53",14,Sat,2024-07,card,Latte,identified,ANON-0000-0000-0077,32.82,index_1
2024-07-27,"2024-07-27 17:02:33",17,Sat,2024-07,card,Cappuccino,identified,ANON-0000-0000-0414,32.82,index_1
2024-07-27,"2024-07-27 17:03:39",17,Sat,2024-07,card,Cappuccino,identified,ANON-0000-0000-0415,32.82,index_1
2024-07-27,"2024-07-27 17:09:00",17,Sat,2024-07,card,"Americano with Milk",identified,ANON-0000-0000-0416,27.92,index_1
2024-07-27,"2024-07-27 17:10:08",17,Sat,2024-07,card,"Americano with Milk",identified,ANON-0000-0000-0416,27.92,index_1
2024-07-27,"2024-07-27 20:55:20",20,Sat,2024-07,card,Latte,identified,ANON-0000-0000-0009,32.82,index_1
2024-07-27,"2024-07-27 22:56:23",22,Sat,2024-07,card,Cappuccino,identified,ANON-0000-0000-0417,32.82,index_1
2024-07-28,"2024-07-28 11:07:25",11,Sun,2024-07,card,Espresso,identified,ANON-0000-0000-0012,18.12,index_1
2024-07-28,"2024-07-28 14:17:54",14,Sun,2024-07,card,"Americano with Milk",identified,ANON-0000-0000-0276,27.92,index_1
2024-07-28,"2024-07-28 14:18:52",14,Sun,2024-07,card,Latte,identified,ANON-0000-0000-0276,32.82,index_1
2024-07-29,"2024-07-29 08:12:06",8,Mon,2024-07,card,Latte,identified,ANON-0000-0000-0418,32.82,index_1
2024-07-29,"2024-07-29 09:04:47",9,Mon,2024-07,card,Americano,identified,ANON-0000-0000-0012,23.02,index_1
2024-07-29,"2024-07-29 09:15:46",9,Mon,2024-07,card,"Americano with Milk",identified,ANON-0000-0000-0097,27.92,index_1
2024-07-29,"2024-07-29 09:19:44",9,Mon,2024-07,card,Americano,identified,ANON-0000-0000-0003,23.02,index_1
2024-07-29,"2024-07-29 09:51:24",9,Mon,2024-07,card,"Americano with Milk",identified,ANON-0000-0000-0419,27.92,index_1
2024-07-29,"2024-07-29 09:58:29",9,Mon,2024-07,card,Cappuccino,identified,ANON-0000-0000-0420,32.82,index_1
2024-07-29,"2024-07-29 10:43:43",10,Mon,2024-07,card,"Hot Chocolate",identified,ANON-0000-0000-0421,32.82,index_1
2024-07-29,"2024-07-29 10:44:55",10,Mon,2024-07,card,"Hot Chocolate",identified,ANON-0000-0000-0421,32.82,index_1
2024-07-29,"2024-07-29 19:06:31",19,Mon,2024-07,card,Cappuccino,identified,ANON-0000-0000-0422,32.82,index_1
2024-07-29,"2024-07-29 19:30:16",19,Mon,2024-07,card,Americano,identified,ANON-0000-0000-0099,23.02,index_1
2024-07-29,"2024-07-29 21:57:34",21,Mon,2024-07,card,Cocoa,identified,ANON-0000-0000-0328,32.82,index_1
2024-07-30,"2024-07-30 07:41:10",7,Tue,2024-07,card,"Americano with Milk",identified,ANON-0000-0000-0423,27.92,index_1
2024-07-30,"2024-07-30 08:05:07",8,Tue,2024-07,card,Cortado,identified,ANON-0000-0000-0424,23.02,index_1
2024-07-30,"2024-07-30 08:20:51",8,Tue,2024-07,card,Cappuccino,identified,ANON-0000-0000-0425,32.82,index_1
2024-07-30,"2024-07-30 09:13:43",9,Tue,2024-07,card,"Americano with Milk",identified,ANON-0000-0000-0097,27.92,index_1
2024-07-30,"2024-07-30 10:17:11",10,Tue,2024-07,card,Cortado,identified,ANON-0000-0000-0141,23.02,index_1
2024-07-30,"2024-07-30 10:19:34",10,Tue,2024-07,card,"Americano with Milk",identified,ANON-0000-0000-0276,27.92,index_1
2024-07-30,"2024-07-30 10:23:20",10,Tue,2024-07,card,Latte,identified,ANON-0000-0000-0250,32.82,index_1
2024-07-30,"2024-07-30 11:12:07",11,Tue,2024-07,card,Americano,identified,ANON-0000-0000-0426,23.02,index_1
2024-07-30,"2024-07-30 11:13:16",11,Tue,2024-07,card,Espresso,identified,ANON-0000-0000-0426,18.12,index_1
2024-07-30,"2024-07-30 11:14:41",11,Tue,2024-07,card,"Americano with Milk",identified,ANON-0000-0000-0427,27.92,index_1
2024-07-30,"2024-07-30 11:16:01",11,Tue,2024-07,card,"Americano with Milk",identified,ANON-0000-0000-0428,27.92,index_1
2024-07-30,"2024-07-30 11:30:34",11,Tue,2024-07,card,"Americano with Milk",identified,ANON-0000-0000-0429,27.92,index_1
2024-07-30,"2024-07-30 11:31:40",11,Tue,2024-07,card,"Americano with Milk",identified,ANON-0000-0000-0430,27.92,index_1
2024-07-30,"2024-07-30 12:08:07",12,Tue,2024-07,card,Latte,identified,ANON-0000-0000-0431,32.82,index_1
2024-07-30,"2024-07-30 15:16:09",15,Tue,2024-07,card,"Americano with Milk",identified,ANON-0000-0000-0432,27.92,index_1
2024-07-30,"2024-07-30 16:08:52",16,Tue,2024-07,card,Cortado,identified,ANON-0000-0000-0433,23.02,index_1
2024-07-30,"2024-07-30 16:09:43",16,Tue,2024-07,card,"Americano with Milk",identified,ANON-0000-0000-0433,27.92,index_1
2024-07-30,"2024-07-30 20:24:19",20,Tue,2024-07,card,Espresso,identified,ANON-0000-0000-0434,18.12,index_1
2024-07-30,"2024-07-30 20:53:51",20,Tue,2024-07,card,"Americano with Milk",identified,ANON-0000-0000-0097,27.92,index_1
2024-07-30,"2024-07-30 20:54:46",20,Tue,2024-07,card,"Americano with Milk",identified,ANON-0000-0000-0097,27.92,index_1
2024-07-30,"2024-07-30 20:57:02",20,Tue,2024-07,card,"Americano with Milk",identified,ANON-0000-0000-0347,27.92,index_1
2024-07-30,"2024-07-30 21:33:19",21,Tue,2024-07,card,Latte,identified,ANON-0000-0000-0435,32.82,index_1
2024-07-30,"2024-07-30 22:15:21",22,Tue,2024-07,card,Americano,identified,ANON-0000-0000-0436,23.02,index_1
2024-07-30,"2024-07-30 22:16:19",22,Tue,2024-07,card,Cappuccino,identified,ANON-0000-0000-0436,32.82,index_1
2024-07-31,"2024-07-31 07:59:52",7,Wed,2024-07,card,"Americano with Milk",identified,ANON-0000-0000-0423,27.92,index_1
2024-07-31,"2024-07-31 08:37:41",8,Wed,2024-07,card,"Americano with Milk",identified,ANON-0000-0000-0437,27.92,index_1
2024-07-31,"2024-07-31 08:38:38",8,Wed,2024-07,card,"Americano with Milk",identified,ANON-0000-0000-0437,27.92,index_1
2024-07-31,"2024-07-31 09:54:45",9,Wed,2024-07,card,Americano,identified,ANON-0000-0000-0388,23.02,index_1
2024-07-31,"2024-07-31 09:55:45",9,Wed,2024-07,card,Americano,identified,ANON-0000-0000-0388,23.02,index_1
2024-07-31,"2024-07-31 09:58:15",9,Wed,2024-07,card,"Americano with Milk",identified,ANON-0000-0000-0276,27.92,index_1
2024-07-31,"2024-07-31 13:11:42",13,Wed,2024-07,card,Cocoa,identified,ANON-0000-0000-0384,32.82,index_1
2024-07-31,"2024-07-31 13:14:00",13,Wed,2024-07,card,Latte,identified,ANON-0000-0000-0384,32.82,index_1
2024-07-31,"2024-07-31 13:24:49",13,Wed,2024-07,card,"Americano with Milk",identified,ANON-0000-0000-0438,27.92,index_1
2024-07-31,"2024-07-31 17:48:06",17,Wed,2024-07,card,Cortado,identified,ANON-0000-0000-0439,23.02,index_1
2024-07-31,"2024-07-31 18:04:14",18,Wed,2024-07,card,Latte,identified,ANON-0000-0000-0440,32.82,index_1
2024-07-31,"2024-07-31 19:22:38",19,Wed,2024-07,card,Cortado,identified,ANON-0000-0000-0441,23.02,index_1
2024-07-31,"2024-07-31 19:28:45",19,Wed,2024-07,card,Latte,identified,ANON-0000-0000-0009,32.82,index_1
2024-07-31,"2024-07-31 20:46:42",20,Wed,2024-07,card,Cocoa,identified,ANON-0000-0000-0442,32.82,index_1
2024-07-31,"2024-07-31 20:50:07",20,Wed,2024-07,card,Cortado,identified,ANON-0000-0000-0443,23.02,index_1
2024-07-31,"2024-07-31 20:51:10",20,Wed,2024-07,card,Latte,identified,ANON-0000-0000-0443,32.82,index_1
2024-07-31,"2024-07-31 20:52:14",20,Wed,2024-07,card,Cappuccino,identified,ANON-0000-0000-0153,32.82,index_1
2024-07-31,"2024-07-31 20:53:35",20,Wed,2024-07,card,Cortado,identified,ANON-0000-0000-0443,23.02,index_1
2024-07-31,"2024-07-31 20:59:25",20,Wed,2024-07,card,"Americano with Milk",identified,ANON-0000-0000-0040,27.92,index_1
2024-07-31,"2024-07-31 21:26:26",21,Wed,2024-07,card,Latte,identified,ANON-0000-0000-0444,32.82,index_1
2024-07-31,"2024-07-31 21:54:11",21,Wed,2024-07,card,Latte,identified,ANON-0000-0000-0445,32.82,index_1
2024-07-31,"2024-07-31 21:55:16",21,Wed,2024-07,card,Latte,identified,ANON-0000-0000-0446,32.82,index_1
2024-08-01,"2024-08-01 07:31:00",7,Thu,2024-08,card,"Americano with Milk",identified,ANON-0000-0000-0423,27.92,index_1
2024-08-01,"2024-08-01 09:25:20",9,Thu,2024-08,card,"Americano with Milk",identified,ANON-0000-0000-0276,27.92,index_1
2024-08-01,"2024-08-01 11:04:14",11,Thu,2024-08,card,"Americano with Milk",identified,ANON-0000-0000-0097,27.92,index_1
2024-08-01,"2024-08-01 11:22:46",11,Thu,2024-08,card,"Americano with Milk",identified,ANON-0000-0000-0447,27.92,index_1
2024-08-01,"2024-08-01 13:22:46",13,Thu,2024-08,card,Cortado,identified,ANON-0000-0000-0448,23.02,index_1
2024-08-01,"2024-08-01 13:23:37",13,Thu,2024-08,card,Cappuccino,identified,ANON-0000-0000-0448,32.82,index_1
2024-08-01,"2024-08-01 13:49:07",13,Thu,2024-08,card,Cappuccino,identified,ANON-0000-0000-0449,32.82,index_1
2024-08-01,"2024-08-01 15:43:43",15,Thu,2024-08,card,"Americano with Milk",identified,ANON-0000-0000-0423,27.92,index_1
2024-08-01,"2024-08-01 16:24:00",16,Thu,2024-08,card,"Americano with Milk",identified,ANON-0000-0000-0450,27.92,index_1
2024-08-01,"2024-08-01 16:26:07",16,Thu,2024-08,card,Americano,identified,ANON-0000-0000-0450,23.02,index_1
2024-08-01,"2024-08-01 17:23:35",17,Thu,2024-08,card,Americano,identified,ANON-0000-0000-0451,23.02,index_1
2024-08-01,"2024-08-01 20:41:28",20,Thu,2024-08,card,Cappuccino,identified,ANON-0000-0000-0452,32.82,index_1
2024-08-02,"2024-08-02 09:01:54",9,Fri,2024-08,card,"Americano with Milk",identified,ANON-0000-0000-0453,27.92,index_1
2024-08-02,"2024-08-02 09:35:02",9,Fri,2024-08,card,"Americano with Milk",identified,ANON-0000-0000-0097,27.92,index_1
2024-08-02,"2024-08-02 11:09:19",11,Fri,2024-08,card,Cortado,identified,ANON-0000-0000-0141,23.02,index_1
2024-08-02,"2024-08-02 18:08:35",18,Fri,2024-08,card,"Americano with Milk",identified,ANON-0000-0000-0454,27.92,index_1
2024-08-02,"2024-08-02 21:23:04",21,Fri,2024-08,card,Latte,identified,ANON-0000-0000-0009,32.82,index_1
2024-08-03,"2024-08-03 08:53:46",8,Sat,2024-08,card,"Americano with Milk",identified,ANON-0000-0000-0097,27.92,index_1
2024-08-03,"2024-08-03 09:37:19",9,Sat,2024-08,card,"Americano with Milk",identified,ANON-0000-0000-0401,27.92,index_1
2024-08-03,"2024-08-03 09:38:41",9,Sat,2024-08,card,"Americano with Milk",identified,ANON-0000-0000-0401,27.92,index_1
2024-08-03,"2024-08-03 10:12:25",10,Sat,2024-08,card,"Americano with Milk",identified,ANON-0000-0000-0304,27.92,index_1
2024-08-03,"2024-08-03 11:20:26",11,Sat,2024-08,card,Cortado,identified,ANON-0000-0000-0455,23.02,index_1
2024-08-03,"2024-08-03 11:21:22",11,Sat,2024-08,card,Cortado,identified,ANON-0000-0000-0455,23.02,index_1
2024-08-03,"2024-08-03 11:56:36",11,Sat,2024-08,card,Espresso,identified,ANON-0000-0000-0040,18.12,index_1
2024-08-03,"2024-08-03 11:57:31",11,Sat,2024-08,card,"Americano with Milk",identified,ANON-0000-0000-0040,27.92,index_1
2024-08-03,"2024-08-03 12:03:35",12,Sat,2024-08,card,"Americano with Milk",identified,ANON-0000-0000-0040,27.92,index_1
2024-08-03,"2024-08-03 16:53:59",16,Sat,2024-08,card,"Americano with Milk",identified,ANON-0000-0000-0322,27.92,index_1
2024-08-03,"2024-08-03 18:38:42",18,Sat,2024-08,card,Cappuccino,identified,ANON-0000-0000-0456,32.82,index_1
2024-08-03,"2024-08-03 21:30:48",21,Sat,2024-08,card,Latte,identified,ANON-0000-0000-0457,32.82,index_1
2024-08-03,"2024-08-03 21:33:06",21,Sat,2024-08,card,Latte,identified,ANON-0000-0000-0457,32.82,index_1
2024-08-04,"2024-08-04 08:18:37",8,Sun,2024-08,card,Cappuccino,identified,ANON-0000-0000-0458,32.82,index_1
2024-08-04,"2024-08-04 10:37:51",10,Sun,2024-08,card,"Americano with Milk",identified,ANON-0000-0000-0040,27.92,index_1
2024-08-04,"2024-08-04 11:50:54",11,Sun,2024-08,card,Cappuccino,identified,ANON-0000-0000-0258,32.82,index_1
2024-08-04,"2024-08-04 11:52:33",11,Sun,2024-08,card,"Americano with Milk",identified,ANON-0000-0000-0258,27.92,index_1
2024-08-04,"2024-08-04 15:33:52",15,Sun,2024-08,card,Cappuccino,identified,ANON-0000-0000-0268,32.82,index_1
2024-08-04,"2024-08-04 15:35:05",15,Sun,2024-08,card,Cappuccino,identified,ANON-0000-0000-0268,32.82,index_1
2024-08-05,"2024-08-05 08:50:05",8,Mon,2024-08,card,Cortado,identified,ANON-0000-0000-0459,23.02,index_1
2024-08-05,"2024-08-05 09:19:19",9,Mon,2024-08,card,"Americano with Milk",identified,ANON-0000-0000-0097,27.92,index_1
2024-08-05,"2024-08-05 11:20:47",11,Mon,2024-08,card,Cortado,identified,ANON-0000-0000-0375,23.02,index_1
2024-08-05,"2024-08-05 13:45:22",13,Mon,2024-08,card,Cappuccino,identified,ANON-0000-0000-0460,32.82,index_1
2024-08-05,"2024-08-05 16:05:57",16,Mon,2024-08,card,Latte,identified,ANON-0000-0000-0461,32.82,index_1
2024-08-05,"2024-08-05 16:07:18",16,Mon,2024-08,card,Latte,identified,ANON-0000-0000-0461,32.82,index_1
2024-08-05,"2024-08-05 17:44:24",17,Mon,2024-08,card,Latte,identified,ANON-0000-0000-0462,32.82,index_1
2024-08-05,"2024-08-05 17:45:32",17,Mon,2024-08,card,"Americano with Milk",identified,ANON-0000-0000-0462,27.92,index_1
2024-08-05,"2024-08-05 19:20:02",19,Mon,2024-08,card,Latte,identified,ANON-0000-0000-0019,32.82,index_1
2024-08-05,"2024-08-05 19:34:51",19,Mon,2024-08,card,Latte,identified,ANON-0000-0000-0009,32.82,index_1
2024-08-05,"2024-08-05 20:49:30",20,Mon,2024-08,card,Cocoa,identified,ANON-0000-0000-0463,32.82,index_1
2024-08-05,"2024-08-05 20:50:21",20,Mon,2024-08,card,Cocoa,identified,ANON-0000-0000-0463,32.82,index_1
2024-08-05,"2024-08-05 22:43:48",22,Mon,2024-08,card,"Americano with Milk",identified,ANON-0000-0000-0464,27.92,index_1
2024-08-06,"2024-08-06 10:21:03",10,Tue,2024-08,card,Cortado,identified,ANON-0000-0000-0375,23.02,index_1
2024-08-06,"2024-08-06 10:32:32",10,Tue,2024-08,card,"Hot Chocolate",identified,ANON-0000-0000-0465,32.82,index_1
2024-08-06,"2024-08-06 17:40:49",17,Tue,2024-08,card,Cappuccino,identified,ANON-0000-0000-0466,32.82,index_1
2024-08-06,"2024-08-06 17:42:52",17,Tue,2024-08,card,Latte,identified,ANON-0000-0000-0466,32.82,index_1
2024-08-06,"2024-08-06 17:44:05",17,Tue,2024-08,card,Cocoa,identified,ANON-0000-0000-0466,32.82,index_1
2024-08-06,"2024-08-06 19:04:04",19,Tue,2024-08,card,Latte,identified,ANON-0000-0000-0019,32.82,index_1
2024-08-06,"2024-08-06 19:05:23",19,Tue,2024-08,card,"Americano with Milk",identified,ANON-0000-0000-0467,27.92,index_1
2024-08-06,"2024-08-06 20:04:27",20,Tue,2024-08,card,Latte,identified,ANON-0000-0000-0468,32.82,index_1
2024-08-07,"2024-08-07 08:55:48",8,Wed,2024-08,card,"Americano with Milk",identified,ANON-0000-0000-0453,27.92,index_1
2024-08-07,"2024-08-07 12:12:26",12,Wed,2024-08,card,Americano,identified,ANON-0000-0000-0003,23.02,index_1
2024-08-07,"2024-08-07 12:13:40",12,Wed,2024-08,card,Americano,identified,ANON-0000-0000-0003,23.02,index_1
2024-08-07,"2024-08-07 13:11:16",13,Wed,2024-08,card,Espresso,identified,ANON-0000-0000-0469,18.12,index_1
2024-08-07,"2024-08-07 16:19:01",16,Wed,2024-08,card,Americano,identified,ANON-0000-0000-0470,23.02,index_1
2024-08-07,"2024-08-07 19:36:22",19,Wed,2024-08,card,Latte,identified,ANON-0000-0000-0009,32.82,index_1
2024-08-07,"2024-08-07 20:40:09",20,Wed,2024-08,card,Cocoa,identified,ANON-0000-0000-0442,32.82,index_1
2024-08-07,"2024-08-07 21:18:11",21,Wed,2024-08,card,Cappuccino,identified,ANON-0000-0000-0328,32.82,index_1
2024-08-07,"2024-08-07 22:28:56",22,Wed,2024-08,card,Latte,identified,ANON-0000-0000-0471,32.82,index_1
2024-08-07,"2024-08-07 22:32:15",22,Wed,2024-08,card,Latte,identified,ANON-0000-0000-0472,32.82,index_1
2024-08-08,"2024-08-08 08:46:36",8,Thu,2024-08,card,Espresso,identified,ANON-0000-0000-0141,18.12,index_1
2024-08-08,"2024-08-08 08:47:28",8,Thu,2024-08,card,Cortado,identified,ANON-0000-0000-0141,23.02,index_1
2024-08-08,"2024-08-08 12:27:05",12,Thu,2024-08,card,"Americano with Milk",identified,ANON-0000-0000-0420,27.92,index_1
2024-08-08,"2024-08-08 12:43:19",12,Thu,2024-08,card,Cortado,identified,ANON-0000-0000-0141,23.02,index_1
2024-08-08,"2024-08-08 12:44:14",12,Thu,2024-08,card,Cortado,identified,ANON-0000-0000-0141,23.02,index_1
2024-08-08,"2024-08-08 16:57:53",16,Thu,2024-08,card,Cappuccino,identified,ANON-0000-0000-0473,32.82,index_1
2024-08-08,"2024-08-08 17:17:51",17,Thu,2024-08,card,Cappuccino,identified,ANON-0000-0000-0474,32.82,index_1
2024-08-08,"2024-08-08 21:25:59",21,Thu,2024-08,card,"Americano with Milk",identified,ANON-0000-0000-0311,27.92,index_1
2024-08-09,"2024-08-09 07:35:22",7,Fri,2024-08,card,Latte,identified,ANON-0000-0000-0475,32.82,index_1
2024-08-09,"2024-08-09 09:53:34",9,Fri,2024-08,card,Americano,identified,ANON-0000-0000-0476,23.02,index_1
2024-08-09,"2024-08-09 10:13:07",10,Fri,2024-08,card,Cortado,identified,ANON-0000-0000-0141,23.02,index_1
2024-08-09,"2024-08-09 10:26:47",10,Fri,2024-08,card,"Americano with Milk",identified,ANON-0000-0000-0311,27.92,index_1
2024-08-09,"2024-08-09 11:28:08",11,Fri,2024-08,card,Latte,identified,ANON-0000-0000-0475,32.82,index_1
2024-08-09,"2024-08-09 11:29:48",11,Fri,2024-08,card,Americano,identified,ANON-0000-0000-0477,23.02,index_1
2024-08-09,"2024-08-09 18:56:27",18,Fri,2024-08,card,Americano,identified,ANON-0000-0000-0478,23.02,index_1
2024-08-09,"2024-08-09 19:03:06",19,Fri,2024-08,card,"Hot Chocolate",identified,ANON-0000-0000-0479,32.82,index_1
2024-08-10,"2024-08-10 08:36:44",8,Sat,2024-08,card,Cappuccino,identified,ANON-0000-0000-0480,32.82,index_1
2024-08-10,"2024-08-10 08:37:57",8,Sat,2024-08,card,"Americano with Milk",identified,ANON-0000-0000-0480,27.92,index_1
2024-08-10,"2024-08-10 08:45:09",8,Sat,2024-08,card,Cortado,identified,ANON-0000-0000-0141,23.02,index_1
2024-08-10,"2024-08-10 11:52:33",11,Sat,2024-08,card,Cortado,identified,ANON-0000-0000-0012,23.02,index_1
2024-08-10,"2024-08-10 11:54:23",11,Sat,2024-08,card,Americano,identified,ANON-0000-0000-0012,23.02,index_1
2024-08-10,"2024-08-10 12:15:10",12,Sat,2024-08,card,Latte,identified,ANON-0000-0000-0481,32.82,index_1
2024-08-10,"2024-08-10 12:33:12",12,Sat,2024-08,card,"Americano with Milk",identified,ANON-0000-0000-0463,27.92,index_1
2024-08-10,"2024-08-10 16:06:12",16,Sat,2024-08,card,Latte,identified,ANON-0000-0000-0009,32.82,index_1
2024-08-10,"2024-08-10 21:16:48",21,Sat,2024-08,card,Cocoa,identified,ANON-0000-0000-0482,32.82,index_1
2024-08-10,"2024-08-10 21:17:41",21,Sat,2024-08,card,Cocoa,identified,ANON-0000-0000-0482,32.82,index_1
2024-08-10,"2024-08-10 21:37:41",21,Sat,2024-08,card,Cocoa,identified,ANON-0000-0000-0442,32.82,index_1
2024-08-11,"2024-08-11 09:52:36",9,Sun,2024-08,card,Latte,identified,ANON-0000-0000-0440,32.82,index_1
2024-08-11,"2024-08-11 09:53:43",9,Sun,2024-08,card,Latte,identified,ANON-0000-0000-0440,32.82,index_1
2024-08-11,"2024-08-11 10:17:23",10,Sun,2024-08,card,"Americano with Milk",identified,ANON-0000-0000-0347,27.92,index_1
2024-08-11,"2024-08-11 11:56:41",11,Sun,2024-08,card,Cappuccino,identified,ANON-0000-0000-0480,32.82,index_1
2024-08-11,"2024-08-11 11:57:41",11,Sun,2024-08,card,"Americano with Milk",identified,ANON-0000-0000-0480,27.92,index_1
2024-08-11,"2024-08-11 12:20:19",12,Sun,2024-08,card,Cortado,identified,ANON-0000-0000-0141,23.02,index_1
2024-08-11,"2024-08-11 15:53:51",15,Sun,2024-08,card,Latte,identified,ANON-0000-0000-0483,32.82,index_1
2024-08-11,"2024-08-11 15:55:14",15,Sun,2024-08,card,"Americano with Milk",identified,ANON-0000-0000-0484,27.92,index_1
2024-08-11,"2024-08-11 15:56:27",15,Sun,2024-08,card,Cocoa,identified,ANON-0000-0000-0484,32.82,index_1
2024-08-11,"2024-08-11 16:27:35",16,Sun,2024-08,card,Cappuccino,identified,ANON-0000-0000-0414,32.82,index_1
2024-08-11,"2024-08-11 16:28:38",16,Sun,2024-08,card,Espresso,identified,ANON-0000-0000-0485,18.12,index_1
2024-08-11,"2024-08-11 21:30:32",21,Sun,2024-08,card,Cortado,identified,ANON-0000-0000-0486,23.02,index_1
2024-08-11,"2024-08-11 21:41:09",21,Sun,2024-08,card,Latte,identified,ANON-0000-0000-0475,32.82,index_1
2024-08-11,"2024-08-11 21:43:10",21,Sun,2024-08,card,Latte,identified,ANON-0000-0000-0487,32.82,index_1
2024-08-11,"2024-08-11 22:39:29",22,Sun,2024-08,card,Cappuccino,identified,ANON-0000-0000-0488,32.82,index_1
2024-08-12,"2024-08-12 08:26:19",8,Mon,2024-08,card,"Hot Chocolate",identified,ANON-0000-0000-0367,32.82,index_1
2024-08-12,"2024-08-12 11:15:04",11,Mon,2024-08,card,"Americano with Milk",identified,ANON-0000-0000-0489,27.92,index_1
2024-08-12,"2024-08-12 11:19:29",11,Mon,2024-08,card,Americano,identified,ANON-0000-0000-0490,23.02,index_1
2024-08-12,"2024-08-12 11:20:23",11,Mon,2024-08,card,Latte,identified,ANON-0000-0000-0490,32.82,index_1
2024-08-12,"2024-08-12 11:44:28",11,Mon,2024-08,card,Latte,identified,ANON-0000-0000-0491,32.82,index_1
2024-08-12,"2024-08-12 14:04:03",14,Mon,2024-08,card,Espresso,identified,ANON-0000-0000-0492,18.12,index_1
2024-08-12,"2024-08-12 14:05:06",14,Mon,2024-08,card,"Americano with Milk",identified,ANON-0000-0000-0492,27.92,index_1
2024-08-12,"2024-08-12 15:33:33",15,Mon,2024-08,card,"Americano with Milk",identified,ANON-0000-0000-0493,27.92,index_1
2024-08-12,"2024-08-12 18:05:04",18,Mon,2024-08,card,"Americano with Milk",identified,ANON-0000-0000-0097,27.92,index_1
2024-08-12,"2024-08-12 21:25:49",21,Mon,2024-08,card,"Americano with Milk",identified,ANON-0000-0000-0097,27.92,index_1
2024-08-12,"2024-08-12 21:37:38",21,Mon,2024-08,card,Latte,identified,ANON-0000-0000-0494,32.82,index_1
2024-08-12,"2024-08-12 22:58:20",22,Mon,2024-08,card,Cappuccino,identified,ANON-0000-0000-0134,32.82,index_1
2024-08-12,"2024-08-12 22:59:18",22,Mon,2024-08,card,Cappuccino,identified,ANON-0000-0000-0134,32.82,index_1
2024-08-13,"2024-08-13 08:44:30",8,Tue,2024-08,card,"Americano with Milk",identified,ANON-0000-0000-0495,27.92,index_1
2024-08-13,"2024-08-13 09:14:21",9,Tue,2024-08,card,"Americano with Milk",identified,ANON-0000-0000-0097,27.92,index_1
2024-08-13,"2024-08-13 09:45:56",9,Tue,2024-08,card,"Americano with Milk",identified,ANON-0000-0000-0385,27.92,index_1
2024-08-13,"2024-08-13 10:42:08",10,Tue,2024-08,card,Cortado,identified,ANON-0000-0000-0141,23.02,index_1
2024-08-13,"2024-08-13 11:59:47",11,Tue,2024-08,card,Latte,identified,ANON-0000-0000-0496,32.82,index_1
2024-08-13,"2024-08-13 13:01:41",13,Tue,2024-08,card,"Americano with Milk",identified,ANON-0000-0000-0497,27.92,index_1
2024-08-13,"2024-08-13 14:45:39",14,Tue,2024-08,card,Latte,identified,ANON-0000-0000-0494,32.82,index_1
2024-08-13,"2024-08-13 15:47:56",15,Tue,2024-08,card,Cappuccino,identified,ANON-0000-0000-0498,32.82,index_1
2024-08-13,"2024-08-13 15:55:29",15,Tue,2024-08,card,"Americano with Milk",identified,ANON-0000-0000-0097,27.92,index_1
2024-08-13,"2024-08-13 20:29:34",20,Tue,2024-08,card,Latte,identified,ANON-0000-0000-0499,32.82,index_1
2024-08-13,"2024-08-13 20:30:37",20,Tue,2024-08,card,Cocoa,identified,ANON-0000-0000-0499,32.82,index_1
2024-08-13,"2024-08-13 20:44:22",20,Tue,2024-08,card,Cappuccino,identified,ANON-0000-0000-0500,32.82,index_1
2024-08-13,"2024-08-13 21:00:44",21,Tue,2024-08,card,Cortado,identified,ANON-0000-0000-0501,23.02,index_1
2024-08-14,"2024-08-14 07:35:48",7,Wed,2024-08,card,Latte,identified,ANON-0000-0000-0475,32.82,index_1
2024-08-14,"2024-08-14 07:36:55",7,Wed,2024-08,card,Cappuccino,identified,ANON-0000-0000-0472,32.82,index_1
2024-08-14,"2024-08-14 10:09:29",10,Wed,2024-08,card,Cortado,identified,ANON-0000-0000-0141,23.02,index_1
2024-08-14,"2024-08-14 11:39:07",11,Wed,2024-08,card,Espresso,identified,ANON-0000-0000-0095,18.12,index_1
2024-08-14,"2024-08-14 12:49:16",12,Wed,2024-08,card,Americano,identified,ANON-0000-0000-0502,23.02,index_1
2024-08-14,"2024-08-14 12:51:04",12,Wed,2024-08,card,Americano,identified,ANON-0000-0000-0450,23.02,index_1
2024-08-14,"2024-08-14 15:21:27",15,Wed,2024-08,card,Latte,identified,ANON-0000-0000-0503,32.82,index_1
2024-08-14,"2024-08-14 17:24:22",17,Wed,2024-08,card,Americano,identified,ANON-0000-0000-0504,23.02,index_1
2024-08-14,"2024-08-14 18:10:03",18,Wed,2024-08,card,Cortado,identified,ANON-0000-0000-0505,23.02,index_1
2024-08-14,"2024-08-14 18:59:18",18,Wed,2024-08,card,"Americano with Milk",identified,ANON-0000-0000-0506,27.92,index_1
2024-08-14,"2024-08-14 19:34:51",19,Wed,2024-08,card,Latte,identified,ANON-0000-0000-0012,32.82,index_1
2024-08-14,"2024-08-14 19:35:48",19,Wed,2024-08,card,Cortado,identified,ANON-0000-0000-0012,23.02,index_1
2024-08-14,"2024-08-14 21:41:33",21,Wed,2024-08,card,Latte,identified,ANON-0000-0000-0507,32.82,index_1
2024-08-15,"2024-08-15 09:36:11",9,Thu,2024-08,card,Cortado,identified,ANON-0000-0000-0141,23.02,index_1
2024-08-15,"2024-08-15 09:37:02",9,Thu,2024-08,card,Cappuccino,identified,ANON-0000-0000-0508,32.82,index_1
2024-08-15,"2024-08-15 09:38:04",9,Thu,2024-08,card,"Hot Chocolate",identified,ANON-0000-0000-0509,32.82,index_1
2024-08-15,"2024-08-15 09:38:49",9,Thu,2024-08,card,Latte,identified,ANON-0000-0000-0509,32.82,index_1
2024-08-15,"2024-08-15 12:38:37",12,Thu,2024-08,card,Latte,identified,ANON-0000-0000-0232,32.82,index_1
2024-08-15,"2024-08-15 13:48:13",13,Thu,2024-08,card,Latte,identified,ANON-0000-0000-0510,32.82,index_1
2024-08-15,"2024-08-15 14:17:48",14,Thu,2024-08,card,Americano,identified,ANON-0000-0000-0012,23.02,index_1
2024-08-15,"2024-08-15 14:18:50",14,Thu,2024-08,card,Espresso,identified,ANON-0000-0000-0012,18.12,index_1
2024-08-15,"2024-08-15 17:53:52",17,Thu,2024-08,card,"Americano with Milk",identified,ANON-0000-0000-0511,27.92,index_1
2024-08-15,"2024-08-15 19:10:58",19,Thu,2024-08,card,"Hot Chocolate",identified,ANON-0000-0000-0512,32.82,index_1
2024-08-15,"2024-08-15 19:11:54",19,Thu,2024-08,card,"Americano with Milk",identified,ANON-0000-0000-0512,27.92,index_1
2024-08-15,"2024-08-15 19:41:30",19,Thu,2024-08,card,"Americano with Milk",identified,ANON-0000-0000-0513,27.92,index_1
2024-08-15,"2024-08-15 19:42:37",19,Thu,2024-08,card,Americano,identified,ANON-0000-0000-0513,23.02,index_1
2024-08-15,"2024-08-15 20:40:41",20,Thu,2024-08,card,Cappuccino,identified,ANON-0000-0000-0514,32.82,index_1
2024-08-15,"2024-08-15 21:35:20",21,Thu,2024-08,card,Espresso,identified,ANON-0000-0000-0040,18.12,index_1
2024-08-15,"2024-08-15 21:36:11",21,Thu,2024-08,card,"Americano with Milk",identified,ANON-0000-0000-0040,27.92,index_1
2024-08-16,"2024-08-16 12:29:16",12,Fri,2024-08,card,Latte,identified,ANON-0000-0000-0513,32.82,index_1
2024-08-16,"2024-08-16 12:54:17",12,Fri,2024-08,card,Americano,identified,ANON-0000-0000-0515,23.02,index_1
2024-08-16,"2024-08-16 13:36:12",13,Fri,2024-08,card,"Americano with Milk",identified,ANON-0000-0000-0429,27.92,index_1
2024-08-16,"2024-08-16 15:18:51",15,Fri,2024-08,card,Espresso,identified,ANON-0000-0000-0012,18.12,index_1
2024-08-16,"2024-08-16 15:19:39",15,Fri,2024-08,card,Espresso,identified,ANON-0000-0000-0012,18.12,index_1
2024-08-17,"2024-08-17 09:16:53",9,Sat,2024-08,card,"Americano with Milk",identified,ANON-0000-0000-0097,27.92,index_1
2024-08-17,"2024-08-17 09:18:08",9,Sat,2024-08,card,Cappuccino,identified,ANON-0000-0000-0516,32.82,index_1
2024-08-17,"2024-08-17 10:53:41",10,Sat,2024-08,card,"Americano with Milk",identified,ANON-0000-0000-0517,27.92,index_1
2024-08-17,"2024-08-17 11:58:41",11,Sat,2024-08,card,Cortado,identified,ANON-0000-0000-0141,23.02,index_1
2024-08-17,"2024-08-17 11:59:28",11,Sat,2024-08,card,Cortado,identified,ANON-0000-0000-0141,23.02,index_1
2024-08-17,"2024-08-17 13:18:40",13,Sat,2024-08,card,"Americano with Milk",identified,ANON-0000-0000-0518,27.92,index_1
2024-08-17,"2024-08-17 16:31:54",16,Sat,2024-08,card,Cortado,identified,ANON-0000-0000-0277,23.02,index_1
2024-08-17,"2024-08-17 16:33:48",16,Sat,2024-08,card,Latte,identified,ANON-0000-0000-0192,32.82,index_1
2024-08-17,"2024-08-17 18:48:58",18,Sat,2024-08,card,Cappuccino,identified,ANON-0000-0000-0456,32.82,index_1
2024-08-17,"2024-08-17 21:18:56",21,Sat,2024-08,card,"Americano with Milk",identified,ANON-0000-0000-0040,27.92,index_1
2024-08-17,"2024-08-17 22:42:39",22,Sat,2024-08,card,Latte,identified,ANON-0000-0000-0519,32.82,index_1
2024-08-18,"2024-08-18 08:09:42",8,Sun,2024-08,card,Cappuccino,identified,ANON-0000-0000-0520,32.82,index_1
2024-08-18,"2024-08-18 08:32:05",8,Sun,2024-08,card,Cappuccino,identified,ANON-0000-0000-0521,32.82,index_1
2024-08-18,"2024-08-18 08:41:06",8,Sun,2024-08,card,Cortado,identified,ANON-0000-0000-0141,23.02,index_1
2024-08-18,"2024-08-18 08:56:01",8,Sun,2024-08,card,"Americano with Milk",identified,ANON-0000-0000-0522,27.92,index_1
2024-08-18,"2024-08-18 12:31:40",12,Sun,2024-08,card,Cappuccino,identified,ANON-0000-0000-0463,32.82,index_1
2024-08-18,"2024-08-18 14:30:21",14,Sun,2024-08,card,"Americano with Milk",identified,ANON-0000-0000-0040,27.92,index_1
2024-08-18,"2024-08-18 18:24:10",18,Sun,2024-08,card,"Americano with Milk",identified,ANON-0000-0000-0523,27.92,index_1
2024-08-18,"2024-08-18 18:26:03",18,Sun,2024-08,card,"Americano with Milk",identified,ANON-0000-0000-0523,27.92,index_1
2024-08-18,"2024-08-18 18:27:17",18,Sun,2024-08,card,Americano,identified,ANON-0000-0000-0523,23.02,index_1
2024-08-18,"2024-08-18 18:28:13",18,Sun,2024-08,card,Americano,identified,ANON-0000-0000-0523,23.02,index_1
2024-08-19,"2024-08-19 15:09:48",15,Mon,2024-08,card,"Americano with Milk",identified,ANON-0000-0000-0524,27.92,index_1
2024-08-19,"2024-08-19 15:10:51",15,Mon,2024-08,card,"Americano with Milk",identified,ANON-0000-0000-0524,27.92,index_1
2024-08-19,"2024-08-19 21:21:12",21,Mon,2024-08,card,Latte,identified,ANON-0000-0000-0507,32.82,index_1
2024-08-19,"2024-08-19 21:31:57",21,Mon,2024-08,card,Cocoa,identified,ANON-0000-0000-0491,32.82,index_1
2024-08-20,"2024-08-20 08:27:16",8,Tue,2024-08,card,Cortado,identified,ANON-0000-0000-0141,23.02,index_1
2024-08-20,"2024-08-20 08:29:14",8,Tue,2024-08,card,Latte,identified,ANON-0000-0000-0525,32.82,index_1
2024-08-20,"2024-08-20 08:49:47",8,Tue,2024-08,card,Espresso,identified,ANON-0000-0000-0526,18.12,index_1
2024-08-20,"2024-08-20 08:50:36",8,Tue,2024-08,card,Cortado,identified,ANON-0000-0000-0526,23.02,index_1
2024-08-20,"2024-08-20 09:14:54",9,Tue,2024-08,card,"Americano with Milk",identified,ANON-0000-0000-0097,27.92,index_1
2024-08-20,"2024-08-20 11:09:55",11,Tue,2024-08,card,Americano,identified,ANON-0000-0000-0527,23.02,index_1
2024-08-20,"2024-08-20 11:11:39",11,Tue,2024-08,card,Americano,identified,ANON-0000-0000-0528,23.02,index_1
2024-08-20,"2024-08-20 11:12:31",11,Tue,2024-08,card,Americano,identified,ANON-0000-0000-0529,23.02,index_1
2024-08-20,"2024-08-20 11:42:20",11,Tue,2024-08,card,Latte,identified,ANON-0000-0000-0141,32.82,index_1
2024-08-20,"2024-08-20 20:42:40",20,Tue,2024-08,card,Latte,identified,ANON-0000-0000-0530,32.82,index_1
2024-08-20,"2024-08-20 20:44:14",20,Tue,2024-08,card,Latte,identified,ANON-0000-0000-0531,32.82,index_1
2024-08-20,"2024-08-20 20:45:12",20,Tue,2024-08,card,Latte,identified,ANON-0000-0000-0531,32.82,index_1
2024-08-20,"2024-08-20 20:46:03",20,Tue,2024-08,card,Latte,identified,ANON-0000-0000-0532,32.82,index_1
2024-08-21,"2024-08-21 07:59:13",7,Wed,2024-08,card,"Americano with Milk",identified,ANON-0000-0000-0533,27.92,index_1
2024-08-21,"2024-08-21 08:40:27",8,Wed,2024-08,card,Cortado,identified,ANON-0000-0000-0141,23.02,index_1
2024-08-21,"2024-08-21 10:13:32",10,Wed,2024-08,card,Americano,identified,ANON-0000-0000-0375,23.02,index_1
2024-08-21,"2024-08-21 10:38:44",10,Wed,2024-08,card,"Americano with Milk",identified,ANON-0000-0000-0276,27.92,index_1
2024-08-21,"2024-08-21 11:51:41",11,Wed,2024-08,card,Cortado,identified,ANON-0000-0000-0141,23.02,index_1
2024-08-21,"2024-08-21 13:17:10",13,Wed,2024-08,card,Latte,identified,ANON-0000-0000-0534,32.82,index_1
2024-08-21,"2024-08-21 19:42:03",19,Wed,2024-08,card,Latte,identified,ANON-0000-0000-0507,32.82,index_1
2024-08-22,"2024-08-22 09:22:26",9,Thu,2024-08,card,Cortado,identified,ANON-0000-0000-0141,23.02,index_1
2024-08-22,"2024-08-22 10:09:23",10,Thu,2024-08,card,"Americano with Milk",identified,ANON-0000-0000-0419,27.92,index_1
2024-08-22,"2024-08-22 10:47:59",10,Thu,2024-08,card,"Americano with Milk",identified,ANON-0000-0000-0535,27.92,index_1
2024-08-22,"2024-08-22 14:16:12",14,Thu,2024-08,card,Latte,identified,ANON-0000-0000-0510,32.82,index_1
2024-08-22,"2024-08-22 14:26:58",14,Thu,2024-08,card,Latte,identified,ANON-0000-0000-0536,32.82,index_1
2024-08-22,"2024-08-22 15:07:07",15,Thu,2024-08,card,Cappuccino,identified,ANON-0000-0000-0537,32.82,index_1
2024-08-22,"2024-08-22 15:27:27",15,Thu,2024-08,card,Americano,identified,ANON-0000-0000-0538,23.02,index_1
2024-08-23,"2024-08-23 07:43:16",7,Fri,2024-08,card,Latte,identified,ANON-0000-0000-0475,32.82,index_1
2024-08-23,"2024-08-23 08:21:48",8,Fri,2024-08,card,Cortado,identified,ANON-0000-0000-0141,23.02,index_1
2024-08-23,"2024-08-23 08:22:56",8,Fri,2024-08,card,Latte,identified,ANON-0000-0000-0425,32.82,index_1
2024-08-23,"2024-08-23 08:33:38",8,Fri,2024-08,card,Americano,identified,ANON-0000-0000-0225,23.02,index_1
2024-08-23,"2024-08-23 08:34:35",8,Fri,2024-08,card,Americano,identified,ANON-0000-0000-0225,23.02,index_1
2024-08-23,"2024-08-23 09:14:52",9,Fri,2024-08,card,"Americano with Milk",identified,ANON-0000-0000-0419,27.92,index_1
2024-08-23,"2024-08-23 10:10:58",10,Fri,2024-08,card,Cocoa,identified,ANON-0000-0000-0539,32.82,index_1
2024-08-23,"2024-08-23 10:11:55",10,Fri,2024-08,card,Americano,identified,ANON-0000-0000-0539,23.02,index_1
2024-08-23,"2024-08-23 10:39:12",10,Fri,2024-08,card,Cortado,identified,ANON-0000-0000-0141,23.02,index_1
2024-08-23,"2024-08-23 11:12:59",11,Fri,2024-08,card,"Hot Chocolate",identified,ANON-0000-0000-0540,32.82,index_1
2024-08-23,"2024-08-23 13:24:54",13,Fri,2024-08,card,Americano,identified,ANON-0000-0000-0541,23.02,index_1
2024-08-23,"2024-08-23 15:28:52",15,Fri,2024-08,card,Americano,identified,ANON-0000-0000-0542,23.02,index_1
2024-08-23,"2024-08-23 19:48:02",19,Fri,2024-08,card,Latte,identified,ANON-0000-0000-0507,32.82,index_1
2024-08-24,"2024-08-24 08:13:42",8,Sat,2024-08,card,Cortado,identified,ANON-0000-0000-0141,23.02,index_1
2024-08-24,"2024-08-24 08:14:47",8,Sat,2024-08,card,Cortado,identified,ANON-0000-0000-0141,23.02,index_1
2024-08-24,"2024-08-24 08:44:11",8,Sat,2024-08,card,Cortado,identified,ANON-0000-0000-0543,23.02,index_1
2024-08-24,"2024-08-24 10:18:09",10,Sat,2024-08,card,Espresso,identified,ANON-0000-0000-0544,18.12,index_1
2024-08-24,"2024-08-24 10:18:52",10,Sat,2024-08,card,Espresso,identified,ANON-0000-0000-0544,18.12,index_1
2024-08-24,"2024-08-24 10:19:49",10,Sat,2024-08,card,Americano,identified,ANON-0000-0000-0544,23.02,index_1
2024-08-25,"2024-08-25 08:14:37",8,Sun,2024-08,card,Cortado,identified,ANON-0000-0000-0141,23.02,index_1
2024-08-25,"2024-08-25 08:26:27",8,Sun,2024-08,card,Americano,identified,ANON-0000-0000-0408,23.02,index_1
2024-08-25,"2024-08-25 08:27:36",8,Sun,2024-08,card,Americano,identified,ANON-0000-0000-0408,23.02,index_1
2024-08-25,"2024-08-25 09:24:22",9,Sun,2024-08,card,Cappuccino,identified,ANON-0000-0000-0545,32.82,index_1
2024-08-25,"2024-08-25 12:41:42",12,Sun,2024-08,card,Cappuccino,identified,ANON-0000-0000-0546,32.82,index_1
2024-08-25,"2024-08-25 14:53:02",14,Sun,2024-08,card,Latte,identified,ANON-0000-0000-0077,32.82,index_1
2024-08-26,"2024-08-26 08:11:47",8,Mon,2024-08,card,Cortado,identified,ANON-0000-0000-0141,23.02,index_1
2024-08-26,"2024-08-26 08:16:09",8,Mon,2024-08,card,Americano,identified,ANON-0000-0000-0408,23.02,index_1
2024-08-26,"2024-08-26 08:17:23",8,Mon,2024-08,card,Americano,identified,ANON-0000-0000-0408,23.02,index_1
2024-08-26,"2024-08-26 09:21:36",9,Mon,2024-08,card,"Americano with Milk",identified,ANON-0000-0000-0097,27.92,index_1
2024-08-26,"2024-08-26 10:37:44",10,Mon,2024-08,card,Latte,identified,ANON-0000-0000-0547,32.82,index_1
2024-08-26,"2024-08-26 10:38:49",10,Mon,2024-08,card,Cappuccino,identified,ANON-0000-0000-0548,32.82,index_1
2024-08-26,"2024-08-26 12:45:13",12,Mon,2024-08,card,Americano,identified,ANON-0000-0000-0003,23.02,index_1
2024-08-26,"2024-08-26 12:46:23",12,Mon,2024-08,card,Americano,identified,ANON-0000-0000-0003,23.02,index_1
2024-08-26,"2024-08-26 18:53:27",18,Mon,2024-08,card,"Americano with Milk",identified,ANON-0000-0000-0549,27.92,index_1
2024-08-26,"2024-08-26 18:54:31",18,Mon,2024-08,card,Latte,identified,ANON-0000-0000-0549,32.82,index_1
2024-08-26,"2024-08-26 22:55:39",22,Mon,2024-08,card,"Americano with Milk",identified,ANON-0000-0000-0550,27.92,index_1
2024-08-27,"2024-08-27 10:04:04",10,Tue,2024-08,card,Latte,identified,ANON-0000-0000-0375,32.82,index_1
2024-08-28,"2024-08-28 12:08:18",12,Wed,2024-08,card,"Americano with Milk",identified,ANON-0000-0000-0551,27.92,index_1
2024-08-28,"2024-08-28 12:10:04",12,Wed,2024-08,card,Cappuccino,identified,ANON-0000-0000-0551,32.82,index_1
2024-08-28,"2024-08-28 12:35:06",12,Wed,2024-08,card,Americano,identified,ANON-0000-0000-0375,23.02,index_1
2024-08-28,"2024-08-28 13:48:35",13,Wed,2024-08,card,"Americano with Milk",identified,ANON-0000-0000-0552,27.92,index_1
2024-08-29,"2024-08-29 07:29:30",7,Thu,2024-08,card,Americano,identified,ANON-0000-0000-0553,23.02,index_1
2024-08-30,"2024-08-30 17:13:30",17,Fri,2024-08,card,Latte,identified,ANON-0000-0000-0554,32.82,index_1
2024-08-30,"2024-08-30 17:14:32",17,Fri,2024-08,card,"Americano with Milk",identified,ANON-0000-0000-0554,27.92,index_1
2024-08-30,"2024-08-30 17:15:35",17,Fri,2024-08,card,"Americano with Milk",identified,ANON-0000-0000-0554,27.92,index_1
2024-08-31,"2024-08-31 09:08:32",9,Sat,2024-08,card,Cortado,identified,ANON-0000-0000-0371,23.02,index_1
2024-08-31,"2024-08-31 10:02:08",10,Sat,2024-08,card,"Americano with Milk",identified,ANON-0000-0000-0555,27.92,index_1
2024-08-31,"2024-08-31 10:22:26",10,Sat,2024-08,card,Espresso,identified,ANON-0000-0000-0556,18.12,index_1
2024-08-31,"2024-08-31 11:29:54",11,Sat,2024-08,card,"Americano with Milk",identified,ANON-0000-0000-0557,27.92,index_1
2024-08-31,"2024-08-31 11:33:39",11,Sat,2024-08,card,Cortado,identified,ANON-0000-0000-0141,23.02,index_1
2024-08-31,"2024-08-31 11:34:32",11,Sat,2024-08,card,Cortado,identified,ANON-0000-0000-0141,23.02,index_1
2024-09-01,"2024-09-01 09:34:15",9,Sun,2024-09,card,Cortado,identified,ANON-0000-0000-0141,23.02,index_1
2024-09-01,"2024-09-01 12:11:24",12,Sun,2024-09,card,Cappuccino,identified,ANON-0000-0000-0558,32.82,index_1
2024-09-01,"2024-09-01 12:30:08",12,Sun,2024-09,card,"Americano with Milk",identified,ANON-0000-0000-0181,27.92,index_1
2024-09-01,"2024-09-01 12:32:22",12,Sun,2024-09,card,Americano,identified,ANON-0000-0000-0181,23.02,index_1
2024-09-01,"2024-09-01 12:50:17",12,Sun,2024-09,card,"Americano with Milk",identified,ANON-0000-0000-0559,27.92,index_1
2024-09-01,"2024-09-01 13:57:33",13,Sun,2024-09,card,Latte,identified,ANON-0000-0000-0560,32.82,index_1
2024-09-01,"2024-09-01 14:44:04",14,Sun,2024-09,card,"Americano with Milk",identified,ANON-0000-0000-0385,27.92,index_1
2024-09-01,"2024-09-01 17:20:46",17,Sun,2024-09,card,Latte,identified,ANON-0000-0000-0561,32.82,index_1
2024-09-01,"2024-09-01 17:23:13",17,Sun,2024-09,card,Latte,identified,ANON-0000-0000-0562,32.82,index_1
2024-09-01,"2024-09-01 17:24:49",17,Sun,2024-09,card,Latte,identified,ANON-0000-0000-0563,32.82,index_1
2024-09-02,"2024-09-02 08:24:39",8,Mon,2024-09,card,Latte,identified,ANON-0000-0000-0425,32.82,index_1
2024-09-02,"2024-09-02 08:50:17",8,Mon,2024-09,card,"Americano with Milk",identified,ANON-0000-0000-0564,27.92,index_1
2024-09-02,"2024-09-02 08:51:33",8,Mon,2024-09,card,Latte,identified,ANON-0000-0000-0565,32.82,index_1
2024-09-02,"2024-09-02 14:58:47",14,Mon,2024-09,card,"Americano with Milk",identified,ANON-0000-0000-0566,27.92,index_1
2024-09-02,"2024-09-02 20:09:43",20,Mon,2024-09,card,Cappuccino,identified,ANON-0000-0000-0567,32.82,index_1
2024-09-02,"2024-09-02 20:11:17",20,Mon,2024-09,card,Cocoa,identified,ANON-0000-0000-0179,32.82,index_1
2024-09-02,"2024-09-02 20:52:31",20,Mon,2024-09,card,Americano,identified,ANON-0000-0000-0568,23.02,index_1
2024-09-02,"2024-09-02 20:53:29",20,Mon,2024-09,card,Americano,identified,ANON-0000-0000-0568,23.02,index_1
2024-09-03,"2024-09-03 08:22:15",8,Tue,2024-09,card,Cocoa,identified,ANON-0000-0000-0569,32.82,index_1
2024-09-03,"2024-09-03 08:28:12",8,Tue,2024-09,card,Cappuccino,identified,ANON-0000-0000-0168,32.82,index_1
2024-09-03,"2024-09-03 08:41:11",8,Tue,2024-09,card,Latte,identified,ANON-0000-0000-0570,32.82,index_1
2024-09-03,"2024-09-03 09:03:12",9,Tue,2024-09,card,"Americano with Milk",identified,ANON-0000-0000-0571,27.92,index_1
2024-09-03,"2024-09-03 09:04:11",9,Tue,2024-09,card,Cappuccino,identified,ANON-0000-0000-0571,32.82,index_1
2024-09-03,"2024-09-03 09:12:48",9,Tue,2024-09,card,Cocoa,identified,ANON-0000-0000-0572,32.82,index_1
2024-09-03,"2024-09-03 09:13:33",9,Tue,2024-09,card,Cocoa,identified,ANON-0000-0000-0572,32.82,index_1
2024-09-03,"2024-09-03 09:17:02",9,Tue,2024-09,card,"Americano with Milk",identified,ANON-0000-0000-0385,27.92,index_1
2024-09-03,"2024-09-03 09:20:17",9,Tue,2024-09,card,"Americano with Milk",identified,ANON-0000-0000-0573,27.92,index_1
2024-09-03,"2024-09-03 09:37:52",9,Tue,2024-09,card,Latte,identified,ANON-0000-0000-0574,32.82,index_1
2024-09-03,"2024-09-03 09:38:56",9,Tue,2024-09,card,Cocoa,identified,ANON-0000-0000-0575,32.82,index_1
2024-09-03,"2024-09-03 12:56:53",12,Tue,2024-09,card,Cortado,identified,ANON-0000-0000-0576,23.02,index_1
2024-09-03,"2024-09-03 14:14:51",14,Tue,2024-09,card,"Americano with Milk",identified,ANON-0000-0000-0333,27.92,index_1
2024-09-03,"2024-09-03 14:16:17",14,Tue,2024-09,card,"Americano with Milk",identified,ANON-0000-0000-0333,27.92,index_1
2024-09-03,"2024-09-03 18:48:34",18,Tue,2024-09,card,"Americano with Milk",identified,ANON-0000-0000-0333,27.92,index_1
2024-09-03,"2024-09-03 19:11:12",19,Tue,2024-09,card,Latte,identified,ANON-0000-0000-0467,32.82,index_1
2024-09-03,"2024-09-03 19:17:13",19,Tue,2024-09,card,"Americano with Milk",identified,ANON-0000-0000-0467,27.92,index_1
2024-09-04,"2024-09-04 11:11:21",11,Wed,2024-09,card,"Americano with Milk",identified,ANON-0000-0000-0577,27.92,index_1
2024-09-04,"2024-09-04 11:33:36",11,Wed,2024-09,card,Latte,identified,ANON-0000-0000-0510,32.82,index_1
2024-09-04,"2024-09-04 11:48:03",11,Wed,2024-09,card,Americano,identified,ANON-0000-0000-0019,23.02,index_1
2024-09-04,"2024-09-04 11:55:34",11,Wed,2024-09,card,"Americano with Milk",identified,ANON-0000-0000-0578,27.92,index_1
2024-09-04,"2024-09-04 12:53:31",12,Wed,2024-09,card,Latte,identified,ANON-0000-0000-0565,32.82,index_1
2024-09-04,"2024-09-04 13:03:50",13,Wed,2024-09,card,Latte,identified,ANON-0000-0000-0579,32.82,index_1
2024-09-04,"2024-09-04 13:05:16",13,Wed,2024-09,card,"Americano with Milk",identified,ANON-0000-0000-0579,27.92,index_1
2024-09-04,"2024-09-04 18:03:46",18,Wed,2024-09,card,Cappuccino,identified,ANON-0000-0000-0580,32.82,index_1
2024-09-04,"2024-09-04 19:41:41",19,Wed,2024-09,card,"Americano with Milk",identified,ANON-0000-0000-0097,27.92,index_1
2024-09-04,"2024-09-04 21:19:35",21,Wed,2024-09,card,Latte,identified,ANON-0000-0000-0494,32.82,index_1
2024-09-05,"2024-09-05 09:31:17",9,Thu,2024-09,card,"Americano with Milk",identified,ANON-0000-0000-0385,27.92,index_1
2024-09-05,"2024-09-05 10:28:56",10,Thu,2024-09,card,"Americano with Milk",identified,ANON-0000-0000-0581,27.92,index_1
2024-09-05,"2024-09-05 11:06:30",11,Thu,2024-09,card,Americano,identified,ANON-0000-0000-0019,23.02,index_1
2024-09-05,"2024-09-05 14:00:27",14,Thu,2024-09,card,Latte,identified,ANON-0000-0000-0582,32.82,index_1
2024-09-05,"2024-09-05 15:25:12",15,Thu,2024-09,card,Latte,identified,ANON-0000-0000-0583,32.82,index_1
2024-09-05,"2024-09-05 16:38:50",16,Thu,2024-09,card,Americano,identified,ANON-0000-0000-0584,23.02,index_1
2024-09-05,"2024-09-05 16:39:59",16,Thu,2024-09,card,"Americano with Milk",identified,ANON-0000-0000-0585,27.92,index_1
2024-09-05,"2024-09-05 17:04:28",17,Thu,2024-09,card,Cappuccino,identified,ANON-0000-0000-0586,32.82,index_1
2024-09-05,"2024-09-05 17:05:31",17,Thu,2024-09,card,Cappuccino,identified,ANON-0000-0000-0586,32.82,index_1
2024-09-05,"2024-09-05 20:30:14",20,Thu,2024-09,card,Cappuccino,identified,ANON-0000-0000-0587,32.82,index_1
2024-09-05,"2024-09-05 20:54:24",20,Thu,2024-09,card,Americano,identified,ANON-0000-0000-0588,23.02,index_1
2024-09-05,"2024-09-05 20:55:31",20,Thu,2024-09,card,Cappuccino,identified,ANON-0000-0000-0588,32.82,index_1
2024-09-05,"2024-09-05 21:26:28",21,Thu,2024-09,card,"Americano with Milk",identified,ANON-0000-0000-0040,27.92,index_1
2024-09-05,"2024-09-05 21:27:29",21,Thu,2024-09,card,"Americano with Milk",identified,ANON-0000-0000-0040,27.92,index_1
2024-09-06,"2024-09-06 08:25:33",8,Fri,2024-09,card,Cappuccino,identified,ANON-0000-0000-0582,32.82,index_1
2024-09-06,"2024-09-06 08:34:46",8,Fri,2024-09,card,Latte,identified,ANON-0000-0000-0425,32.82,index_1
2024-09-06,"2024-09-06 08:54:41",8,Fri,2024-09,card,Americano,identified,ANON-0000-0000-0589,23.02,index_1
2024-09-06,"2024-09-06 09:50:39",9,Fri,2024-09,card,Espresso,identified,ANON-0000-0000-0590,18.12,index_1
2024-09-06,"2024-09-06 09:51:52",9,Fri,2024-09,card,Latte,identified,ANON-0000-0000-0590,32.82,index_1
2024-09-06,"2024-09-06 10:30:06",10,Fri,2024-09,card,"Hot Chocolate",identified,ANON-0000-0000-0591,32.82,index_1
2024-09-06,"2024-09-06 11:23:25",11,Fri,2024-09,card,Espresso,identified,ANON-0000-0000-0095,18.12,index_1
2024-09-06,"2024-09-06 11:24:29",11,Fri,2024-09,card,Espresso,identified,ANON-0000-0000-0467,18.12,index_1
2024-09-06,"2024-09-06 20:00:12",20,Fri,2024-09,card,Latte,identified,ANON-0000-0000-0283,32.82,index_1
2024-09-06,"2024-09-06 21:09:31",21,Fri,2024-09,card,Latte,identified,ANON-0000-0000-0507,32.82,index_1
2024-09-07,"2024-09-07 08:48:57",8,Sat,2024-09,card,Latte,identified,ANON-0000-0000-0592,32.82,index_1
2024-09-07,"2024-09-07 09:52:02",9,Sat,2024-09,card,Cortado,identified,ANON-0000-0000-0543,23.02,index_1
2024-09-07,"2024-09-07 09:53:03",9,Sat,2024-09,card,Cortado,identified,ANON-0000-0000-0543,23.02,index_1
2024-09-07,"2024-09-07 09:54:41",9,Sat,2024-09,card,Cortado,identified,ANON-0000-0000-0593,23.02,index_1
2024-09-07,"2024-09-07 09:57:47",9,Sat,2024-09,card,"Americano with Milk",identified,ANON-0000-0000-0276,27.92,index_1
2024-09-07,"2024-09-07 09:59:02",9,Sat,2024-09,card,"Americano with Milk",identified,ANON-0000-0000-0276,27.92,index_1
2024-09-07,"2024-09-07 10:00:19",10,Sat,2024-09,card,Cortado,identified,ANON-0000-0000-0141,23.02,index_1
2024-09-07,"2024-09-07 10:22:44",10,Sat,2024-09,card,Americano,identified,ANON-0000-0000-0594,23.02,index_1
2024-09-07,"2024-09-07 10:37:52",10,Sat,2024-09,card,Espresso,identified,ANON-0000-0000-0595,18.12,index_1
2024-09-07,"2024-09-07 10:40:12",10,Sat,2024-09,card,Espresso,identified,ANON-0000-0000-0595,18.12,index_1
2024-09-07,"2024-09-07 10:53:32",10,Sat,2024-09,card,Latte,identified,ANON-0000-0000-0596,32.82,index_1
2024-09-07,"2024-09-07 11:18:56",11,Sat,2024-09,card,"Americano with Milk",identified,ANON-0000-0000-0012,27.92,index_1
2024-09-07,"2024-09-07 11:20:00",11,Sat,2024-09,card,Americano,identified,ANON-0000-0000-0019,23.02,index_1
2024-09-07,"2024-09-07 11:20:57",11,Sat,2024-09,card,Espresso,identified,ANON-0000-0000-0012,18.12,index_1
2024-09-07,"2024-09-07 15:55:08",15,Sat,2024-09,card,Latte,identified,ANON-0000-0000-0597,32.82,index_1
2024-09-07,"2024-09-07 16:20:01",16,Sat,2024-09,card,Americano,identified,ANON-0000-0000-0019,23.02,index_1
2024-09-07,"2024-09-07 16:20:59",16,Sat,2024-09,card,Espresso,identified,ANON-0000-0000-0012,18.12,index_1
2024-09-07,"2024-09-07 19:35:04",19,Sat,2024-09,card,Cocoa,identified,ANON-0000-0000-0283,32.82,index_1
2024-09-07,"2024-09-07 19:36:05",19,Sat,2024-09,card,Latte,identified,ANON-0000-0000-0283,32.82,index_1
2024-09-07,"2024-09-07 19:37:15",19,Sat,2024-09,card,Latte,identified,ANON-0000-0000-0283,32.82,index_1
2024-09-07,"2024-09-07 20:13:51",20,Sat,2024-09,card,Latte,identified,ANON-0000-0000-0598,32.82,index_1
2024-09-07,"2024-09-07 20:14:59",20,Sat,2024-09,card,Latte,identified,ANON-0000-0000-0598,32.82,index_1
2024-09-08,"2024-09-08 08:15:40",8,Sun,2024-09,card,Cortado,identified,ANON-0000-0000-0141,23.02,index_1
2024-09-08,"2024-09-08 09:18:17",9,Sun,2024-09,card,Cortado,identified,ANON-0000-0000-0543,23.02,index_1
2024-09-08,"2024-09-08 09:19:12",9,Sun,2024-09,card,Cortado,identified,ANON-0000-0000-0543,23.02,index_1
2024-09-08,"2024-09-08 10:05:56",10,Sun,2024-09,card,Cortado,identified,ANON-0000-0000-0543,23.02,index_1
2024-09-08,"2024-09-08 12:43:28",12,Sun,2024-09,card,Cortado,identified,ANON-0000-0000-0486,23.02,index_1
2024-09-08,"2024-09-08 20:13:32",20,Sun,2024-09,card,Americano,identified,ANON-0000-0000-0347,23.02,index_1
2024-09-09,"2024-09-09 07:51:13",7,Mon,2024-09,card,Latte,identified,ANON-0000-0000-0599,32.82,index_1
2024-09-09,"2024-09-09 07:53:51",7,Mon,2024-09,card,Cappuccino,identified,ANON-0000-0000-0582,32.82,index_1
2024-09-09,"2024-09-09 07:55:21",7,Mon,2024-09,card,"Americano with Milk",identified,ANON-0000-0000-0599,27.92,index_1
2024-09-09,"2024-09-09 07:56:37",7,Mon,2024-09,card,Latte,identified,ANON-0000-0000-0570,32.82,index_1
2024-09-09,"2024-09-09 09:49:50",9,Mon,2024-09,card,Latte,identified,ANON-0000-0000-0583,32.82,index_1
2024-09-09,"2024-09-09 09:50:51",9,Mon,2024-09,card,"Hot Chocolate",identified,ANON-0000-0000-0583,32.82,index_1
2024-09-09,"2024-09-09 09:59:10",9,Mon,2024-09,card,Latte,identified,ANON-0000-0000-0494,32.82,index_1
2024-09-09,"2024-09-09 11:11:36",11,Mon,2024-09,card,"Americano with Milk",identified,ANON-0000-0000-0600,27.92,index_1
2024-09-09,"2024-09-09 11:12:50",11,Mon,2024-09,card,"Americano with Milk",identified,ANON-0000-0000-0601,27.92,index_1
2024-09-09,"2024-09-09 11:29:49",11,Mon,2024-09,card,Latte,identified,ANON-0000-0000-0602,32.82,index_1
2024-09-09,"2024-09-09 12:06:59",12,Mon,2024-09,card,Espresso,identified,ANON-0000-0000-0603,18.12,index_1
2024-09-09,"2024-09-09 15:12:13",15,Mon,2024-09,card,Latte,identified,ANON-0000-0000-0604,32.82,index_1
2024-09-09,"2024-09-09 15:13:24",15,Mon,2024-09,card,Americano,identified,ANON-0000-0000-0604,23.02,index_1
2024-09-09,"2024-09-09 17:24:10",17,Mon,2024-09,card,Latte,identified,ANON-0000-0000-0605,32.82,index_1
2024-09-09,"2024-09-09 18:13:46",18,Mon,2024-09,card,Latte,identified,ANON-0000-0000-0507,32.82,index_1
2024-09-09,"2024-09-09 20:07:36",20,Mon,2024-09,card,Cappuccino,identified,ANON-0000-0000-0268,32.82,index_1
2024-09-09,"2024-09-09 20:13:43",20,Mon,2024-09,card,Latte,identified,ANON-0000-0000-0606,32.82,index_1
2024-09-10,"2024-09-10 08:12:02",8,Tue,2024-09,card,"Hot Chocolate",identified,ANON-0000-0000-0607,32.82,index_1
2024-09-10,"2024-09-10 09:32:46",9,Tue,2024-09,card,Cappuccino,identified,ANON-0000-0000-0608,32.82,index_1
2024-09-10,"2024-09-10 15:21:54",15,Tue,2024-09,card,Cortado,identified,ANON-0000-0000-0543,23.02,index_1
2024-09-10,"2024-09-10 15:23:05",15,Tue,2024-09,card,Cortado,identified,ANON-0000-0000-0543,23.02,index_1
2024-09-10,"2024-09-10 18:43:41",18,Tue,2024-09,card,Cappuccino,identified,ANON-0000-0000-0609,32.82,index_1
2024-09-10,"2024-09-10 18:45:22",18,Tue,2024-09,card,"Americano with Milk",identified,ANON-0000-0000-0610,27.92,index_1
2024-09-10,"2024-09-10 19:02:43",19,Tue,2024-09,card,Latte,identified,ANON-0000-0000-0611,32.82,index_1
2024-09-10,"2024-09-10 19:03:53",19,Tue,2024-09,card,Latte,identified,ANON-0000-0000-0611,32.82,index_1
2024-09-10,"2024-09-10 21:29:34",21,Tue,2024-09,card,"Americano with Milk",identified,ANON-0000-0000-0012,27.92,index_1
2024-09-10,"2024-09-10 21:30:27",21,Tue,2024-09,card,Americano,identified,ANON-0000-0000-0012,23.02,index_1
2024-09-11,"2024-09-11 08:47:22",8,Wed,2024-09,card,Latte,identified,ANON-0000-0000-0612,32.82,index_1
2024-09-11,"2024-09-11 09:28:46",9,Wed,2024-09,card,"Americano with Milk",identified,ANON-0000-0000-0097,27.92,index_1
2024-09-11,"2024-09-11 10:52:09",10,Wed,2024-09,card,Latte,identified,ANON-0000-0000-0613,32.82,index_1
2024-09-11,"2024-09-11 19:53:12",19,Wed,2024-09,card,Cappuccino,identified,ANON-0000-0000-0614,32.82,index_1
2024-09-11,"2024-09-11 20:13:14",20,Wed,2024-09,card,"Americano with Milk",identified,ANON-0000-0000-0531,27.92,index_1
2024-09-11,"2024-09-11 20:14:18",20,Wed,2024-09,card,Latte,identified,ANON-0000-0000-0531,32.82,index_1
2024-09-11,"2024-09-11 20:15:19",20,Wed,2024-09,card,Latte,identified,ANON-0000-0000-0531,32.82,index_1
2024-09-11,"2024-09-11 21:01:34",21,Wed,2024-09,card,Cortado,identified,ANON-0000-0000-0584,23.02,index_1
2024-09-12,"2024-09-12 10:57:25",10,Thu,2024-09,card,Espresso,identified,ANON-0000-0000-0347,18.12,index_1
2024-09-12,"2024-09-12 10:58:19",10,Thu,2024-09,card,"Americano with Milk",identified,ANON-0000-0000-0347,27.92,index_1
2024-09-12,"2024-09-12 11:27:36",11,Thu,2024-09,card,"Americano with Milk",identified,ANON-0000-0000-0615,27.92,index_1
2024-09-12,"2024-09-12 12:08:22",12,Thu,2024-09,card,Cappuccino,identified,ANON-0000-0000-0565,32.82,index_1
2024-09-12,"2024-09-12 12:31:06",12,Thu,2024-09,card,Cortado,identified,ANON-0000-0000-0616,23.02,index_1
2024-09-12,"2024-09-12 12:32:22",12,Thu,2024-09,card,Cortado,identified,ANON-0000-0000-0616,23.02,index_1
2024-09-12,"2024-09-12 12:37:20",12,Thu,2024-09,card,Cortado,identified,ANON-0000-0000-0141,23.02,index_1
2024-09-12,"2024-09-12 12:38:09",12,Thu,2024-09,card,Cortado,identified,ANON-0000-0000-0141,23.02,index_1
2024-09-12,"2024-09-12 17:01:25",17,Thu,2024-09,card,Latte,identified,ANON-0000-0000-0617,32.82,index_1
2024-09-12,"2024-09-12 21:09:10",21,Thu,2024-09,card,Americano,identified,ANON-0000-0000-0618,23.02,index_1
2024-09-12,"2024-09-12 21:10:21",21,Thu,2024-09,card,Cappuccino,identified,ANON-0000-0000-0618,32.82,index_1
2024-09-12,"2024-09-12 21:13:16",21,Thu,2024-09,card,Cortado,identified,ANON-0000-0000-0319,23.02,index_1
2024-09-13,"2024-09-13 07:56:53",7,Fri,2024-09,card,Latte,identified,ANON-0000-0000-0570,32.82,index_1
2024-09-13,"2024-09-13 08:41:02",8,Fri,2024-09,card,Latte,identified,ANON-0000-0000-0425,32.82,index_1
2024-09-13,"2024-09-13 08:54:15",8,Fri,2024-09,card,Latte,identified,ANON-0000-0000-0375,32.82,index_1
2024-09-13,"2024-09-13 09:51:19",9,Fri,2024-09,card,Latte,identified,ANON-0000-0000-0619,32.82,index_1
2024-09-13,"2024-09-13 15:38:18",15,Fri,2024-09,card,"Americano with Milk",identified,ANON-0000-0000-0242,27.92,index_1
2024-09-13,"2024-09-13 15:50:53",15,Fri,2024-09,card,"Americano with Milk",identified,ANON-0000-0000-0552,27.92,index_1
2024-09-14,"2024-09-14 16:29:19",16,Sat,2024-09,card,Cappuccino,identified,ANON-0000-0000-0543,32.82,index_1
2024-09-14,"2024-09-14 16:30:16",16,Sat,2024-09,card,Cappuccino,identified,ANON-0000-0000-0543,32.82,index_1
2024-09-15,"2024-09-15 08:42:40",8,Sun,2024-09,card,Espresso,identified,ANON-0000-0000-0347,18.12,index_1
2024-09-15,"2024-09-15 09:49:38",9,Sun,2024-09,card,"Americano with Milk",identified,ANON-0000-0000-0620,27.92,index_1
2024-09-15,"2024-09-15 13:49:37",13,Sun,2024-09,card,Americano,identified,ANON-0000-0000-0304,23.02,index_1
2024-09-15,"2024-09-15 14:36:19",14,Sun,2024-09,card,Cortado,identified,ANON-0000-0000-0141,23.02,index_1
2024-09-15,"2024-09-15 14:37:20",14,Sun,2024-09,card,Cortado,identified,ANON-0000-0000-0141,23.02,index_1
2024-09-15,"2024-09-15 14:53:18",14,Sun,2024-09,card,Cappuccino,identified,ANON-0000-0000-0543,32.82,index_1
2024-09-16,"2024-09-16 13:32:22",13,Mon,2024-09,card,Latte,identified,ANON-0000-0000-0621,32.82,index_1
2024-09-16,"2024-09-16 13:33:36",13,Mon,2024-09,card,"Americano with Milk",identified,ANON-0000-0000-0584,27.92,index_1
2024-09-16,"2024-09-16 15:23:19",15,Mon,2024-09,card,Latte,identified,ANON-0000-0000-0621,32.82,index_1
2024-09-16,"2024-09-16 17:16:05",17,Mon,2024-09,card,"Americano with Milk",identified,ANON-0000-0000-0622,27.92,index_1
2024-09-16,"2024-09-16 17:18:03",17,Mon,2024-09,card,Latte,identified,ANON-0000-0000-0623,32.82,index_1
2024-09-16,"2024-09-16 18:54:45",18,Mon,2024-09,card,Latte,identified,ANON-0000-0000-0624,32.82,index_1
2024-09-16,"2024-09-16 18:56:05",18,Mon,2024-09,card,Latte,identified,ANON-0000-0000-0625,32.82,index_1
2024-09-16,"2024-09-16 21:10:18",21,Mon,2024-09,card,"Americano with Milk",identified,ANON-0000-0000-0626,27.92,index_1
2024-09-16,"2024-09-16 21:11:32",21,Mon,2024-09,card,Latte,identified,ANON-0000-0000-0626,32.82,index_1
2024-09-16,"2024-09-16 21:37:47",21,Mon,2024-09,card,"Americano with Milk",identified,ANON-0000-0000-0287,27.92,index_1
2024-09-16,"2024-09-16 21:38:48",21,Mon,2024-09,card,"Americano with Milk",identified,ANON-0000-0000-0097,27.92,index_1
2024-09-17,"2024-09-17 07:54:57",7,Tue,2024-09,card,Cortado,identified,ANON-0000-0000-0627,23.02,index_1
2024-09-17,"2024-09-17 08:09:00",8,Tue,2024-09,card,Latte,identified,ANON-0000-0000-0621,32.82,index_1
2024-09-17,"2024-09-17 08:37:37",8,Tue,2024-09,card,"Americano with Milk",identified,ANON-0000-0000-0276,27.92,index_1
2024-09-17,"2024-09-17 08:42:31",8,Tue,2024-09,card,Cortado,identified,ANON-0000-0000-0141,23.02,index_1
2024-09-17,"2024-09-17 09:10:03",9,Tue,2024-09,card,Cappuccino,identified,ANON-0000-0000-0554,32.82,index_1
2024-09-17,"2024-09-17 09:11:08",9,Tue,2024-09,card,"Americano with Milk",identified,ANON-0000-0000-0554,27.92,index_1
2024-09-17,"2024-09-17 09:34:56",9,Tue,2024-09,card,"Americano with Milk",identified,ANON-0000-0000-0620,27.92,index_1
2024-09-17,"2024-09-17 12:38:33",12,Tue,2024-09,card,Espresso,identified,ANON-0000-0000-0628,18.12,index_1
2024-09-17,"2024-09-17 12:39:33",12,Tue,2024-09,card,"Americano with Milk",identified,ANON-0000-0000-0628,27.92,index_1
2024-09-17,"2024-09-17 12:44:15",12,Tue,2024-09,card,Latte,identified,ANON-0000-0000-0629,32.82,index_1
2024-09-17,"2024-09-17 13:54:23",13,Tue,2024-09,card,"Americano with Milk",identified,ANON-0000-0000-0554,27.92,index_1
2024-09-17,"2024-09-17 13:55:31",13,Tue,2024-09,card,Cortado,identified,ANON-0000-0000-0630,23.02,index_1
2024-09-17,"2024-09-17 16:29:37",16,Tue,2024-09,card,Cappuccino,identified,ANON-0000-0000-0554,32.82,index_1
2024-09-17,"2024-09-17 16:31:00",16,Tue,2024-09,card,Latte,identified,ANON-0000-0000-0630,32.82,index_1
2024-09-17,"2024-09-17 18:54:23",18,Tue,2024-09,card,"Hot Chocolate",identified,ANON-0000-0000-0631,32.82,index_1
2024-09-17,"2024-09-17 19:00:45",19,Tue,2024-09,card,"Americano with Milk",identified,ANON-0000-0000-0632,27.92,index_1
2024-09-17,"2024-09-17 19:03:53",19,Tue,2024-09,card,"Americano with Milk",identified,ANON-0000-0000-0633,27.92,index_1
2024-09-17,"2024-09-17 19:12:47",19,Tue,2024-09,card,Latte,identified,ANON-0000-0000-0634,32.82,index_1
2024-09-17,"2024-09-17 19:13:59",19,Tue,2024-09,card,"Americano with Milk",identified,ANON-0000-0000-0634,27.92,index_1
2024-09-17,"2024-09-17 19:14:59",19,Tue,2024-09,card,"Americano with Milk",identified,ANON-0000-0000-0634,27.92,index_1
2024-09-17,"2024-09-17 19:31:57",19,Tue,2024-09,card,"Americano with Milk",identified,ANON-0000-0000-0635,27.92,index_1
2024-09-17,"2024-09-17 22:19:35",22,Tue,2024-09,card,"Hot Chocolate",identified,ANON-0000-0000-0636,32.82,index_1
2024-09-17,"2024-09-17 22:20:19",22,Tue,2024-09,card,"Hot Chocolate",identified,ANON-0000-0000-0637,32.82,index_1
2024-09-18,"2024-09-18 14:29:48",14,Wed,2024-09,card,Latte,identified,ANON-0000-0000-0638,32.82,index_1
2024-09-18,"2024-09-18 17:34:19",17,Wed,2024-09,card,Latte,identified,ANON-0000-0000-0639,32.82,index_1
2024-09-18,"2024-09-18 21:15:38",21,Wed,2024-09,card,"Americano with Milk",identified,ANON-0000-0000-0040,27.92,index_1
2024-09-18,"2024-09-18 21:18:21",21,Wed,2024-09,card,"Americano with Milk",identified,ANON-0000-0000-0040,27.92,index_1
2024-09-19,"2024-09-19 08:17:18",8,Thu,2024-09,card,"Americano with Milk",identified,ANON-0000-0000-0276,27.92,index_1
2024-09-19,"2024-09-19 08:30:29",8,Thu,2024-09,card,Cortado,identified,ANON-0000-0000-0627,23.02,index_1
2024-09-19,"2024-09-19 10:01:30",10,Thu,2024-09,card,Latte,identified,ANON-0000-0000-0494,32.82,index_1
2024-09-19,"2024-09-19 12:59:33",12,Thu,2024-09,card,Americano,identified,ANON-0000-0000-0004,23.02,index_1
2024-09-19,"2024-09-19 13:00:33",13,Thu,2024-09,card,"Americano with Milk",identified,ANON-0000-0000-0004,27.92,index_1
2024-09-19,"2024-09-19 13:45:42",13,Thu,2024-09,card,Cortado,identified,ANON-0000-0000-0640,23.02,index_1
2024-09-20,"2024-09-20 08:34:56",8,Fri,2024-09,card,"Americano with Milk",identified,ANON-0000-0000-0276,27.92,index_1
2024-09-20,"2024-09-20 09:46:15",9,Fri,2024-09,card,"Americano with Milk",identified,ANON-0000-0000-0641,27.92,index_1
2024-09-20,"2024-09-20 13:39:55",13,Fri,2024-09,card,"Americano with Milk",identified,ANON-0000-0000-0333,27.92,index_1
2024-09-20,"2024-09-20 16:03:29",16,Fri,2024-09,card,Latte,identified,ANON-0000-0000-0642,32.82,index_1
2024-09-20,"2024-09-20 20:39:23",20,Fri,2024-09,card,Americano,identified,ANON-0000-0000-0643,23.02,index_1
2024-09-20,"2024-09-20 21:31:36",21,Fri,2024-09,card,"Americano with Milk",identified,ANON-0000-0000-0287,27.92,index_1
2024-09-20,"2024-09-20 21:32:43",21,Fri,2024-09,card,"Americano with Milk",identified,ANON-0000-0000-0287,27.92,index_1
2024-09-21,"2024-09-21 11:01:14",11,Sat,2024-09,card,Latte,identified,ANON-0000-0000-0644,32.82,index_1
2024-09-21,"2024-09-21 11:02:13",11,Sat,2024-09,card,Cocoa,identified,ANON-0000-0000-0644,32.82,index_1
2024-09-21,"2024-09-21 11:37:47",11,Sat,2024-09,card,Cortado,identified,ANON-0000-0000-0543,23.02,index_1
2024-09-21,"2024-09-21 11:38:44",11,Sat,2024-09,card,Cortado,identified,ANON-0000-0000-0543,23.02,index_1
2024-09-21,"2024-09-21 15:10:09",15,Sat,2024-09,card,Cappuccino,identified,ANON-0000-0000-0645,32.82,index_1
2024-09-21,"2024-09-21 15:36:13",15,Sat,2024-09,card,Latte,identified,ANON-0000-0000-0646,32.82,index_1
2024-09-21,"2024-09-21 18:16:28",18,Sat,2024-09,card,Latte,identified,ANON-0000-0000-0507,32.82,index_1
2024-09-21,"2024-09-21 18:17:30",18,Sat,2024-09,card,Latte,identified,ANON-0000-0000-0507,32.82,index_1
2024-09-21,"2024-09-21 20:29:42",20,Sat,2024-09,card,Americano,identified,ANON-0000-0000-0040,23.02,index_1
2024-09-21,"2024-09-21 20:30:38",20,Sat,2024-09,card,Americano,identified,ANON-0000-0000-0040,23.02,index_1
2024-09-21,"2024-09-21 20:33:58",20,Sat,2024-09,card,Latte,identified,ANON-0000-0000-0602,32.82,index_1
2024-09-21,"2024-09-21 20:35:30",20,Sat,2024-09,card,Latte,identified,ANON-0000-0000-0602,32.82,index_1
2024-09-21,"2024-09-21 22:18:46",22,Sat,2024-09,card,"Americano with Milk",identified,ANON-0000-0000-0647,27.92,index_1
2024-09-21,"2024-09-21 22:19:50",22,Sat,2024-09,card,Americano,identified,ANON-0000-0000-0647,23.02,index_1
2024-09-21,"2024-09-21 22:20:48",22,Sat,2024-09,card,Americano,identified,ANON-0000-0000-0647,23.02,index_1
2024-09-22,"2024-09-22 08:32:54",8,Sun,2024-09,card,Americano,identified,ANON-0000-0000-0648,23.02,index_1
2024-09-22,"2024-09-22 10:12:09",10,Sun,2024-09,card,"Americano with Milk",identified,ANON-0000-0000-0649,27.92,index_1
2024-09-22,"2024-09-22 10:13:08",10,Sun,2024-09,card,Latte,identified,ANON-0000-0000-0649,32.82,index_1
2024-09-22,"2024-09-22 11:06:26",11,Sun,2024-09,card,Cortado,identified,ANON-0000-0000-0650,23.02,index_1
2024-09-22,"2024-09-22 11:07:36",11,Sun,2024-09,card,Cortado,identified,ANON-0000-0000-0650,23.02,index_1
2024-09-22,"2024-09-22 11:51:59",11,Sun,2024-09,card,"Americano with Milk",identified,ANON-0000-0000-0651,27.92,index_1
2024-09-22,"2024-09-22 11:55:12",11,Sun,2024-09,card,Americano,identified,ANON-0000-0000-0099,23.02,index_1
2024-09-22,"2024-09-22 12:07:20",12,Sun,2024-09,card,"Americano with Milk",identified,ANON-0000-0000-0276,27.92,index_1
2024-09-22,"2024-09-22 13:28:14",13,Sun,2024-09,card,"Americano with Milk",identified,ANON-0000-0000-0333,27.92,index_1
2024-09-22,"2024-09-22 13:29:35",13,Sun,2024-09,card,"Americano with Milk",identified,ANON-0000-0000-0333,27.92,index_1
2024-09-22,"2024-09-22 13:33:34",13,Sun,2024-09,card,"Americano with Milk",identified,ANON-0000-0000-0510,27.92,index_1
2024-09-22,"2024-09-22 15:34:10",15,Sun,2024-09,card,Latte,identified,ANON-0000-0000-0652,32.82,index_1
2024-09-22,"2024-09-22 15:35:24",15,Sun,2024-09,card,"Americano with Milk",identified,ANON-0000-0000-0652,27.92,index_1
2024-09-22,"2024-09-22 16:25:03",16,Sun,2024-09,card,Cocoa,identified,ANON-0000-0000-0653,32.82,index_1
2024-09-22,"2024-09-22 20:19:10",20,Sun,2024-09,card,Latte,identified,ANON-0000-0000-0654,32.82,index_1
2024-09-22,"2024-09-22 20:20:35",20,Sun,2024-09,card,Cappuccino,identified,ANON-0000-0000-0654,32.82,index_1
2024-09-22,"2024-09-22 20:46:26",20,Sun,2024-09,card,"Americano with Milk",identified,ANON-0000-0000-0455,27.92,index_1
2024-09-22,"2024-09-22 20:47:35",20,Sun,2024-09,card,"Americano with Milk",identified,ANON-0000-0000-0455,27.92,index_1
2024-09-22,"2024-09-22 21:07:04",21,Sun,2024-09,card,"Americano with Milk",identified,ANON-0000-0000-0655,27.92,index_1
2024-09-22,"2024-09-22 21:08:14",21,Sun,2024-09,card,"Americano with Milk",identified,ANON-0000-0000-0655,27.92,index_1
2024-09-22,"2024-09-22 21:54:04",21,Sun,2024-09,card,"Hot Chocolate",identified,ANON-0000-0000-0637,32.82,index_1
2024-09-22,"2024-09-22 21:54:54",21,Sun,2024-09,card,"Hot Chocolate",identified,ANON-0000-0000-0637,32.82,index_1
2024-09-22,"2024-09-22 22:37:02",22,Sun,2024-09,card,Americano,identified,ANON-0000-0000-0656,23.02,index_1
2024-09-22,"2024-09-22 22:37:58",22,Sun,2024-09,card,"Americano with Milk",identified,ANON-0000-0000-0657,27.92,index_1
2024-09-23,"2024-09-23 09:03:36",9,Mon,2024-09,card,"Americano with Milk",identified,ANON-0000-0000-0276,27.92,index_1
2024-09-23,"2024-09-23 10:04:17",10,Mon,2024-09,card,Cortado,identified,ANON-0000-0000-0141,23.02,index_1
2024-09-23,"2024-09-23 12:11:04",12,Mon,2024-09,card,Americano,identified,ANON-0000-0000-0584,23.02,index_1
2024-09-23,"2024-09-23 14:08:51",14,Mon,2024-09,card,"Americano with Milk",identified,ANON-0000-0000-0573,27.92,index_1
2024-09-23,"2024-09-23 17:27:47",17,Mon,2024-09,card,Cappuccino,identified,ANON-0000-0000-0658,32.82,index_1
2024-09-23,"2024-09-23 18:48:30",18,Mon,2024-09,card,Americano,identified,ANON-0000-0000-0659,23.02,index_1
2024-09-23,"2024-09-23 19:47:21",19,Mon,2024-09,card,Latte,identified,ANON-0000-0000-0507,32.82,index_1
2024-09-23,"2024-09-23 20:09:45",20,Mon,2024-09,card,Cappuccino,identified,ANON-0000-0000-0206,32.82,index_1
2024-09-23,"2024-09-23 22:13:30",22,Mon,2024-09,card,"Americano with Milk",identified,ANON-0000-0000-0641,27.92,index_1
2024-09-23,"2024-09-23 22:15:14",22,Mon,2024-09,card,"Americano with Milk",identified,ANON-0000-0000-0641,27.92,index_1
2024-09-24,"2024-09-24 08:33:32",8,Tue,2024-09,card,"Americano with Milk",identified,ANON-0000-0000-0276,27.92,index_1
2024-09-24,"2024-09-24 12:23:56",12,Tue,2024-09,card,Latte,identified,ANON-0000-0000-0634,32.82,index_1
2024-09-24,"2024-09-24 12:24:54",12,Tue,2024-09,card,Latte,identified,ANON-0000-0000-0634,32.82,index_1
2024-09-24,"2024-09-24 12:46:44",12,Tue,2024-09,card,Latte,identified,ANON-0000-0000-0660,32.82,index_1
2024-09-24,"2024-09-24 12:47:49",12,Tue,2024-09,card,Latte,identified,ANON-0000-0000-0660,32.82,index_1
2024-09-24,"2024-09-24 14:11:39",14,Tue,2024-09,card,Latte,identified,ANON-0000-0000-0661,32.82,index_1
2024-09-24,"2024-09-24 14:31:28",14,Tue,2024-09,card,Cortado,identified,ANON-0000-0000-0662,23.02,index_1
2024-09-24,"2024-09-24 15:37:23",15,Tue,2024-09,card,Cappuccino,identified,ANON-0000-0000-0510,32.82,index_1
2024-09-24,"2024-09-24 16:38:48",16,Tue,2024-09,card,Latte,identified,ANON-0000-0000-0583,32.82,index_1
2024-09-24,"2024-09-24 18:43:02",18,Tue,2024-09,card,Americano,identified,ANON-0000-0000-0408,23.02,index_1
2024-09-24,"2024-09-24 18:43:54",18,Tue,2024-09,card,Americano,identified,ANON-0000-0000-0408,23.02,index_1
2024-09-24,"2024-09-24 20:15:50",20,Tue,2024-09,card,"Hot Chocolate",identified,ANON-0000-0000-0663,32.82,index_1
2024-09-24,"2024-09-24 21:05:14",21,Tue,2024-09,card,Latte,identified,ANON-0000-0000-0631,32.82,index_1
2024-09-24,"2024-09-24 21:06:32",21,Tue,2024-09,card,"Americano with Milk",identified,ANON-0000-0000-0531,27.92,index_1
2024-09-24,"2024-09-24 21:07:34",21,Tue,2024-09,card,"Americano with Milk",identified,ANON-0000-0000-0531,27.92,index_1
2024-09-25,"2024-09-25 07:51:21",7,Wed,2024-09,card,Cappuccino,identified,ANON-0000-0000-0664,32.82,index_1
2024-09-25,"2024-09-25 11:35:32",11,Wed,2024-09,card,Cortado,identified,ANON-0000-0000-0141,23.02,index_1
2024-09-25,"2024-09-25 11:51:15",11,Wed,2024-09,card,"Americano with Milk",identified,ANON-0000-0000-0665,27.92,index_1
2024-09-25,"2024-09-25 11:52:53",11,Wed,2024-09,card,Latte,identified,ANON-0000-0000-0665,32.82,index_1
2024-09-25,"2024-09-25 13:54:51",13,Wed,2024-09,card,"Americano with Milk",identified,ANON-0000-0000-0666,27.92,index_1
2024-09-25,"2024-09-25 13:55:59",13,Wed,2024-09,card,"Americano with Milk",identified,ANON-0000-0000-0666,27.92,index_1
2024-09-25,"2024-09-25 17:36:37",17,Wed,2024-09,card,"Americano with Milk",identified,ANON-0000-0000-0667,27.92,index_1
2024-09-25,"2024-09-25 17:37:31",17,Wed,2024-09,card,"Americano with Milk",identified,ANON-0000-0000-0667,27.92,index_1
2024-09-25,"2024-09-25 21:34:41",21,Wed,2024-09,card,Americano,identified,ANON-0000-0000-0668,23.02,index_1
2024-09-25,"2024-09-25 22:18:51",22,Wed,2024-09,card,"Americano with Milk",identified,ANON-0000-0000-0475,27.92,index_1
2024-09-26,"2024-09-26 08:43:35",8,Thu,2024-09,card,Latte,identified,ANON-0000-0000-0570,32.82,index_1
2024-09-26,"2024-09-26 10:37:06",10,Thu,2024-09,card,"Americano with Milk",identified,ANON-0000-0000-0333,27.92,index_1
2024-09-26,"2024-09-26 10:55:52",10,Thu,2024-09,card,Espresso,identified,ANON-0000-0000-0669,18.12,index_1
2024-09-26,"2024-09-26 11:34:48",11,Thu,2024-09,card,Cappuccino,identified,ANON-0000-0000-0670,32.82,index_1
2024-09-26,"2024-09-26 12:48:01",12,Thu,2024-09,card,Latte,identified,ANON-0000-0000-0671,32.82,index_1
2024-09-26,"2024-09-26 18:21:55",18,Thu,2024-09,card,Latte,identified,ANON-0000-0000-0672,32.82,index_1
2024-09-26,"2024-09-26 22:45:15",22,Thu,2024-09,card,Latte,identified,ANON-0000-0000-0673,32.82,index_1
2024-09-26,"2024-09-26 22:46:17",22,Thu,2024-09,card,Cortado,identified,ANON-0000-0000-0673,23.02,index_1
2024-09-26,"2024-09-26 22:47:24",22,Thu,2024-09,card,"Americano with Milk",identified,ANON-0000-0000-0472,27.92,index_1
2024-09-27,"2024-09-27 09:29:45",9,Fri,2024-09,card,"Americano with Milk",identified,ANON-0000-0000-0276,27.92,index_1
2024-09-27,"2024-09-27 09:33:43",9,Fri,2024-09,card,Cortado,identified,ANON-0000-0000-0141,23.02,index_1
2024-09-27,"2024-09-27 09:41:04",9,Fri,2024-09,card,Cappuccino,identified,ANON-0000-0000-0674,32.82,index_1
2024-09-27,"2024-09-27 10:46:56",10,Fri,2024-09,card,"Americano with Milk",identified,ANON-0000-0000-0333,27.92,index_1
2024-09-27,"2024-09-27 11:35:00",11,Fri,2024-09,card,"Americano with Milk",identified,ANON-0000-0000-0333,27.92,index_1
2024-09-27,"2024-09-27 13:20:31",13,Fri,2024-09,card,Cappuccino,identified,ANON-0000-0000-0675,32.82,index_1
2024-09-27,"2024-09-27 13:25:05",13,Fri,2024-09,card,Cappuccino,identified,ANON-0000-0000-0676,32.82,index_1
2024-09-27,"2024-09-27 13:28:33",13,Fri,2024-09,card,Americano,identified,ANON-0000-0000-0676,23.02,index_1
2024-09-27,"2024-09-27 13:33:52",13,Fri,2024-09,card,"Americano with Milk",identified,ANON-0000-0000-0677,27.92,index_1
2024-09-27,"2024-09-27 18:07:43",18,Fri,2024-09,card,Latte,identified,ANON-0000-0000-0678,32.82,index_1
2024-09-27,"2024-09-27 18:08:58",18,Fri,2024-09,card,Latte,identified,ANON-0000-0000-0678,32.82,index_1
2024-09-27,"2024-09-27 18:37:45",18,Fri,2024-09,card,Cappuccino,identified,ANON-0000-0000-0679,32.82,index_1
2024-09-27,"2024-09-27 18:40:53",18,Fri,2024-09,card,Cappuccino,identified,ANON-0000-0000-0680,32.82,index_1
2024-09-27,"2024-09-27 20:18:13",20,Fri,2024-09,card,Cappuccino,identified,ANON-0000-0000-0408,32.82,index_1
2024-09-27,"2024-09-27 20:19:14",20,Fri,2024-09,card,Cappuccino,identified,ANON-0000-0000-0408,32.82,index_1
2024-09-27,"2024-09-27 20:58:14",20,Fri,2024-09,card,"Americano with Milk",identified,ANON-0000-0000-0681,27.92,index_1
2024-09-28,"2024-09-28 08:06:45",8,Sat,2024-09,card,"Americano with Milk",identified,ANON-0000-0000-0666,27.92,index_1
2024-09-28,"2024-09-28 09:31:14",9,Sat,2024-09,card,"Americano with Milk",identified,ANON-0000-0000-0682,27.92,index_1
2024-09-28,"2024-09-28 14:25:47",14,Sat,2024-09,card,Latte,identified,ANON-0000-0000-0507,35.76,index_1
2024-09-28,"2024-09-28 16:57:20",16,Sat,2024-09,card,Latte,identified,ANON-0000-0000-0683,35.76,index_1
2024-09-28,"2024-09-28 17:26:16",17,Sat,2024-09,card,"Americano with Milk",identified,ANON-0000-0000-0684,30.86,index_1
2024-09-28,"2024-09-28 20:34:31",20,Sat,2024-09,card,Latte,identified,ANON-0000-0000-0445,35.76,index_1
2024-09-28,"2024-09-28 20:38:36",20,Sat,2024-09,card,Latte,identified,ANON-0000-0000-0685,35.76,index_1
2024-09-28,"2024-09-28 22:16:36",22,Sat,2024-09,card,Cappuccino,identified,ANON-0000-0000-0686,35.76,index_1
2024-09-28,"2024-09-28 22:17:29",22,Sat,2024-09,card,Cocoa,identified,ANON-0000-0000-0686,35.76,index_1
2024-09-28,"2024-09-28 22:18:16",22,Sat,2024-09,card,Cortado,identified,ANON-0000-0000-0687,25.96,index_1
2024-09-28,"2024-09-28 22:19:13",22,Sat,2024-09,card,"Hot Chocolate",identified,ANON-0000-0000-0687,35.76,index_1
2024-09-29,"2024-09-29 10:48:45",10,Sun,2024-09,card,Americano,identified,ANON-0000-0000-0467,25.96,index_1
2024-09-29,"2024-09-29 10:50:05",10,Sun,2024-09,card,Cappuccino,identified,ANON-0000-0000-0172,35.76,index_1
2024-09-29,"2024-09-29 10:51:03",10,Sun,2024-09,card,Cappuccino,identified,ANON-0000-0000-0172,35.76,index_1
2024-09-29,"2024-09-29 10:52:23",10,Sun,2024-09,card,Cappuccino,identified,ANON-0000-0000-0172,35.76,index_1
2024-09-29,"2024-09-29 10:53:42",10,Sun,2024-09,card,"Americano with Milk",identified,ANON-0000-0000-0333,30.86,index_1
2024-09-29,"2024-09-29 12:35:43",12,Sun,2024-09,card,Latte,identified,ANON-0000-0000-0683,35.76,index_1
2024-09-29,"2024-09-29 12:50:58",12,Sun,2024-09,card,Cortado,identified,ANON-0000-0000-0141,25.96,index_1
2024-09-29,"2024-09-29 12:54:15",12,Sun,2024-09,card,Latte,identified,ANON-0000-0000-0602,35.76,index_1
2024-09-29,"2024-09-29 12:55:21",12,Sun,2024-09,card,Latte,identified,ANON-0000-0000-0688,35.76,index_1
2024-09-29,"2024-09-29 18:02:27",18,Sun,2024-09,card,Cappuccino,identified,ANON-0000-0000-0689,35.76,index_1
2024-09-29,"2024-09-29 22:31:02",22,Sun,2024-09,card,Latte,identified,ANON-0000-0000-0690,35.76,index_1
2024-09-30,"2024-09-30 08:08:47",8,Mon,2024-09,card,Cortado,identified,ANON-0000-0000-0141,25.96,index_1
2024-09-30,"2024-09-30 08:58:54",8,Mon,2024-09,card,Cortado,identified,ANON-0000-0000-0691,25.96,index_1
2024-09-30,"2024-09-30 09:00:04",9,Mon,2024-09,card,"Hot Chocolate",identified,ANON-0000-0000-0692,35.76,index_1
2024-09-30,"2024-09-30 10:01:09",10,Mon,2024-09,card,"Americano with Milk",identified,ANON-0000-0000-0276,30.86,index_1
2024-09-30,"2024-09-30 10:05:18",10,Mon,2024-09,card,Cortado,identified,ANON-0000-0000-0141,25.96,index_1
2024-09-30,"2024-09-30 11:32:54",11,Mon,2024-09,card,"Americano with Milk",identified,ANON-0000-0000-0693,30.86,index_1
2024-09-30,"2024-09-30 16:45:44",16,Mon,2024-09,card,"Americano with Milk",identified,ANON-0000-0000-0333,30.86,index_1
2024-09-30,"2024-09-30 19:32:18",19,Mon,2024-09,card,Latte,identified,ANON-0000-0000-0507,35.76,index_1
2024-09-30,"2024-09-30 19:53:14",19,Mon,2024-09,card,"Americano with Milk",identified,ANON-0000-0000-0694,30.86,index_1
2024-09-30,"2024-09-30 19:54:17",19,Mon,2024-09,card,Cortado,identified,ANON-0000-0000-0694,25.96,index_1
2024-09-30,"2024-09-30 19:59:18",19,Mon,2024-09,card,Latte,identified,ANON-0000-0000-0631,35.76,index_1
2024-09-30,"2024-09-30 20:00:42",20,Mon,2024-09,card,"Americano with Milk",identified,ANON-0000-0000-0531,30.86,index_1
2024-09-30,"2024-09-30 20:01:42",20,Mon,2024-09,card,"Americano with Milk",identified,ANON-0000-0000-0633,30.86,index_1
2024-09-30,"2024-09-30 21:41:07",21,Mon,2024-09,card,"Americano with Milk",identified,ANON-0000-0000-0695,30.86,index_1
2024-10-01,"2024-10-01 07:47:08",7,Tue,2024-10,card,Latte,identified,ANON-0000-0000-0696,35.76,index_1
2024-10-01,"2024-10-01 09:48:30",9,Tue,2024-10,card,"Americano with Milk",identified,ANON-0000-0000-0276,30.86,index_1
2024-10-01,"2024-10-01 10:02:26",10,Tue,2024-10,card,"Americano with Milk",identified,ANON-0000-0000-0333,30.86,index_1
2024-10-01,"2024-10-01 10:03:47",10,Tue,2024-10,card,"Americano with Milk",identified,ANON-0000-0000-0333,30.86,index_1
2024-10-01,"2024-10-01 11:55:31",11,Tue,2024-10,card,"Americano with Milk",identified,ANON-0000-0000-0697,30.86,index_1
2024-10-01,"2024-10-01 12:12:48",12,Tue,2024-10,card,"Americano with Milk",identified,ANON-0000-0000-0698,30.86,index_1
2024-10-01,"2024-10-01 12:14:23",12,Tue,2024-10,card,"Americano with Milk",identified,ANON-0000-0000-0698,30.86,index_1
2024-10-01,"2024-10-01 14:17:34",14,Tue,2024-10,card,Americano,identified,ANON-0000-0000-0699,25.96,index_1
2024-10-01,"2024-10-01 14:18:52",14,Tue,2024-10,card,"Americano with Milk",identified,ANON-0000-0000-0699,30.86,index_1
2024-10-01,"2024-10-01 16:08:38",16,Tue,2024-10,card,"Hot Chocolate",identified,ANON-0000-0000-0637,35.76,index_1
2024-10-01,"2024-10-01 16:41:54",16,Tue,2024-10,card,Americano,identified,ANON-0000-0000-0700,25.96,index_1
2024-10-01,"2024-10-01 18:08:26",18,Tue,2024-10,card,Latte,identified,ANON-0000-0000-0701,35.76,index_1
2024-10-01,"2024-10-01 18:23:11",18,Tue,2024-10,card,Latte,identified,ANON-0000-0000-0702,35.76,index_1
2024-10-01,"2024-10-01 18:24:14",18,Tue,2024-10,card,"Hot Chocolate",identified,ANON-0000-0000-0702,35.76,index_1
2024-10-01,"2024-10-01 20:03:22",20,Tue,2024-10,card,"Hot Chocolate",identified,ANON-0000-0000-0585,35.76,index_1
2024-10-02,"2024-10-02 07:57:18",7,Wed,2024-10,card,Latte,identified,ANON-0000-0000-0703,35.76,index_1
2024-10-02,"2024-10-02 08:42:44",8,Wed,2024-10,card,Cortado,identified,ANON-0000-0000-0141,25.96,index_1
2024-10-02,"2024-10-02 09:19:17",9,Wed,2024-10,card,"Americano with Milk",identified,ANON-0000-0000-0276,30.86,index_1
2024-10-02,"2024-10-02 10:22:01",10,Wed,2024-10,card,Latte,identified,ANON-0000-0000-0375,35.76,index_1
2024-10-02,"2024-10-02 10:23:55",10,Wed,2024-10,card,"Americano with Milk",identified,ANON-0000-0000-0704,30.86,index_1
2024-10-02,"2024-10-02 11:28:53",11,Wed,2024-10,card,Cappuccino,identified,ANON-0000-0000-0705,35.76,index_1
2024-10-02,"2024-10-02 15:13:42",15,Wed,2024-10,card,Cappuccino,identified,ANON-0000-0000-0706,35.76,index_1
2024-10-02,"2024-10-02 18:31:07",18,Wed,2024-10,card,"Hot Chocolate",identified,ANON-0000-0000-0255,35.76,index_1
2024-10-02,"2024-10-02 22:18:55",22,Wed,2024-10,card,"Hot Chocolate",identified,ANON-0000-0000-0637,35.76,index_1
2024-10-02,"2024-10-02 22:19:40",22,Wed,2024-10,card,"Hot Chocolate",identified,ANON-0000-0000-0637,35.76,index_1
2024-10-02,"2024-10-02 22:20:23",22,Wed,2024-10,card,"Hot Chocolate",identified,ANON-0000-0000-0707,35.76,index_1
2024-10-03,"2024-10-03 13:47:35",13,Thu,2024-10,card,Cocoa,identified,ANON-0000-0000-0708,35.76,index_1
2024-10-03,"2024-10-03 15:12:05",15,Thu,2024-10,card,"Americano with Milk",identified,ANON-0000-0000-0709,30.86,index_1
2024-10-03,"2024-10-03 20:12:57",20,Thu,2024-10,card,Cortado,identified,ANON-0000-0000-0710,25.96,index_1
2024-10-03,"2024-10-03 20:14:04",20,Thu,2024-10,card,"Hot Chocolate",identified,ANON-0000-0000-0710,35.76,index_1
2024-10-03,"2024-10-03 21:21:06",21,Thu,2024-10,card,"Hot Chocolate",identified,ANON-0000-0000-0637,35.76,index_1
2024-10-03,"2024-10-03 21:21:46",21,Thu,2024-10,card,"Hot Chocolate",identified,ANON-0000-0000-0637,35.76,index_1
2024-10-03,"2024-10-03 21:29:03",21,Thu,2024-10,card,Cappuccino,identified,ANON-0000-0000-0711,35.76,index_1
2024-10-03,"2024-10-03 21:31:00",21,Thu,2024-10,card,"Hot Chocolate",identified,ANON-0000-0000-0712,35.76,index_1
2024-10-04,"2024-10-04 08:44:00",8,Fri,2024-10,card,Americano,identified,ANON-0000-0000-0440,25.96,index_1
2024-10-04,"2024-10-04 08:45:38",8,Fri,2024-10,card,Americano,identified,ANON-0000-0000-0440,25.96,index_1
2024-10-04,"2024-10-04 09:30:22",9,Fri,2024-10,card,"Americano with Milk",identified,ANON-0000-0000-0004,30.86,index_1
2024-10-04,"2024-10-04 09:31:27",9,Fri,2024-10,card,Americano,identified,ANON-0000-0000-0003,25.96,index_1
2024-10-04,"2024-10-04 09:53:58",9,Fri,2024-10,card,Cortado,identified,ANON-0000-0000-0650,25.96,index_1
2024-10-04,"2024-10-04 09:55:04",9,Fri,2024-10,card,Cortado,identified,ANON-0000-0000-0650,25.96,index_1
2024-10-04,"2024-10-04 17:35:14",17,Fri,2024-10,card,Latte,identified,ANON-0000-0000-0713,35.76,index_1
2024-10-04,"2024-10-04 17:42:22",17,Fri,2024-10,card,"Hot Chocolate",identified,ANON-0000-0000-0714,35.76,index_1
2024-10-04,"2024-10-04 17:44:36",17,Fri,2024-10,card,Cocoa,identified,ANON-0000-0000-0714,35.76,index_1
2024-10-05,"2024-10-05 09:00:46",9,Sat,2024-10,card,Cortado,identified,ANON-0000-0000-0141,25.96,index_1
2024-10-05,"2024-10-05 09:01:42",9,Sat,2024-10,card,Cortado,identified,ANON-0000-0000-0141,25.96,index_1
2024-10-05,"2024-10-05 09:35:44",9,Sat,2024-10,card,Cocoa,identified,ANON-0000-0000-0715,35.76,index_1
2024-10-05,"2024-10-05 13:12:13",13,Sat,2024-10,card,Cappuccino,identified,ANON-0000-0000-0206,35.76,index_1
2024-10-05,"2024-10-05 20:08:38",20,Sat,2024-10,card,Americano,identified,ANON-0000-0000-0012,25.96,index_1
2024-10-05,"2024-10-05 20:09:33",20,Sat,2024-10,card,Americano,identified,ANON-0000-0000-0012,25.96,index_1
2024-10-06,"2024-10-06 08:22:56",8,Sun,2024-10,card,Cortado,identified,ANON-0000-0000-0141,25.96,index_1
2024-10-06,"2024-10-06 10:05:43",10,Sun,2024-10,card,Cappuccino,identified,ANON-0000-0000-0195,35.76,index_1
2024-10-06,"2024-10-06 10:06:47",10,Sun,2024-10,card,Cortado,identified,ANON-0000-0000-0195,25.96,index_1
2024-10-06,"2024-10-06 11:55:28",11,Sun,2024-10,card,Latte,identified,ANON-0000-0000-0716,35.76,index_1
2024-10-06,"2024-10-06 12:09:03",12,Sun,2024-10,card,Latte,identified,ANON-0000-0000-0665,35.76,index_1
2024-10-06,"2024-10-06 12:10:17",12,Sun,2024-10,card,Cappuccino,identified,ANON-0000-0000-0665,35.76,index_1
2024-10-06,"2024-10-06 12:11:43",12,Sun,2024-10,card,"Americano with Milk",identified,ANON-0000-0000-0665,30.86,index_1
2024-10-06,"2024-10-06 13:46:03",13,Sun,2024-10,card,Americano,identified,ANON-0000-0000-0717,25.96,index_1
2024-10-06,"2024-10-06 13:47:01",13,Sun,2024-10,card,Cappuccino,identified,ANON-0000-0000-0717,35.76,index_1
2024-10-06,"2024-10-06 13:50:00",13,Sun,2024-10,card,"Americano with Milk",identified,ANON-0000-0000-0718,30.86,index_1
2024-10-06,"2024-10-06 13:51:04",13,Sun,2024-10,card,Latte,identified,ANON-0000-0000-0718,35.76,index_1
2024-10-06,"2024-10-06 13:51:56",13,Sun,2024-10,card,Cappuccino,identified,ANON-0000-0000-0718,35.76,index_1
2024-10-06,"2024-10-06 16:31:33",16,Sun,2024-10,card,Cappuccino,identified,ANON-0000-0000-0719,35.76,index_1
2024-10-06,"2024-10-06 16:35:45",16,Sun,2024-10,card,Espresso,identified,ANON-0000-0000-0720,21.06,index_1
2024-10-06,"2024-10-06 18:17:44",18,Sun,2024-10,card,"Americano with Milk",identified,ANON-0000-0000-0721,30.86,index_1
2024-10-06,"2024-10-06 18:35:16",18,Sun,2024-10,card,"Hot Chocolate",identified,ANON-0000-0000-0722,35.76,index_1
2024-10-06,"2024-10-06 21:09:12",21,Sun,2024-10,card,"Hot Chocolate",identified,ANON-0000-0000-0723,35.76,index_1
2024-10-06,"2024-10-06 21:10:00",21,Sun,2024-10,card,"Hot Chocolate",identified,ANON-0000-0000-0723,35.76,index_1
2024-10-06,"2024-10-06 21:10:45",21,Sun,2024-10,card,"Hot Chocolate",identified,ANON-0000-0000-0636,35.76,index_1
2024-10-06,"2024-10-06 21:16:48",21,Sun,2024-10,card,Latte,identified,ANON-0000-0000-0637,35.76,index_1
2024-10-07,"2024-10-07 08:33:36",8,Mon,2024-10,card,Latte,identified,ANON-0000-0000-0724,35.76,index_1
2024-10-07,"2024-10-07 08:49:36",8,Mon,2024-10,card,Latte,identified,ANON-0000-0000-0385,35.76,index_1
2024-10-07,"2024-10-07 08:50:41",8,Mon,2024-10,card,"Americano with Milk",identified,ANON-0000-0000-0385,30.86,index_1
2024-10-07,"2024-10-07 09:05:28",9,Mon,2024-10,card,Cocoa,identified,ANON-0000-0000-0725,35.76,index_1
2024-10-07,"2024-10-07 09:09:58",9,Mon,2024-10,card,Latte,identified,ANON-0000-0000-0726,35.76,index_1
2024-10-07,"2024-10-07 12:17:56",12,Mon,2024-10,card,"Americano with Milk",identified,ANON-0000-0000-0727,30.86,index_1
2024-10-07,"2024-10-07 14:31:45",14,Mon,2024-10,card,Americano,identified,ANON-0000-0000-0728,25.96,index_1
2024-10-07,"2024-10-07 14:32:38",14,Mon,2024-10,card,Americano,identified,ANON-0000-0000-0728,25.96,index_1
2024-10-07,"2024-10-07 17:48:55",17,Mon,2024-10,card,Latte,identified,ANON-0000-0000-0494,35.76,index_1
2024-10-07,"2024-10-07 21:14:42",21,Mon,2024-10,card,"Hot Chocolate",identified,ANON-0000-0000-0636,35.76,index_1
2024-10-07,"2024-10-07 21:15:20",21,Mon,2024-10,card,"Hot Chocolate",identified,ANON-0000-0000-0636,35.76,index_1
2024-10-07,"2024-10-07 21:40:48",21,Mon,2024-10,card,Latte,identified,ANON-0000-0000-0598,35.76,index_1
2024-10-08,"2024-10-08 08:11:50",8,Tue,2024-10,card,Latte,identified,ANON-0000-0000-0703,35.76,index_1
2024-10-08,"2024-10-08 09:05:14",9,Tue,2024-10,card,"Americano with Milk",identified,ANON-0000-0000-0276,30.86,index_1
2024-10-08,"2024-10-08 10:22:31",10,Tue,2024-10,card,Americano,identified,ANON-0000-0000-0700,25.96,index_1
2024-10-08,"2024-10-08 10:27:08",10,Tue,2024-10,card,Latte,identified,ANON-0000-0000-0683,35.76,index_1
2024-10-08,"2024-10-08 11:30:10",11,Tue,2024-10,card,Latte,identified,ANON-0000-0000-0726,35.76,index_1
2024-10-08,"2024-10-08 12:48:04",12,Tue,2024-10,card,Americano,identified,ANON-0000-0000-0225,25.96,index_1
2024-10-08,"2024-10-08 12:49:04",12,Tue,2024-10,card,Americano,identified,ANON-0000-0000-0225,25.96,index_1
2024-10-08,"2024-10-08 13:04:00",13,Tue,2024-10,card,Latte,identified,ANON-0000-0000-0729,35.76,index_1
2024-10-08,"2024-10-08 13:04:59",13,Tue,2024-10,card,Latte,identified,ANON-0000-0000-0729,35.76,index_1
2024-10-08,"2024-10-08 14:42:52",14,Tue,2024-10,card,Latte,identified,ANON-0000-0000-0507,35.76,index_1
2024-10-08,"2024-10-08 15:13:41",15,Tue,2024-10,card,Latte,identified,ANON-0000-0000-0475,35.76,index_1
2024-10-08,"2024-10-08 15:19:52",15,Tue,2024-10,card,Americano,identified,ANON-0000-0000-0050,25.96,index_1
2024-10-08,"2024-10-08 15:50:43",15,Tue,2024-10,card,"Americano with Milk",identified,ANON-0000-0000-0730,30.86,index_1
2024-10-08,"2024-10-08 20:40:40",20,Tue,2024-10,card,"Hot Chocolate",identified,ANON-0000-0000-0731,35.76,index_1
2024-10-08,"2024-10-08 20:41:33",20,Tue,2024-10,card,Cappuccino,identified,ANON-0000-0000-0731,35.76,index_1
2024-10-08,"2024-10-08 20:51:08",20,Tue,2024-10,card,Latte,identified,ANON-0000-0000-0732,35.76,index_1
2024-10-08,"2024-10-08 21:24:32",21,Tue,2024-10,card,"Americano with Milk",identified,ANON-0000-0000-0040,30.86,index_1
2024-10-08,"2024-10-08 21:25:32",21,Tue,2024-10,card,"Americano with Milk",identified,ANON-0000-0000-0040,30.86,index_1
2024-10-09,"2024-10-09 07:54:42",7,Wed,2024-10,card,Latte,identified,ANON-0000-0000-0570,35.76,index_1
2024-10-09,"2024-10-09 08:25:57",8,Wed,2024-10,card,"Americano with Milk",identified,ANON-0000-0000-0276,30.86,index_1
2024-10-09,"2024-10-09 09:43:21",9,Wed,2024-10,card,"Americano with Milk",identified,ANON-0000-0000-0424,30.86,index_1
2024-10-09,"2024-10-09 09:59:39",9,Wed,2024-10,card,Latte,identified,ANON-0000-0000-0494,35.76,index_1
2024-10-09,"2024-10-09 10:37:56",10,Wed,2024-10,card,Espresso,identified,ANON-0000-0000-0733,21.06,index_1
2024-10-09,"2024-10-09 11:18:02",11,Wed,2024-10,card,Americano,identified,ANON-0000-0000-0734,25.96,index_1
2024-10-09,"2024-10-09 13:03:08",13,Wed,2024-10,card,Latte,identified,ANON-0000-0000-0726,35.76,index_1
2024-10-09,"2024-10-09 13:52:34",13,Wed,2024-10,card,"Americano with Milk",identified,ANON-0000-0000-0735,30.86,index_1
2024-10-09,"2024-10-09 17:26:44",17,Wed,2024-10,card,Cappuccino,identified,ANON-0000-0000-0658,35.76,index_1
2024-10-09,"2024-10-09 17:27:48",17,Wed,2024-10,card,Americano,identified,ANON-0000-0000-0658,25.96,index_1
2024-10-09,"2024-10-09 17:49:59",17,Wed,2024-10,card,Espresso,identified,ANON-0000-0000-0736,21.06,index_1
2024-10-09,"2024-10-09 20:49:12",20,Wed,2024-10,card,Cappuccino,identified,ANON-0000-0000-0737,35.76,index_1
2024-10-10,"2024-10-10 08:48:06",8,Thu,2024-10,card,Americano,identified,ANON-0000-0000-0003,25.96,index_1
2024-10-10,"2024-10-10 09:23:20",9,Thu,2024-10,card,"Americano with Milk",identified,ANON-0000-0000-0276,30.86,index_1
2024-10-10,"2024-10-10 09:51:44",9,Thu,2024-10,card,"Hot Chocolate",identified,ANON-0000-0000-0738,35.76,index_1
2024-10-10,"2024-10-10 10:05:09",10,Thu,2024-10,card,Latte,identified,ANON-0000-0000-0375,35.76,index_1
2024-10-10,"2024-10-10 10:42:43",10,Thu,2024-10,card,Cortado,identified,ANON-0000-0000-0141,25.96,index_1
2024-10-10,"2024-10-10 10:43:30",10,Thu,2024-10,card,Cortado,identified,ANON-0000-0000-0141,25.96,index_1
2024-10-10,"2024-10-10 10:55:32",10,Thu,2024-10,card,Latte,identified,ANON-0000-0000-0739,35.76,index_1
2024-10-10,"2024-10-10 11:04:19",11,Thu,2024-10,card,Latte,identified,ANON-0000-0000-0740,35.76,index_1
2024-10-10,"2024-10-10 15:05:42",15,Thu,2024-10,card,Cappuccino,identified,ANON-0000-0000-0510,35.76,index_1
2024-10-10,"2024-10-10 17:40:44",17,Thu,2024-10,card,Latte,identified,ANON-0000-0000-0741,35.76,index_1
2024-10-10,"2024-10-10 18:18:32",18,Thu,2024-10,card,Americano,identified,ANON-0000-0000-0742,25.96,index_1
2024-10-10,"2024-10-10 18:56:30",18,Thu,2024-10,card,"Americano with Milk",identified,ANON-0000-0000-0713,30.86,index_1
2024-10-10,"2024-10-10 18:57:35",18,Thu,2024-10,card,Latte,identified,ANON-0000-0000-0713,35.76,index_1
2024-10-10,"2024-10-10 22:33:16",22,Thu,2024-10,card,"Hot Chocolate",identified,ANON-0000-0000-0637,35.76,index_1
2024-10-10,"2024-10-10 22:33:59",22,Thu,2024-10,card,"Hot Chocolate",identified,ANON-0000-0000-0637,35.76,index_1
2024-10-11,"2024-10-11 07:54:51",7,Fri,2024-10,card,"Americano with Milk",identified,ANON-0000-0000-0276,30.86,index_1
2024-10-11,"2024-10-11 08:00:50",8,Fri,2024-10,card,Latte,identified,ANON-0000-0000-0703,35.76,index_1
2024-10-11,"2024-10-11 08:12:20",8,Fri,2024-10,card,Cortado,identified,ANON-0000-0000-0141,25.96,index_1
2024-10-11,"2024-10-11 08:28:18",8,Fri,2024-10,card,Latte,identified,ANON-0000-0000-0570,35.76,index_1
2024-10-11,"2024-10-11 08:29:22",8,Fri,2024-10,card,Cocoa,identified,ANON-0000-0000-0570,35.76,index_1
2024-10-11,"2024-10-11 08:55:43",8,Fri,2024-10,card,Cocoa,identified,ANON-0000-0000-0725,35.76,index_1
2024-10-11,"2024-10-11 08:56:58",8,Fri,2024-10,card,"Americano with Milk",identified,ANON-0000-0000-0726,30.86,index_1
2024-10-11,"2024-10-11 08:58:09",8,Fri,2024-10,card,"Hot Chocolate",identified,ANON-0000-0000-0743,35.76,index_1
2024-10-11,"2024-10-11 09:31:42",9,Fri,2024-10,card,"Americano with Milk",identified,ANON-0000-0000-0744,30.86,index_1
2024-10-11,"2024-10-11 09:38:46",9,Fri,2024-10,card,Cortado,identified,ANON-0000-0000-0402,25.96,index_1
2024-10-11,"2024-10-11 10:00:40",10,Fri,2024-10,card,Americano,identified,ANON-0000-0000-0375,25.96,index_1
2024-10-11,"2024-10-11 10:01:54",10,Fri,2024-10,card,Americano,identified,ANON-0000-0000-0375,25.96,index_1
2024-10-11,"2024-10-11 10:30:35",10,Fri,2024-10,card,"Americano with Milk",identified,ANON-0000-0000-0242,30.86,index_1
2024-10-11,"2024-10-11 13:05:01",13,Fri,2024-10,card,Latte,identified,ANON-0000-0000-0740,35.76,index_1
2024-10-11,"2024-10-11 13:29:02",13,Fri,2024-10,card,Americano,identified,ANON-0000-0000-0012,25.96,index_1
2024-10-11,"2024-10-11 13:30:09",13,Fri,2024-10,card,Americano,identified,ANON-0000-0000-0012,25.96,index_1
2024-10-11,"2024-10-11 14:33:40",14,Fri,2024-10,card,Cocoa,identified,ANON-0000-0000-0745,35.76,index_1
2024-10-11,"2024-10-11 14:35:29",14,Fri,2024-10,card,Americano,identified,ANON-0000-0000-0745,25.96,index_1
2024-10-11,"2024-10-11 14:50:08",14,Fri,2024-10,card,Cappuccino,identified,ANON-0000-0000-0714,35.76,index_1
2024-10-11,"2024-10-11 17:12:07",17,Fri,2024-10,card,Latte,identified,ANON-0000-0000-0746,35.76,index_1
2024-10-11,"2024-10-11 17:13:21",17,Fri,2024-10,card,"Hot Chocolate",identified,ANON-0000-0000-0746,35.76,index_1
2024-10-11,"2024-10-11 17:26:11",17,Fri,2024-10,card,"Hot Chocolate",identified,ANON-0000-0000-0747,35.76,index_1
2024-10-11,"2024-10-11 21:48:37",21,Fri,2024-10,card,Latte,identified,ANON-0000-0000-0690,35.76,index_1
2024-10-11,"2024-10-11 21:53:53",21,Fri,2024-10,card,"Americano with Milk",identified,ANON-0000-0000-0748,30.86,index_1
2024-10-11,"2024-10-11 22:36:27",22,Fri,2024-10,card,"Hot Chocolate",identified,ANON-0000-0000-0749,35.76,index_1
2024-10-11,"2024-10-11 22:37:26",22,Fri,2024-10,card,"Hot Chocolate",identified,ANON-0000-0000-0749,35.76,index_1
2024-10-12,"2024-10-12 08:28:15",8,Sat,2024-10,card,Cortado,identified,ANON-0000-0000-0141,25.96,index_1
2024-10-12,"2024-10-12 10:31:38",10,Sat,2024-10,card,Cortado,identified,ANON-0000-0000-0650,25.96,index_1
2024-10-12,"2024-10-12 10:32:55",10,Sat,2024-10,card,Cortado,identified,ANON-0000-0000-0650,25.96,index_1
2024-10-12,"2024-10-12 11:52:15",11,Sat,2024-10,card,Latte,identified,ANON-0000-0000-0507,35.76,index_1
2024-10-12,"2024-10-12 11:53:41",11,Sat,2024-10,card,"Americano with Milk",identified,ANON-0000-0000-0750,30.86,index_1
2024-10-12,"2024-10-12 13:18:47",13,Sat,2024-10,card,Cappuccino,identified,ANON-0000-0000-0751,35.76,index_1
2024-10-12,"2024-10-12 20:10:53",20,Sat,2024-10,card,Latte,identified,ANON-0000-0000-0507,35.76,index_1
2024-10-13,"2024-10-13 09:54:55",9,Sun,2024-10,card,Cortado,identified,ANON-0000-0000-0141,25.96,index_1
2024-10-13,"2024-10-13 12:20:46",12,Sun,2024-10,card,"Americano with Milk",identified,ANON-0000-0000-0752,30.86,index_1
2024-10-13,"2024-10-13 13:32:29",13,Sun,2024-10,card,Cortado,identified,ANON-0000-0000-0650,25.96,index_1
2024-10-13,"2024-10-13 13:33:29",13,Sun,2024-10,card,Espresso,identified,ANON-0000-0000-0650,21.06,index_1
2024-10-13,"2024-10-13 13:34:25",13,Sun,2024-10,card,Cortado,identified,ANON-0000-0000-0650,25.96,index_1
2024-10-13,"2024-10-13 17:53:20",17,Sun,2024-10,card,Latte,identified,ANON-0000-0000-0507,35.76,index_1
2024-10-13,"2024-10-13 17:54:22",17,Sun,2024-10,card,Latte,identified,ANON-0000-0000-0507,35.76,index_1
2024-10-13,"2024-10-13 18:22:58",18,Sun,2024-10,card,Cappuccino,identified,ANON-0000-0000-0753,35.76,index_1
2024-10-13,"2024-10-13 20:43:04",20,Sun,2024-10,card,Cappuccino,identified,ANON-0000-0000-0257,35.76,index_1
2024-10-14,"2024-10-14 08:26:54",8,Mon,2024-10,card,"Americano with Milk",identified,ANON-0000-0000-0276,30.86,index_1
2024-10-14,"2024-10-14 09:49:54",9,Mon,2024-10,card,Cocoa,identified,ANON-0000-0000-0754,35.76,index_1
2024-10-14,"2024-10-14 10:27:51",10,Mon,2024-10,card,Cortado,identified,ANON-0000-0000-0141,25.96,index_1
2024-10-14,"2024-10-14 10:38:06",10,Mon,2024-10,card,Latte,identified,ANON-0000-0000-0440,35.76,index_1
2024-10-14,"2024-10-14 10:39:13",10,Mon,2024-10,card,Latte,identified,ANON-0000-0000-0440,35.76,index_1
2024-10-14,"2024-10-14 11:23:50",11,Mon,2024-10,card,Cappuccino,identified,ANON-0000-0000-0755,35.76,index_1
2024-10-14,"2024-10-14 11:25:37",11,Mon,2024-10,card,Americano,identified,ANON-0000-0000-0225,25.96,index_1
2024-10-14,"2024-10-14 11:26:45",11,Mon,2024-10,card,Americano,identified,ANON-0000-0000-0225,25.96,index_1
2024-10-14,"2024-10-14 14:36:07",14,Mon,2024-10,card,Latte,identified,ANON-0000-0000-0756,35.76,index_1
2024-10-14,"2024-10-14 14:49:51",14,Mon,2024-10,card,Latte,identified,ANON-0000-0000-0507,35.76,index_1
2024-10-14,"2024-10-14 16:37:47",16,Mon,2024-10,card,Americano,identified,ANON-0000-0000-0757,25.96,index_1
2024-10-14,"2024-10-14 18:19:19",18,Mon,2024-10,card,Latte,identified,ANON-0000-0000-0758,35.76,index_1
2024-10-14,"2024-10-14 18:20:20",18,Mon,2024-10,card,Cappuccino,identified,ANON-0000-0000-0758,35.76,index_1
2024-10-14,"2024-10-14 22:08:53",22,Mon,2024-10,card,Latte,identified,ANON-0000-0000-0759,35.76,index_1
2024-10-14,"2024-10-14 22:10:23",22,Mon,2024-10,card,Latte,identified,ANON-0000-0000-0760,35.76,index_1
2024-10-14,"2024-10-14 22:21:53",22,Mon,2024-10,card,Latte,identified,ANON-0000-0000-0510,35.76,index_1
2024-10-15,"2024-10-15 08:14:28",8,Tue,2024-10,card,Cortado,identified,ANON-0000-0000-0141,25.96,index_1
2024-10-15,"2024-10-15 08:34:17",8,Tue,2024-10,card,Espresso,identified,ANON-0000-0000-0761,21.06,index_1
2024-10-15,"2024-10-15 11:13:21",11,Tue,2024-10,card,"Hot Chocolate",identified,ANON-0000-0000-0762,35.76,index_1
2024-10-15,"2024-10-15 11:15:20",11,Tue,2024-10,card,Latte,identified,ANON-0000-0000-0736,35.76,index_1
2024-10-15,"2024-10-15 11:16:27",11,Tue,2024-10,card,"Hot Chocolate",identified,ANON-0000-0000-0736,35.76,index_1
2024-10-15,"2024-10-15 13:00:43",13,Tue,2024-10,card,Latte,identified,ANON-0000-0000-0763,35.76,index_1
2024-10-15,"2024-10-15 13:15:44",13,Tue,2024-10,card,"Americano with Milk",identified,ANON-0000-0000-0764,30.86,index_1
2024-10-15,"2024-10-15 15:32:11",15,Tue,2024-10,card,Latte,identified,ANON-0000-0000-0683,35.76,index_1
2024-10-15,"2024-10-15 15:54:16",15,Tue,2024-10,card,Americano,identified,ANON-0000-0000-0765,25.96,index_1
2024-10-15,"2024-10-15 15:55:19",15,Tue,2024-10,card,Espresso,identified,ANON-0000-0000-0765,21.06,index_1
2024-10-15,"2024-10-15 17:04:11",17,Tue,2024-10,card,"Hot Chocolate",identified,ANON-0000-0000-0766,35.76,index_1
2024-10-15,"2024-10-15 19:22:21",19,Tue,2024-10,card,Americano,identified,ANON-0000-0000-0767,25.96,index_1
2024-10-15,"2024-10-15 19:23:17",19,Tue,2024-10,card,Cocoa,identified,ANON-0000-0000-0767,35.76,index_1
2024-10-15,"2024-10-15 20:11:14",20,Tue,2024-10,card,Latte,identified,ANON-0000-0000-0507,35.76,index_1
2024-10-15,"2024-10-15 20:12:28",20,Tue,2024-10,card,Latte,identified,ANON-0000-0000-0507,35.76,index_1
2024-10-15,"2024-10-15 21:18:08",21,Tue,2024-10,card,"Hot Chocolate",identified,ANON-0000-0000-0040,35.76,index_1
2024-10-15,"2024-10-15 21:35:19",21,Tue,2024-10,card,"Hot Chocolate",identified,ANON-0000-0000-0040,35.76,index_1
2024-10-15,"2024-10-15 22:15:19",22,Tue,2024-10,card,Latte,identified,ANON-0000-0000-0690,35.76,index_1
2024-10-16,"2024-10-16 08:21:26",8,Wed,2024-10,card,"Americano with Milk",identified,ANON-0000-0000-0276,30.86,index_1
2024-10-16,"2024-10-16 08:36:23",8,Wed,2024-10,card,"Hot Chocolate",identified,ANON-0000-0000-0696,35.76,index_1
2024-10-16,"2024-10-16 09:25:51",9,Wed,2024-10,card,Latte,identified,ANON-0000-0000-0570,35.76,index_1
2024-10-16,"2024-10-16 10:15:47",10,Wed,2024-10,card,"Americano with Milk",identified,ANON-0000-0000-0571,30.86,index_1
2024-10-16,"2024-10-16 10:16:53",10,Wed,2024-10,card,"Americano with Milk",identified,ANON-0000-0000-0571,30.86,index_1
2024-10-16,"2024-10-16 10:45:24",10,Wed,2024-10,card,"Americano with Milk",identified,ANON-0000-0000-0333,30.86,index_1
2024-10-16,"2024-10-16 11:49:44",11,Wed,2024-10,card,Americano,identified,ANON-0000-0000-0768,25.96,index_1
2024-10-16,"2024-10-16 12:29:44",12,Wed,2024-10,card,"Americano with Milk",identified,ANON-0000-0000-0769,30.86,index_1
2024-10-16,"2024-10-16 13:20:10",13,Wed,2024-10,card,Americano,identified,ANON-0000-0000-0764,25.96,index_1
2024-10-16,"2024-10-16 16:45:29",16,Wed,2024-10,card,Latte,identified,ANON-0000-0000-0770,35.76,index_1
2024-10-16,"2024-10-16 17:43:20",17,Wed,2024-10,card,"Americano with Milk",identified,ANON-0000-0000-0510,30.86,index_1
2024-10-16,"2024-10-16 19:37:42",19,Wed,2024-10,card,"Americano with Milk",identified,ANON-0000-0000-0771,30.86,index_1
2024-10-16,"2024-10-16 19:38:36",19,Wed,2024-10,card,"Americano with Milk",identified,ANON-0000-0000-0771,30.86,index_1
2024-10-16,"2024-10-16 21:20:28",21,Wed,2024-10,card,"Hot Chocolate",identified,ANON-0000-0000-0772,35.76,index_1
2024-10-17,"2024-10-17 07:47:00",7,Thu,2024-10,card,Latte,identified,ANON-0000-0000-0696,35.76,index_1
2024-10-17,"2024-10-17 07:58:06",7,Thu,2024-10,card,Latte,identified,ANON-0000-0000-0570,35.76,index_1
2024-10-17,"2024-10-17 09:24:27",9,Thu,2024-10,card,"Americano with Milk",identified,ANON-0000-0000-0773,30.86,index_1
2024-10-17,"2024-10-17 10:26:37",10,Thu,2024-10,card,Latte,identified,ANON-0000-0000-0510,35.76,index_1
2024-10-17,"2024-10-17 10:44:54",10,Thu,2024-10,card,"Hot Chocolate",identified,ANON-0000-0000-0313,35.76,index_1
2024-10-17,"2024-10-17 11:59:26",11,Thu,2024-10,card,"Americano with Milk",identified,ANON-0000-0000-0774,30.86,index_1
2024-10-17,"2024-10-17 13:57:24",13,Thu,2024-10,card,Latte,identified,ANON-0000-0000-0775,35.76,index_1
2024-10-17,"2024-10-17 14:34:42",14,Thu,2024-10,card,Americano,identified,ANON-0000-0000-0776,25.96,index_1
2024-10-17,"2024-10-17 16:37:12",16,Thu,2024-10,card,"Hot Chocolate",identified,ANON-0000-0000-0702,35.76,index_1
2024-10-17,"2024-10-17 16:38:17",16,Thu,2024-10,card,"Hot Chocolate",identified,ANON-0000-0000-0702,35.76,index_1
2024-10-17,"2024-10-17 16:39:09",16,Thu,2024-10,card,Latte,identified,ANON-0000-0000-0702,35.76,index_1
2024-10-17,"2024-10-17 16:48:35",16,Thu,2024-10,card,"Hot Chocolate",identified,ANON-0000-0000-0777,35.76,index_1
2024-10-17,"2024-10-17 16:49:33",16,Thu,2024-10,card,"Hot Chocolate",identified,ANON-0000-0000-0777,35.76,index_1
2024-10-17,"2024-10-17 17:08:27",17,Thu,2024-10,card,Cappuccino,identified,ANON-0000-0000-0258,35.76,index_1
2024-10-17,"2024-10-17 17:09:30",17,Thu,2024-10,card,"Hot Chocolate",identified,ANON-0000-0000-0258,35.76,index_1
2024-10-17,"2024-10-17 19:43:12",19,Thu,2024-10,card,Latte,identified,ANON-0000-0000-0507,35.76,index_1
2024-10-17,"2024-10-17 20:11:36",20,Thu,2024-10,card,"Americano with Milk",identified,ANON-0000-0000-0778,30.86,index_1
2024-10-17,"2024-10-17 21:46:12",21,Thu,2024-10,card,Latte,identified,ANON-0000-0000-0779,35.76,index_1
2024-10-17,"2024-10-17 21:47:20",21,Thu,2024-10,card,Latte,identified,ANON-0000-0000-0779,35.76,index_1
2024-10-17,"2024-10-17 21:48:31",21,Thu,2024-10,card,Latte,identified,ANON-0000-0000-0779,35.76,index_1
2024-10-17,"2024-10-17 21:49:54",21,Thu,2024-10,card,"Hot Chocolate",identified,ANON-0000-0000-0779,35.76,index_1
2024-10-18,"2024-10-18 08:41:59",8,Fri,2024-10,card,Cocoa,identified,ANON-0000-0000-0012,35.76,index_1
2024-10-18,"2024-10-18 08:42:59",8,Fri,2024-10,card,Cocoa,identified,ANON-0000-0000-0054,35.76,index_1
2024-10-18,"2024-10-18 09:32:41",9,Fri,2024-10,card,Cocoa,identified,ANON-0000-0000-0003,35.76,index_1
2024-10-18,"2024-10-18 09:34:08",9,Fri,2024-10,card,Cocoa,identified,ANON-0000-0000-0003,35.76,index_1
2024-10-18,"2024-10-18 09:55:20",9,Fri,2024-10,card,Cappuccino,identified,ANON-0000-0000-0780,35.76,index_1
2024-10-18,"2024-10-18 11:54:58",11,Fri,2024-10,card,Cappuccino,identified,ANON-0000-0000-0780,35.76,index_1
2024-10-18,"2024-10-18 14:51:04",14,Fri,2024-10,card,Latte,identified,ANON-0000-0000-0781,35.76,index_1
2024-10-18,"2024-10-18 14:52:15",14,Fri,2024-10,card,Cappuccino,identified,ANON-0000-0000-0781,35.76,index_1
2024-10-18,"2024-10-18 15:39:19",15,Fri,2024-10,card,Americano,identified,ANON-0000-0000-0683,25.96,index_1
2024-10-18,"2024-10-18 16:09:57",16,Fri,2024-10,card,Latte,identified,ANON-0000-0000-0782,35.76,index_1
2024-10-18,"2024-10-18 17:45:38",17,Fri,2024-10,card,"Hot Chocolate",identified,ANON-0000-0000-0783,35.76,index_1
2024-10-18,"2024-10-18 21:14:40",21,Fri,2024-10,card,Cocoa,identified,ANON-0000-0000-0012,35.76,index_1
2024-10-18,"2024-10-18 21:15:22",21,Fri,2024-10,card,Cocoa,identified,ANON-0000-0000-0012,35.76,index_1
2024-10-18,"2024-10-18 21:52:23",21,Fri,2024-10,card,"Americano with Milk",identified,ANON-0000-0000-0784,30.86,index_1
2024-10-18,"2024-10-18 22:03:26",22,Fri,2024-10,card,Latte,identified,ANON-0000-0000-0690,35.76,index_1
2024-10-19,"2024-10-19 08:34:13",8,Sat,2024-10,card,"Americano with Milk",identified,ANON-0000-0000-0785,30.86,index_1
2024-10-19,"2024-10-19 13:22:06",13,Sat,2024-10,card,Latte,identified,ANON-0000-0000-0019,35.76,index_1
2024-10-19,"2024-10-19 14:10:32",14,Sat,2024-10,card,Cappuccino,identified,ANON-0000-0000-0355,35.76,index_1
2024-10-19,"2024-10-19 15:56:55",15,Sat,2024-10,card,"Hot Chocolate",identified,ANON-0000-0000-0507,35.76,index_1
2024-10-19,"2024-10-19 15:59:24",15,Sat,2024-10,card,Latte,identified,ANON-0000-0000-0507,35.76,index_1
2024-10-19,"2024-10-19 16:02:45",16,Sat,2024-10,card,Latte,identified,ANON-0000-0000-0494,35.76,index_1
2024-10-19,"2024-10-19 16:17:42",16,Sat,2024-10,card,Latte,identified,ANON-0000-0000-0696,35.76,index_1
2024-10-19,"2024-10-19 21:46:45",21,Sat,2024-10,card,Cocoa,identified,ANON-0000-0000-0690,35.76,index_1
2024-10-19,"2024-10-19 22:46:37",22,Sat,2024-10,card,Cappuccino,identified,ANON-0000-0000-0786,35.76,index_1
2024-10-20,"2024-10-20 08:40:43",8,Sun,2024-10,card,Latte,identified,ANON-0000-0000-0570,35.76,index_1
2024-10-20,"2024-10-20 08:41:50",8,Sun,2024-10,card,Cocoa,identified,ANON-0000-0000-0570,35.76,index_1
2024-10-20,"2024-10-20 11:16:51",11,Sun,2024-10,card,Latte,identified,ANON-0000-0000-0787,35.76,index_1
2024-10-20,"2024-10-20 14:28:46",14,Sun,2024-10,card,"Hot Chocolate",identified,ANON-0000-0000-0650,35.76,index_1
2024-10-20,"2024-10-20 14:29:43",14,Sun,2024-10,card,Cortado,identified,ANON-0000-0000-0650,25.96,index_1
2024-10-20,"2024-10-20 15:52:45",15,Sun,2024-10,card,"Americano with Milk",identified,ANON-0000-0000-0455,30.86,index_1
2024-10-20,"2024-10-20 16:45:09",16,Sun,2024-10,card,Latte,identified,ANON-0000-0000-0788,35.76,index_1
2024-10-20,"2024-10-20 16:46:04",16,Sun,2024-10,card,Latte,identified,ANON-0000-0000-0788,35.76,index_1
2024-10-20,"2024-10-20 17:27:05",17,Sun,2024-10,card,Latte,identified,ANON-0000-0000-0507,35.76,index_1
2024-10-20,"2024-10-20 18:34:16",18,Sun,2024-10,card,Cocoa,identified,ANON-0000-0000-0012,35.76,index_1
2024-10-20,"2024-10-20 18:35:08",18,Sun,2024-10,card,Cocoa,identified,ANON-0000-0000-0012,35.76,index_1
2024-10-20,"2024-10-20 21:14:18",21,Sun,2024-10,card,"Hot Chocolate",identified,ANON-0000-0000-0789,35.76,index_1
2024-10-20,"2024-10-20 21:15:17",21,Sun,2024-10,card,Cortado,identified,ANON-0000-0000-0790,25.96,index_1
2024-10-20,"2024-10-20 21:17:26",21,Sun,2024-10,card,Cocoa,identified,ANON-0000-0000-0791,35.76,index_1
2024-10-20,"2024-10-20 21:25:00",21,Sun,2024-10,card,Latte,identified,ANON-0000-0000-0792,35.76,index_1
2024-10-20,"2024-10-20 22:17:29",22,Sun,2024-10,card,Cappuccino,identified,ANON-0000-0000-0550,35.76,index_1
2024-10-21,"2024-10-21 07:48:43",7,Mon,2024-10,card,Latte,identified,ANON-0000-0000-0696,35.76,index_1
2024-10-21,"2024-10-21 08:19:56",8,Mon,2024-10,card,Latte,identified,ANON-0000-0000-0097,35.76,index_1
2024-10-21,"2024-10-21 09:04:54",9,Mon,2024-10,card,"Americano with Milk",identified,ANON-0000-0000-0385,30.86,index_1
2024-10-21,"2024-10-21 09:34:25",9,Mon,2024-10,card,Latte,identified,ANON-0000-0000-0793,35.76,index_1
2024-10-21,"2024-10-21 10:25:09",10,Mon,2024-10,card,Americano,identified,ANON-0000-0000-0700,25.96,index_1
2024-10-21,"2024-10-21 10:41:44",10,Mon,2024-10,card,Cortado,identified,ANON-0000-0000-0141,25.96,index_1
2024-10-21,"2024-10-21 10:42:35",10,Mon,2024-10,card,Cortado,identified,ANON-0000-0000-0141,25.96,index_1
2024-10-21,"2024-10-21 11:27:41",11,Mon,2024-10,card,Espresso,identified,ANON-0000-0000-0274,21.06,index_1
2024-10-21,"2024-10-21 12:40:24",12,Mon,2024-10,card,Cappuccino,identified,ANON-0000-0000-0751,35.76,index_1
2024-10-21,"2024-10-21 14:42:56",14,Mon,2024-10,card,Latte,identified,ANON-0000-0000-0794,35.76,index_1
2024-10-21,"2024-10-21 14:43:58",14,Mon,2024-10,card,Latte,identified,ANON-0000-0000-0726,35.76,index_1
2024-10-21,"2024-10-21 15:27:02",15,Mon,2024-10,card,"Americano with Milk",identified,ANON-0000-0000-0795,30.86,index_1
2024-10-21,"2024-10-21 15:39:04",15,Mon,2024-10,card,Cortado,identified,ANON-0000-0000-0796,25.96,index_1
2024-10-21,"2024-10-21 16:42:57",16,Mon,2024-10,card,Cocoa,identified,ANON-0000-0000-0225,35.76,index_1
2024-10-21,"2024-10-21 16:55:22",16,Mon,2024-10,card,Latte,identified,ANON-0000-0000-0797,35.76,index_1
2024-10-21,"2024-10-21 19:21:13",19,Mon,2024-10,card,"Hot Chocolate",identified,ANON-0000-0000-0798,35.76,index_1
2024-10-21,"2024-10-21 21:05:36",21,Mon,2024-10,card,Latte,identified,ANON-0000-0000-0799,35.76,index_1
2024-10-21,"2024-10-21 22:30:44",22,Mon,2024-10,card,Cocoa,identified,ANON-0000-0000-0789,35.76,index_1
2024-10-21,"2024-10-21 22:31:33",22,Mon,2024-10,card,"Hot Chocolate",identified,ANON-0000-0000-0791,35.76,index_1
2024-10-22,"2024-10-22 07:32:59",7,Tue,2024-10,card,Latte,identified,ANON-0000-0000-0696,35.76,index_1
2024-10-22,"2024-10-22 07:34:00",7,Tue,2024-10,card,Cappuccino,identified,ANON-0000-0000-0696,35.76,index_1
2024-10-22,"2024-10-22 08:25:32",8,Tue,2024-10,card,"Americano with Milk",identified,ANON-0000-0000-0276,30.86,index_1
2024-10-22,"2024-10-22 09:17:50",9,Tue,2024-10,card,Cortado,identified,ANON-0000-0000-0800,25.96,index_1
2024-10-22,"2024-10-22 10:51:32",10,Tue,2024-10,card,Espresso,identified,ANON-0000-0000-0402,21.06,index_1
2024-10-22,"2024-10-22 10:52:17",10,Tue,2024-10,card,Cortado,identified,ANON-0000-0000-0402,25.96,index_1
2024-10-22,"2024-10-22 18:07:02",18,Tue,2024-10,card,Americano,identified,ANON-0000-0000-0801,25.96,index_1
2024-10-22,"2024-10-22 19:46:39",19,Tue,2024-10,card,"Hot Chocolate",identified,ANON-0000-0000-0507,35.76,index_1
2024-10-22,"2024-10-22 19:47:50",19,Tue,2024-10,card,Latte,identified,ANON-0000-0000-0507,35.76,index_1
2024-10-23,"2024-10-23 07:58:06",7,Wed,2024-10,card,Latte,identified,ANON-0000-0000-0696,35.76,index_1
2024-10-23,"2024-10-23 08:45:14",8,Wed,2024-10,card,"Americano with Milk",identified,ANON-0000-0000-0276,30.86,index_1
2024-10-23,"2024-10-23 10:24:57",10,Wed,2024-10,card,Cortado,identified,ANON-0000-0000-0141,25.96,index_1
2024-10-23,"2024-10-23 12:31:05",12,Wed,2024-10,card,"Americano with Milk",identified,ANON-0000-0000-0802,30.86,index_1
2024-10-23,"2024-10-23 16:20:02",16,Wed,2024-10,card,"Americano with Milk",identified,ANON-0000-0000-0803,30.86,index_1
2024-10-23,"2024-10-23 16:21:09",16,Wed,2024-10,card,"Americano with Milk",identified,ANON-0000-0000-0803,30.86,index_1
2024-10-23,"2024-10-23 16:42:30",16,Wed,2024-10,card,Cappuccino,identified,ANON-0000-0000-0804,35.76,index_1
2024-10-23,"2024-10-23 17:02:46",17,Wed,2024-10,card,Espresso,identified,ANON-0000-0000-0805,21.06,index_1
2024-10-23,"2024-10-23 18:58:58",18,Wed,2024-10,card,Cocoa,identified,ANON-0000-0000-0040,35.76,index_1
2024-10-23,"2024-10-23 19:00:43",19,Wed,2024-10,card,Cappuccino,identified,ANON-0000-0000-0040,35.76,index_1
2024-10-23,"2024-10-23 21:57:20",21,Wed,2024-10,card,"Americano with Milk",identified,ANON-0000-0000-0518,30.86,index_1
2024-10-23,"2024-10-23 21:58:23",21,Wed,2024-10,card,"Hot Chocolate",identified,ANON-0000-0000-0806,35.76,index_1
2024-10-23,"2024-10-23 22:23:38",22,Wed,2024-10,card,Latte,identified,ANON-0000-0000-0807,35.76,index_1
2024-10-24,"2024-10-24 12:07:46",12,Thu,2024-10,card,Americano,identified,ANON-0000-0000-0808,25.96,index_1
2024-10-24,"2024-10-24 13:23:59",13,Thu,2024-10,card,Cappuccino,identified,ANON-0000-0000-0809,35.76,index_1
2024-10-24,"2024-10-24 14:09:46",14,Thu,2024-10,card,Cappuccino,identified,ANON-0000-0000-0804,35.76,index_1
2024-10-24,"2024-10-24 14:49:01",14,Thu,2024-10,card,"Hot Chocolate",identified,ANON-0000-0000-0810,35.76,index_1
2024-10-24,"2024-10-24 14:49:49",14,Thu,2024-10,card,Latte,identified,ANON-0000-0000-0810,35.76,index_1
2024-10-24,"2024-10-24 15:47:32",15,Thu,2024-10,card,Latte,identified,ANON-0000-0000-0788,35.76,index_1
2024-10-24,"2024-10-24 15:48:29",15,Thu,2024-10,card,Latte,identified,ANON-0000-0000-0788,35.76,index_1
2024-10-24,"2024-10-24 18:53:47",18,Thu,2024-10,card,Americano,identified,ANON-0000-0000-0811,25.96,index_1
2024-10-24,"2024-10-24 18:55:07",18,Thu,2024-10,card,Americano,identified,ANON-0000-0000-0811,25.96,index_1
2024-10-24,"2024-10-24 19:50:18",19,Thu,2024-10,card,Latte,identified,ANON-0000-0000-0507,35.76,index_1
2024-10-24,"2024-10-24 20:44:11",20,Thu,2024-10,card,Americano,identified,ANON-0000-0000-0812,25.96,index_1
2024-10-24,"2024-10-24 21:14:44",21,Thu,2024-10,card,"Hot Chocolate",identified,ANON-0000-0000-0813,35.76,index_1
2024-10-24,"2024-10-24 21:15:29",21,Thu,2024-10,card,"Hot Chocolate",identified,ANON-0000-0000-0813,35.76,index_1
2024-10-24,"2024-10-24 21:56:20",21,Thu,2024-10,card,"Hot Chocolate",identified,ANON-0000-0000-0637,35.76,index_1
2024-10-24,"2024-10-24 21:57:10",21,Thu,2024-10,card,Cappuccino,identified,ANON-0000-0000-0637,35.76,index_1
2024-10-25,"2024-10-25 07:38:11",7,Fri,2024-10,card,Cappuccino,identified,ANON-0000-0000-0696,35.76,index_1
2024-10-25,"2024-10-25 07:45:22",7,Fri,2024-10,card,Espresso,identified,ANON-0000-0000-0402,21.06,index_1
2024-10-25,"2024-10-25 08:10:04",8,Fri,2024-10,card,Cocoa,identified,ANON-0000-0000-0570,35.76,index_1
2024-10-25,"2024-10-25 08:10:54",8,Fri,2024-10,card,Latte,identified,ANON-0000-0000-0570,35.76,index_1
2024-10-25,"2024-10-25 08:18:49",8,Fri,2024-10,card,Cocoa,identified,ANON-0000-0000-0084,35.76,index_1
2024-10-25,"2024-10-25 10:03:28",10,Fri,2024-10,card,Americano,identified,ANON-0000-0000-0683,25.96,index_1
2024-10-25,"2024-10-25 10:05:21",10,Fri,2024-10,card,Americano,identified,ANON-0000-0000-0683,25.96,index_1
2024-10-25,"2024-10-25 10:51:01",10,Fri,2024-10,card,"Americano with Milk",identified,ANON-0000-0000-0276,30.86,index_1
2024-10-25,"2024-10-25 11:49:42",11,Fri,2024-10,card,Cocoa,identified,ANON-0000-0000-0012,35.76,index_1
2024-10-25,"2024-10-25 11:50:30",11,Fri,2024-10,card,Cocoa,identified,ANON-0000-0000-0012,35.76,index_1
2024-10-25,"2024-10-25 12:06:50",12,Fri,2024-10,card,Cortado,identified,ANON-0000-0000-0141,25.96,index_1
2024-10-25,"2024-10-25 12:40:37",12,Fri,2024-10,card,Latte,identified,ANON-0000-0000-0814,35.76,index_1
2024-10-25,"2024-10-25 14:23:16",14,Fri,2024-10,card,Cappuccino,identified,ANON-0000-0000-0137,35.76,index_1
2024-10-25,"2024-10-25 22:19:23",22,Fri,2024-10,card,"Hot Chocolate",identified,ANON-0000-0000-0815,35.76,index_1
2024-10-25,"2024-10-25 22:22:31",22,Fri,2024-10,card,Espresso,identified,ANON-0000-0000-0815,21.06,index_1
2024-10-26,"2024-10-26 07:49:59",7,Sat,2024-10,card,Cappuccino,identified,ANON-0000-0000-0682,35.76,index_1
2024-10-26,"2024-10-26 08:41:44",8,Sat,2024-10,card,Cortado,identified,ANON-0000-0000-0141,25.96,index_1
2024-10-26,"2024-10-26 08:52:59",8,Sat,2024-10,card,Cappuccino,identified,ANON-0000-0000-0334,35.76,index_1
2024-10-26,"2024-10-26 10:24:38",10,Sat,2024-10,card,Americano,identified,ANON-0000-0000-0816,25.96,index_1
2024-10-26,"2024-10-26 12:18:09",12,Sat,2024-10,card,Cocoa,identified,ANON-0000-0000-0040,35.76,index_1
2024-10-26,"2024-10-26 13:03:31",13,Sat,2024-10,card,Latte,identified,ANON-0000-0000-0817,35.76,index_1
2024-10-26,"2024-10-26 14:34:58",14,Sat,2024-10,card,Latte,identified,ANON-0000-0000-0276,35.76,index_1
2024-10-26,"2024-10-26 14:36:14",14,Sat,2024-10,card,"Americano with Milk",identified,ANON-0000-0000-0276,30.86,index_1
2024-10-26,"2024-10-26 15:05:22",15,Sat,2024-10,card,Cortado,identified,ANON-0000-0000-0141,25.96,index_1
2024-10-26,"2024-10-26 15:06:19",15,Sat,2024-10,card,Cortado,identified,ANON-0000-0000-0141,25.96,index_1
2024-10-26,"2024-10-26 15:38:28",15,Sat,2024-10,card,Latte,identified,ANON-0000-0000-0818,35.76,index_1
2024-10-26,"2024-10-26 15:39:29",15,Sat,2024-10,card,Latte,identified,ANON-0000-0000-0818,35.76,index_1
2024-10-26,"2024-10-26 15:52:01",15,Sat,2024-10,card,"Americano with Milk",identified,ANON-0000-0000-0819,30.86,index_1
2024-10-26,"2024-10-26 15:53:21",15,Sat,2024-10,card,"Americano with Milk",identified,ANON-0000-0000-0820,30.86,index_1
2024-10-26,"2024-10-26 19:19:21",19,Sat,2024-10,card,Cappuccino,identified,ANON-0000-0000-0715,35.76,index_1
2024-10-26,"2024-10-26 20:34:46",20,Sat,2024-10,card,"Americano with Milk",identified,ANON-0000-0000-0821,30.86,index_1
2024-10-27,"2024-10-27 11:01:56",11,Sun,2024-10,card,"Americano with Milk",identified,ANON-0000-0000-0347,30.86,index_1
2024-10-27,"2024-10-27 12:53:25",12,Sun,2024-10,card,Latte,identified,ANON-0000-0000-0276,35.76,index_1
2024-10-27,"2024-10-27 12:54:27",12,Sun,2024-10,card,"Americano with Milk",identified,ANON-0000-0000-0276,30.86,index_1
2024-10-27,"2024-10-27 13:43:46",13,Sun,2024-10,card,Cappuccino,identified,ANON-0000-0000-0822,35.76,index_1
2024-10-27,"2024-10-27 16:17:06",16,Sun,2024-10,card,Latte,identified,ANON-0000-0000-0507,35.76,index_1
2024-10-28,"2024-10-28 07:46:28",7,Mon,2024-10,card,Cappuccino,identified,ANON-0000-0000-0696,35.76,index_1
2024-10-28,"2024-10-28 08:01:12",8,Mon,2024-10,card,Americano,identified,ANON-0000-0000-0823,25.96,index_1
2024-10-28,"2024-10-28 08:35:02",8,Mon,2024-10,card,Latte,identified,ANON-0000-0000-0683,35.76,index_1
2024-10-28,"2024-10-28 09:15:42",9,Mon,2024-10,card,"Americano with Milk",identified,ANON-0000-0000-0242,30.86,index_1
2024-10-28,"2024-10-28 11:42:36",11,Mon,2024-10,card,Latte,identified,ANON-0000-0000-0824,35.76,index_1
2024-10-28,"2024-10-28 11:43:43",11,Mon,2024-10,card,Latte,identified,ANON-0000-0000-0824,35.76,index_1
2024-10-28,"2024-10-28 12:01:36",12,Mon,2024-10,card,"Hot Chocolate",identified,ANON-0000-0000-0707,35.76,index_1
2024-10-28,"2024-10-28 12:02:34",12,Mon,2024-10,card,"Americano with Milk",identified,ANON-0000-0000-0825,30.86,index_1
2024-10-28,"2024-10-28 12:21:30",12,Mon,2024-10,card,Cappuccino,identified,ANON-0000-0000-0826,35.76,index_1
2024-10-28,"2024-10-28 14:10:54",14,Mon,2024-10,card,"Americano with Milk",identified,ANON-0000-0000-0819,30.86,index_1
2024-10-28,"2024-10-28 14:11:56",14,Mon,2024-10,card,"Americano with Milk",identified,ANON-0000-0000-0819,30.86,index_1
2024-10-28,"2024-10-28 14:30:59",14,Mon,2024-10,card,"Americano with Milk",identified,ANON-0000-0000-0827,30.86,index_1
2024-10-28,"2024-10-28 16:01:20",16,Mon,2024-10,card,Latte,identified,ANON-0000-0000-0159,35.76,index_1
2024-10-28,"2024-10-28 17:55:18",17,Mon,2024-10,card,Cocoa,identified,ANON-0000-0000-0828,35.76,index_1
2024-10-28,"2024-10-28 17:56:02",17,Mon,2024-10,card,Cocoa,identified,ANON-0000-0000-0828,35.76,index_1
2024-10-28,"2024-10-28 19:10:25",19,Mon,2024-10,card,Cappuccino,identified,ANON-0000-0000-0257,35.76,index_1
2024-10-28,"2024-10-28 21:20:03",21,Mon,2024-10,card,"Americano with Milk",identified,ANON-0000-0000-0329,30.86,index_1
2024-10-28,"2024-10-28 22:05:50",22,Mon,2024-10,card,"Americano with Milk",identified,ANON-0000-0000-0695,30.86,index_1
2024-10-29,"2024-10-29 08:40:52",8,Tue,2024-10,card,Latte,identified,ANON-0000-0000-0804,35.76,index_1
2024-10-29,"2024-10-29 08:47:05",8,Tue,2024-10,card,Latte,identified,ANON-0000-0000-0683,35.76,index_1
2024-10-29,"2024-10-29 09:31:57",9,Tue,2024-10,card,Latte,identified,ANON-0000-0000-0570,35.76,index_1
2024-10-29,"2024-10-29 11:59:46",11,Tue,2024-10,card,"Americano with Milk",identified,ANON-0000-0000-0829,30.86,index_1
2024-10-29,"2024-10-29 12:21:36",12,Tue,2024-10,card,Espresso,identified,ANON-0000-0000-0830,21.06,index_1
2024-10-29,"2024-10-29 14:15:43",14,Tue,2024-10,card,Cortado,identified,ANON-0000-0000-0831,25.96,index_1
2024-10-29,"2024-10-29 14:17:00",14,Tue,2024-10,card,Cortado,identified,ANON-0000-0000-0831,25.96,index_1
2024-10-29,"2024-10-29 14:37:35",14,Tue,2024-10,card,Cappuccino,identified,ANON-0000-0000-0832,35.76,index_1
2024-10-29,"2024-10-29 16:09:33",16,Tue,2024-10,card,"Hot Chocolate",identified,ANON-0000-0000-0833,35.76,index_1
2024-10-29,"2024-10-29 16:10:56",16,Tue,2024-10,card,Cocoa,identified,ANON-0000-0000-0834,35.76,index_1
2024-10-29,"2024-10-29 16:17:33",16,Tue,2024-10,card,Cocoa,identified,ANON-0000-0000-0225,35.76,index_1
2024-10-29,"2024-10-29 18:02:04",18,Tue,2024-10,card,"Americano with Milk",identified,ANON-0000-0000-0835,30.86,index_1
2024-10-29,"2024-10-29 18:02:57",18,Tue,2024-10,card,"Americano with Milk",identified,ANON-0000-0000-0835,30.86,index_1
2024-10-29,"2024-10-29 19:02:05",19,Tue,2024-10,card,"Americano with Milk",identified,ANON-0000-0000-0836,30.86,index_1
2024-10-29,"2024-10-29 19:05:44",19,Tue,2024-10,card,Cappuccino,identified,ANON-0000-0000-0206,35.76,index_1
2024-10-29,"2024-10-29 19:51:12",19,Tue,2024-10,card,"Hot Chocolate",identified,ANON-0000-0000-0507,35.76,index_1
2024-10-29,"2024-10-29 19:54:02",19,Tue,2024-10,card,Latte,identified,ANON-0000-0000-0507,35.76,index_1
2024-10-29,"2024-10-29 20:07:35",20,Tue,2024-10,card,Latte,identified,ANON-0000-0000-0799,35.76,index_1
2024-10-30,"2024-10-30 07:52:05",7,Wed,2024-10,card,Latte,identified,ANON-0000-0000-0703,35.76,index_1
2024-10-30,"2024-10-30 08:46:26",8,Wed,2024-10,card,"Americano with Milk",identified,ANON-0000-0000-0571,30.86,index_1
2024-10-30,"2024-10-30 08:47:29",8,Wed,2024-10,card,"Americano with Milk",identified,ANON-0000-0000-0571,30.86,index_1
2024-10-30,"2024-10-30 09:11:29",9,Wed,2024-10,card,Latte,identified,ANON-0000-0000-0837,35.76,index_1
2024-10-30,"2024-10-30 10:31:53",10,Wed,2024-10,card,Latte,identified,ANON-0000-0000-0838,35.76,index_1
2024-10-30,"2024-10-30 10:33:07",10,Wed,2024-10,card,Latte,identified,ANON-0000-0000-0838,35.76,index_1
2024-10-30,"2024-10-30 12:08:45",12,Wed,2024-10,card,Latte,identified,ANON-0000-0000-0375,35.76,index_1
2024-10-30,"2024-10-30 12:09:46",12,Wed,2024-10,card,Americano,identified,ANON-0000-0000-0375,25.96,index_1
2024-10-30,"2024-10-30 12:10:58",12,Wed,2024-10,card,"Americano with Milk",identified,ANON-0000-0000-0734,30.86,index_1
2024-10-30,"2024-10-30 12:37:00",12,Wed,2024-10,card,Americano,identified,ANON-0000-0000-0839,25.96,index_1
2024-10-30,"2024-10-30 15:05:15",15,Wed,2024-10,card,Latte,identified,ANON-0000-0000-0507,35.76,index_1
2024-10-30,"2024-10-30 15:07:03",15,Wed,2024-10,card,Latte,identified,ANON-0000-0000-0507,35.76,index_1
2024-10-30,"2024-10-30 16:04:48",16,Wed,2024-10,card,"Americano with Milk",identified,ANON-0000-0000-0840,30.86,index_1
2024-10-30,"2024-10-30 18:08:12",18,Wed,2024-10,card,"Hot Chocolate",identified,ANON-0000-0000-0841,35.76,index_1
2024-10-30,"2024-10-30 19:18:31",19,Wed,2024-10,card,"Americano with Milk",identified,ANON-0000-0000-0819,30.86,index_1
2024-10-30,"2024-10-30 19:43:21",19,Wed,2024-10,card,"Americano with Milk",identified,ANON-0000-0000-0842,30.86,index_1
2024-10-31,"2024-10-31 07:54:17",7,Thu,2024-10,card,Latte,identified,ANON-0000-0000-0703,35.76,index_1
2024-10-31,"2024-10-31 08:38:53",8,Thu,2024-10,card,Latte,identified,ANON-0000-0000-0683,35.76,index_1
2024-10-31,"2024-10-31 09:18:19",9,Thu,2024-10,card,"Americano with Milk",identified,ANON-0000-0000-0276,30.86,index_1
2024-10-31,"2024-10-31 15:59:26",15,Thu,2024-10,card,Latte,identified,ANON-0000-0000-0843,35.76,index_1
2024-10-31,"2024-10-31 16:00:30",16,Thu,2024-10,card,"Americano with Milk",identified,ANON-0000-0000-0844,30.86,index_1
2024-11-01,"2024-11-01 08:24:03",8,Fri,2024-11,card,Cocoa,identified,ANON-0000-0000-0842,35.76,index_1
2024-11-01,"2024-11-01 08:30:57",8,Fri,2024-11,card,Americano,identified,ANON-0000-0000-0304,25.96,index_1
2024-11-01,"2024-11-01 10:54:50",10,Fri,2024-11,card,Latte,identified,ANON-0000-0000-0612,35.76,index_1
2024-11-01,"2024-11-01 12:41:26",12,Fri,2024-11,card,Cocoa,identified,ANON-0000-0000-0012,35.76,index_1
2024-11-01,"2024-11-01 12:42:18",12,Fri,2024-11,card,Cocoa,identified,ANON-0000-0000-0012,35.76,index_1
2024-11-01,"2024-11-01 15:55:42",15,Fri,2024-11,card,Cortado,identified,ANON-0000-0000-0845,25.96,index_1
2024-11-01,"2024-11-01 22:41:55",22,Fri,2024-11,card,"Americano with Milk",identified,ANON-0000-0000-0695,30.86,index_1
2024-11-02,"2024-11-02 08:19:44",8,Sat,2024-11,card,Cortado,identified,ANON-0000-0000-0141,25.96,index_1
2024-11-02,"2024-11-02 10:25:45",10,Sat,2024-11,card,Cocoa,identified,ANON-0000-0000-0828,35.76,index_1
2024-11-02,"2024-11-02 10:33:09",10,Sat,2024-11,card,"Americano with Milk",identified,ANON-0000-0000-0097,30.86,index_1
2024-11-02,"2024-11-02 14:54:14",14,Sat,2024-11,card,"Americano with Milk",identified,ANON-0000-0000-0846,30.86,index_1
2024-11-02,"2024-11-02 16:24:15",16,Sat,2024-11,card,"Hot Chocolate",identified,ANON-0000-0000-0507,35.76,index_1
2024-11-02,"2024-11-02 16:25:57",16,Sat,2024-11,card,Latte,identified,ANON-0000-0000-0507,35.76,index_1
2024-11-02,"2024-11-02 16:37:05",16,Sat,2024-11,card,Latte,identified,ANON-0000-0000-0847,35.76,index_1
2024-11-02,"2024-11-02 18:18:27",18,Sat,2024-11,card,"Americano with Milk",identified,ANON-0000-0000-0620,30.86,index_1
2024-11-02,"2024-11-02 18:58:23",18,Sat,2024-11,card,Americano,identified,ANON-0000-0000-0848,25.96,index_1
2024-11-03,"2024-11-03 08:23:00",8,Sun,2024-11,card,Cortado,identified,ANON-0000-0000-0141,25.96,index_1
2024-11-03,"2024-11-03 09:47:06",9,Sun,2024-11,card,"Americano with Milk",identified,ANON-0000-0000-0040,30.86,index_1
2024-11-03,"2024-11-03 09:48:12",9,Sun,2024-11,card,"Americano with Milk",identified,ANON-0000-0000-0040,30.86,index_1
2024-11-03,"2024-11-03 13:13:51",13,Sun,2024-11,card,Latte,identified,ANON-0000-0000-0849,35.76,index_1
2024-11-03,"2024-11-03 13:14:56",13,Sun,2024-11,card,"Americano with Milk",identified,ANON-0000-0000-0849,30.86,index_1
2024-11-03,"2024-11-03 13:18:24",13,Sun,2024-11,card,Cocoa,identified,ANON-0000-0000-0228,35.76,index_1
2024-11-03,"2024-11-03 13:44:18",13,Sun,2024-11,card,Americano,identified,ANON-0000-0000-0850,25.96,index_1
2024-11-03,"2024-11-03 13:59:01",13,Sun,2024-11,card,"Americano with Milk",identified,ANON-0000-0000-0851,30.86,index_1
2024-11-03,"2024-11-03 16:15:17",16,Sun,2024-11,card,"Hot Chocolate",identified,ANON-0000-0000-0622,35.76,index_1
2024-11-03,"2024-11-03 16:16:43",16,Sun,2024-11,card,"Hot Chocolate",identified,ANON-0000-0000-0622,35.76,index_1
2024-11-03,"2024-11-03 16:20:37",16,Sun,2024-11,card,Americano,identified,ANON-0000-0000-0852,25.96,index_1
2024-11-03,"2024-11-03 16:21:46",16,Sun,2024-11,card,Americano,identified,ANON-0000-0000-0852,25.96,index_1
2024-11-03,"2024-11-03 20:26:14",20,Sun,2024-11,card,Cocoa,identified,ANON-0000-0000-0225,35.76,index_1
2024-11-04,"2024-11-04 07:43:36",7,Mon,2024-11,card,Latte,identified,ANON-0000-0000-0696,35.76,index_1
2024-11-04,"2024-11-04 08:37:33",8,Mon,2024-11,card,Latte,identified,ANON-0000-0000-0276,35.76,index_1
2024-11-04,"2024-11-04 08:38:58",8,Mon,2024-11,card,"Americano with Milk",identified,ANON-0000-0000-0276,30.86,index_1
2024-11-04,"2024-11-04 12:33:35",12,Mon,2024-11,card,Americano,identified,ANON-0000-0000-0853,25.96,index_1
2024-11-04,"2024-11-04 12:35:06",12,Mon,2024-11,card,"Americano with Milk",identified,ANON-0000-0000-0854,30.86,index_1
2024-11-04,"2024-11-04 14:44:38",14,Mon,2024-11,card,Cocoa,identified,ANON-0000-0000-0012,35.76,index_1
2024-11-04,"2024-11-04 14:45:20",14,Mon,2024-11,card,Cocoa,identified,ANON-0000-0000-0012,35.76,index_1
2024-11-05,"2024-11-05 07:49:31",7,Tue,2024-11,card,Cocoa,identified,ANON-0000-0000-0696,35.76,index_1
2024-11-05,"2024-11-05 09:05:41",9,Tue,2024-11,card,"Americano with Milk",identified,ANON-0000-0000-0276,30.86,index_1
2024-11-05,"2024-11-05 09:12:12",9,Tue,2024-11,card,Cappuccino,identified,ANON-0000-0000-0731,35.76,index_1
2024-11-05,"2024-11-05 09:13:40",9,Tue,2024-11,card,"Americano with Milk",identified,ANON-0000-0000-0731,30.86,index_1
2024-11-05,"2024-11-05 10:41:44",10,Tue,2024-11,card,"Americano with Milk",identified,ANON-0000-0000-0012,30.86,index_1
2024-11-05,"2024-11-05 11:47:29",11,Tue,2024-11,card,Cocoa,identified,ANON-0000-0000-0855,35.76,index_1
2024-11-05,"2024-11-05 11:48:22",11,Tue,2024-11,card,Latte,identified,ANON-0000-0000-0856,35.76,index_1
2024-11-05,"2024-11-05 14:36:37",14,Tue,2024-11,card,Latte,identified,ANON-0000-0000-0857,35.76,index_1
2024-11-05,"2024-11-05 14:41:48",14,Tue,2024-11,card,Latte,identified,ANON-0000-0000-0858,35.76,index_1
2024-11-05,"2024-11-05 18:52:56",18,Tue,2024-11,card,Cappuccino,identified,ANON-0000-0000-0455,35.76,index_1
2024-11-05,"2024-11-05 18:54:10",18,Tue,2024-11,card,Cappuccino,identified,ANON-0000-0000-0455,35.76,index_1
2024-11-05,"2024-11-05 18:55:18",18,Tue,2024-11,card,Cappuccino,identified,ANON-0000-0000-0455,35.76,index_1
2024-11-05,"2024-11-05 21:40:44",21,Tue,2024-11,card,Cocoa,identified,ANON-0000-0000-0859,35.76,index_1
2024-11-05,"2024-11-05 21:42:02",21,Tue,2024-11,card,Cocoa,identified,ANON-0000-0000-0859,35.76,index_1
2024-11-05,"2024-11-05 21:54:19",21,Tue,2024-11,card,"Hot Chocolate",identified,ANON-0000-0000-0722,35.76,index_1
2024-11-05,"2024-11-05 22:05:50",22,Tue,2024-11,card,"Hot Chocolate",identified,ANON-0000-0000-0637,35.76,index_1
2024-11-05,"2024-11-05 22:06:38",22,Tue,2024-11,card,"Americano with Milk",identified,ANON-0000-0000-0637,30.86,index_1
2024-11-06,"2024-11-06 08:11:25",8,Wed,2024-11,card,Latte,identified,ANON-0000-0000-0570,35.76,index_1
2024-11-06,"2024-11-06 11:45:31",11,Wed,2024-11,card,Espresso,identified,ANON-0000-0000-0860,21.06,index_1
2024-11-06,"2024-11-06 13:15:32",13,Wed,2024-11,card,Americano,identified,ANON-0000-0000-0742,25.96,index_1
2024-11-06,"2024-11-06 15:44:16",15,Wed,2024-11,card,Cappuccino,identified,ANON-0000-0000-0622,35.76,index_1
2024-11-06,"2024-11-06 16:00:43",16,Wed,2024-11,card,Latte,identified,ANON-0000-0000-0861,35.76,index_1
2024-11-06,"2024-11-06 16:02:05",16,Wed,2024-11,card,Cappuccino,identified,ANON-0000-0000-0862,35.76,index_1
2024-11-06,"2024-11-06 18:40:42",18,Wed,2024-11,card,"Hot Chocolate",identified,ANON-0000-0000-0863,35.76,index_1
2024-11-06,"2024-11-06 18:41:30",18,Wed,2024-11,card,"Hot Chocolate",identified,ANON-0000-0000-0863,35.76,index_1
2024-11-07,"2024-11-07 12:17:15",12,Thu,2024-11,card,Latte,identified,ANON-0000-0000-0864,35.76,index_1
2024-11-07,"2024-11-07 15:50:10",15,Thu,2024-11,card,Americano,identified,ANON-0000-0000-0865,25.96,index_1
2024-11-07,"2024-11-07 16:39:39",16,Thu,2024-11,card,Americano,identified,ANON-0000-0000-0866,25.96,index_1
2024-11-07,"2024-11-07 18:17:33",18,Thu,2024-11,card,Cocoa,identified,ANON-0000-0000-0828,35.76,index_1
2024-11-07,"2024-11-07 19:20:14",19,Thu,2024-11,card,"Hot Chocolate",identified,ANON-0000-0000-0867,35.76,index_1
2024-11-07,"2024-11-07 19:21:38",19,Thu,2024-11,card,Latte,identified,ANON-0000-0000-0867,35.76,index_1
2024-11-07,"2024-11-07 20:02:30",20,Thu,2024-11,card,Latte,identified,ANON-0000-0000-0507,35.76,index_1
2024-11-08,"2024-11-08 09:05:42",9,Fri,2024-11,card,"Americano with Milk",identified,ANON-0000-0000-0276,30.86,index_1
2024-11-08,"2024-11-08 09:47:30",9,Fri,2024-11,card,Americano,identified,ANON-0000-0000-0375,25.96,index_1
2024-11-08,"2024-11-08 09:48:59",9,Fri,2024-11,card,Americano,identified,ANON-0000-0000-0375,25.96,index_1
2024-11-08,"2024-11-08 11:47:11",11,Fri,2024-11,card,Cappuccino,identified,ANON-0000-0000-0494,35.76,index_1
2024-11-08,"2024-11-08 13:25:13",13,Fri,2024-11,card,Latte,identified,ANON-0000-0000-0868,35.76,index_1
2024-11-08,"2024-11-08 13:26:17",13,Fri,2024-11,card,Latte,identified,ANON-0000-0000-0868,35.76,index_1
2024-11-08,"2024-11-08 16:33:02",16,Fri,2024-11,card,"Americano with Milk",identified,ANON-0000-0000-0869,30.86,index_1
2024-11-08,"2024-11-08 16:55:28",16,Fri,2024-11,card,"Americano with Milk",identified,ANON-0000-0000-0870,30.86,index_1
2024-11-08,"2024-11-08 20:13:32",20,Fri,2024-11,card,"Hot Chocolate",identified,ANON-0000-0000-0871,35.76,index_1
2024-11-08,"2024-11-08 20:14:24",20,Fri,2024-11,card,"Hot Chocolate",identified,ANON-0000-0000-0872,35.76,index_1
2024-11-08,"2024-11-08 20:15:20",20,Fri,2024-11,card,"Hot Chocolate",identified,ANON-0000-0000-0872,35.76,index_1
2024-11-08,"2024-11-08 22:27:09",22,Fri,2024-11,card,Latte,identified,ANON-0000-0000-0690,35.76,index_1
2024-11-09,"2024-11-09 10:08:18",10,Sat,2024-11,card,"Americano with Milk",identified,ANON-0000-0000-0276,30.86,index_1
2024-11-09,"2024-11-09 11:02:08",11,Sat,2024-11,card,Cortado,identified,ANON-0000-0000-0141,25.96,index_1
2024-11-09,"2024-11-09 11:03:00",11,Sat,2024-11,card,Cortado,identified,ANON-0000-0000-0141,25.96,index_1
2024-11-09,"2024-11-09 11:08:44",11,Sat,2024-11,card,Latte,identified,ANON-0000-0000-0873,35.76,index_1
2024-11-09,"2024-11-09 13:50:14",13,Sat,2024-11,card,"Hot Chocolate",identified,ANON-0000-0000-0871,35.76,index_1
2024-11-09,"2024-11-09 13:50:55",13,Sat,2024-11,card,"Hot Chocolate",identified,ANON-0000-0000-0871,35.76,index_1
2024-11-09,"2024-11-09 14:21:51",14,Sat,2024-11,card,"Hot Chocolate",identified,ANON-0000-0000-0874,35.76,index_1
2024-11-09,"2024-11-09 14:22:50",14,Sat,2024-11,card,"Hot Chocolate",identified,ANON-0000-0000-0874,35.76,index_1
2024-11-09,"2024-11-09 14:37:33",14,Sat,2024-11,card,Americano,identified,ANON-0000-0000-0875,25.96,index_1
2024-11-09,"2024-11-09 15:29:50",15,Sat,2024-11,card,"Americano with Milk",identified,ANON-0000-0000-0276,30.86,index_1
2024-11-09,"2024-11-09 16:15:47",16,Sat,2024-11,card,Latte,identified,ANON-0000-0000-0570,35.76,index_1
2024-11-09,"2024-11-09 16:16:52",16,Sat,2024-11,card,Cocoa,identified,ANON-0000-0000-0570,35.76,index_1
2024-11-09,"2024-11-09 20:42:04",20,Sat,2024-11,card,Americano,identified,ANON-0000-0000-0876,25.96,index_1
2024-11-09,"2024-11-09 20:43:27",20,Sat,2024-11,card,Latte,identified,ANON-0000-0000-0876,35.76,index_1
2024-11-09,"2024-11-09 22:13:27",22,Sat,2024-11,card,Cocoa,identified,ANON-0000-0000-0877,35.76,index_1
2024-11-09,"2024-11-09 22:52:58",22,Sat,2024-11,card,Americano,identified,ANON-0000-0000-0878,25.96,index_1
2024-11-09,"2024-11-09 22:54:19",22,Sat,2024-11,card,Americano,identified,ANON-0000-0000-0879,25.96,index_1
2024-11-10,"2024-11-10 09:46:21",9,Sun,2024-11,card,Americano,identified,ANON-0000-0000-0880,25.96,index_1
2024-11-10,"2024-11-10 17:52:47",17,Sun,2024-11,card,Cocoa,identified,ANON-0000-0000-0881,35.76,index_1
2024-11-10,"2024-11-10 18:12:53",18,Sun,2024-11,card,"Hot Chocolate",identified,ANON-0000-0000-0882,35.76,index_1
2024-11-10,"2024-11-10 18:14:03",18,Sun,2024-11,card,"Hot Chocolate",identified,ANON-0000-0000-0883,35.76,index_1
2024-11-10,"2024-11-10 20:38:08",20,Sun,2024-11,card,Cappuccino,identified,ANON-0000-0000-0884,35.76,index_1
2024-11-10,"2024-11-10 20:39:06",20,Sun,2024-11,card,Cappuccino,identified,ANON-0000-0000-0884,35.76,index_1
2024-11-11,"2024-11-11 07:48:26",7,Mon,2024-11,card,Cappuccino,identified,ANON-0000-0000-0696,35.76,index_1
2024-11-11,"2024-11-11 09:52:25",9,Mon,2024-11,card,"Americano with Milk",identified,ANON-0000-0000-0276,30.86,index_1
2024-11-11,"2024-11-11 10:19:09",10,Mon,2024-11,card,Cortado,identified,ANON-0000-0000-0141,25.96,index_1
2024-11-11,"2024-11-11 16:18:44",16,Mon,2024-11,card,Cappuccino,identified,ANON-0000-0000-0206,35.76,index_1
2024-11-11,"2024-11-11 16:19:52",16,Mon,2024-11,card,"Hot Chocolate",identified,ANON-0000-0000-0206,35.76,index_1
2024-11-11,"2024-11-11 17:33:32",17,Mon,2024-11,card,Cappuccino,identified,ANON-0000-0000-0885,35.76,index_1
2024-11-11,"2024-11-11 19:00:46",19,Mon,2024-11,card,Latte,identified,ANON-0000-0000-0886,35.76,index_1
2024-11-11,"2024-11-11 19:04:15",19,Mon,2024-11,card,"Hot Chocolate",identified,ANON-0000-0000-0887,35.76,index_1
2024-11-11,"2024-11-11 21:08:31",21,Mon,2024-11,card,Latte,identified,ANON-0000-0000-0888,35.76,index_1
2024-11-11,"2024-11-11 21:09:46",21,Mon,2024-11,card,Latte,identified,ANON-0000-0000-0888,35.76,index_1
2024-11-12,"2024-11-12 10:03:08",10,Tue,2024-11,card,Latte,identified,ANON-0000-0000-0889,35.76,index_1
2024-11-12,"2024-11-12 13:15:45",13,Tue,2024-11,card,Latte,identified,ANON-0000-0000-0890,35.76,index_1
2024-11-12,"2024-11-12 14:39:14",14,Tue,2024-11,card,Latte,identified,ANON-0000-0000-0691,35.76,index_1
2024-11-12,"2024-11-12 16:47:14",16,Tue,2024-11,card,"Hot Chocolate",identified,ANON-0000-0000-0891,35.76,index_1
2024-11-12,"2024-11-12 16:48:04",16,Tue,2024-11,card,"Hot Chocolate",identified,ANON-0000-0000-0891,35.76,index_1
2024-11-12,"2024-11-12 16:49:03",16,Tue,2024-11,card,Cocoa,identified,ANON-0000-0000-0891,35.76,index_1
2024-11-12,"2024-11-12 18:45:14",18,Tue,2024-11,card,Cappuccino,identified,ANON-0000-0000-0696,35.76,index_1
2024-11-12,"2024-11-12 20:07:57",20,Tue,2024-11,card,Latte,identified,ANON-0000-0000-0892,35.76,index_1
2024-11-12,"2024-11-12 20:09:21",20,Tue,2024-11,card,Cocoa,identified,ANON-0000-0000-0893,35.76,index_1
2024-11-13,"2024-11-13 08:09:10",8,Wed,2024-11,card,"Americano with Milk",identified,ANON-0000-0000-0894,30.86,index_1
2024-11-13,"2024-11-13 10:37:43",10,Wed,2024-11,card,Latte,identified,ANON-0000-0000-0892,35.76,index_1
2024-11-13,"2024-11-13 13:19:54",13,Wed,2024-11,card,"Americano with Milk",identified,ANON-0000-0000-0895,30.86,index_1
2024-11-13,"2024-11-13 13:20:58",13,Wed,2024-11,card,"Americano with Milk",identified,ANON-0000-0000-0895,30.86,index_1
2024-11-13,"2024-11-13 14:17:30",14,Wed,2024-11,card,"Americano with Milk",identified,ANON-0000-0000-0896,30.86,index_1
2024-11-13,"2024-11-13 14:46:58",14,Wed,2024-11,card,Latte,identified,ANON-0000-0000-0892,35.76,index_1
2024-11-14,"2024-11-14 09:36:27",9,Thu,2024-11,card,Latte,identified,ANON-0000-0000-0892,35.76,index_1
2024-11-14,"2024-11-14 10:06:42",10,Thu,2024-11,card,Americano,identified,ANON-0000-0000-0897,25.96,index_1
2024-11-14,"2024-11-14 12:48:50",12,Thu,2024-11,card,Espresso,identified,ANON-0000-0000-0898,21.06,index_1
2024-11-14,"2024-11-14 15:03:45",15,Thu,2024-11,card,Cappuccino,identified,ANON-0000-0000-0899,35.76,index_1
2024-11-14,"2024-11-14 15:04:56",15,Thu,2024-11,card,Latte,identified,ANON-0000-0000-0900,35.76,index_1
2024-11-14,"2024-11-14 15:05:49",15,Thu,2024-11,card,Cappuccino,identified,ANON-0000-0000-0900,35.76,index_1
2024-11-14,"2024-11-14 16:13:08",16,Thu,2024-11,card,"Americano with Milk",identified,ANON-0000-0000-0819,30.86,index_1
2024-11-14,"2024-11-14 16:14:21",16,Thu,2024-11,card,Cappuccino,identified,ANON-0000-0000-0819,35.76,index_1
2024-11-14,"2024-11-14 19:43:26",19,Thu,2024-11,card,"Hot Chocolate",identified,ANON-0000-0000-0507,35.76,index_1
2024-11-14,"2024-11-14 19:46:37",19,Thu,2024-11,card,"Hot Chocolate",identified,ANON-0000-0000-0507,35.76,index_1
2024-11-14,"2024-11-14 20:31:30",20,Thu,2024-11,card,Cocoa,identified,ANON-0000-0000-0877,35.76,index_1
2024-11-14,"2024-11-14 20:32:30",20,Thu,2024-11,card,"Hot Chocolate",identified,ANON-0000-0000-0877,35.76,index_1
2024-11-14,"2024-11-14 21:24:31",21,Thu,2024-11,card,Latte,identified,ANON-0000-0000-0019,35.76,index_1
2024-11-14,"2024-11-14 22:40:42",22,Thu,2024-11,card,Latte,identified,ANON-0000-0000-0901,35.76,index_1
2024-11-15,"2024-11-15 08:45:51",8,Fri,2024-11,card,"Americano with Milk",identified,ANON-0000-0000-0902,30.86,index_1
2024-11-15,"2024-11-15 11:05:53",11,Fri,2024-11,card,"Americano with Milk",identified,ANON-0000-0000-0769,30.86,index_1
2024-11-15,"2024-11-15 12:09:00",12,Fri,2024-11,card,Cocoa,identified,ANON-0000-0000-0903,35.76,index_1
2024-11-15,"2024-11-15 12:14:18",12,Fri,2024-11,card,Cocoa,identified,ANON-0000-0000-0904,35.76,index_1
2024-11-15,"2024-11-15 13:57:33",13,Fri,2024-11,card,Latte,identified,ANON-0000-0000-0494,35.76,index_1
2024-11-15,"2024-11-15 15:19:50",15,Fri,2024-11,card,Americano,identified,ANON-0000-0000-0905,25.96,index_1
2024-11-15,"2024-11-15 17:35:41",17,Fri,2024-11,card,"Americano with Milk",identified,ANON-0000-0000-0851,30.86,index_1
2024-11-15,"2024-11-15 17:55:01",17,Fri,2024-11,card,Latte,identified,ANON-0000-0000-0906,35.76,index_1
2024-11-15,"2024-11-15 18:12:44",18,Fri,2024-11,card,"Hot Chocolate",identified,ANON-0000-0000-0907,35.76,index_1
2024-11-15,"2024-11-15 18:42:21",18,Fri,2024-11,card,"Americano with Milk",identified,ANON-0000-0000-0287,30.86,index_1
2024-11-15,"2024-11-15 18:43:21",18,Fri,2024-11,card,"Americano with Milk",identified,ANON-0000-0000-0287,30.86,index_1
2024-11-16,"2024-11-16 10:21:34",10,Sat,2024-11,card,Cortado,identified,ANON-0000-0000-0141,25.96,index_1
2024-11-16,"2024-11-16 10:45:51",10,Sat,2024-11,card,Cortado,identified,ANON-0000-0000-0908,25.96,index_1
2024-11-16,"2024-11-16 11:02:00",11,Sat,2024-11,card,"Hot Chocolate",identified,ANON-0000-0000-0909,35.76,index_1
2024-11-16,"2024-11-16 11:03:06",11,Sat,2024-11,card,Latte,identified,ANON-0000-0000-0910,35.76,index_1
2024-11-16,"2024-11-16 11:39:24",11,Sat,2024-11,card,Americano,identified,ANON-0000-0000-0302,25.96,index_1
2024-11-16,"2024-11-16 12:30:14",12,Sat,2024-11,card,Cappuccino,identified,ANON-0000-0000-0911,35.76,index_1
2024-11-16,"2024-11-16 12:31:50",12,Sat,2024-11,card,"Americano with Milk",identified,ANON-0000-0000-0912,30.86,index_1
2024-11-16,"2024-11-16 12:48:35",12,Sat,2024-11,card,Latte,identified,ANON-0000-0000-0913,35.76,index_1
2024-11-16,"2024-11-16 12:49:35",12,Sat,2024-11,card,Latte,identified,ANON-0000-0000-0913,35.76,index_1
2024-11-16,"2024-11-16 13:16:55",13,Sat,2024-11,card,"Americano with Milk",identified,ANON-0000-0000-0819,30.86,index_1
2024-11-16,"2024-11-16 13:18:00",13,Sat,2024-11,card,Latte,identified,ANON-0000-0000-0914,35.76,index_1
2024-11-16,"2024-11-16 13:19:09",13,Sat,2024-11,card,Latte,identified,ANON-0000-0000-0914,35.76,index_1
2024-11-16,"2024-11-16 14:25:47",14,Sat,2024-11,card,"Americano with Milk",identified,ANON-0000-0000-0915,30.86,index_1
2024-11-17,"2024-11-17 10:29:36",10,Sun,2024-11,card,"Americano with Milk",identified,ANON-0000-0000-0916,30.86,index_1
2024-11-17,"2024-11-17 13:35:19",13,Sun,2024-11,card,"Americano with Milk",identified,ANON-0000-0000-0917,30.86,index_1
2024-11-17,"2024-11-17 14:18:41",14,Sun,2024-11,card,Americano,identified,ANON-0000-0000-0918,25.96,index_1
2024-11-17,"2024-11-17 14:33:40",14,Sun,2024-11,card,"Americano with Milk",identified,ANON-0000-0000-0919,30.86,index_1
2024-11-17,"2024-11-17 16:27:26",16,Sun,2024-11,card,Latte,identified,ANON-0000-0000-0920,35.76,index_1
2024-11-17,"2024-11-17 16:28:35",16,Sun,2024-11,card,Latte,identified,ANON-0000-0000-0920,35.76,index_1
2024-11-17,"2024-11-17 18:10:06",18,Sun,2024-11,card,"Hot Chocolate",identified,ANON-0000-0000-0921,35.76,index_1
2024-11-17,"2024-11-17 19:17:34",19,Sun,2024-11,card,"Hot Chocolate",identified,ANON-0000-0000-0922,35.76,index_1
2024-11-17,"2024-11-17 19:18:27",19,Sun,2024-11,card,"Hot Chocolate",identified,ANON-0000-0000-0922,35.76,index_1
2024-11-18,"2024-11-18 07:52:19",7,Mon,2024-11,card,"Americano with Milk",identified,ANON-0000-0000-0769,30.86,index_1
2024-11-18,"2024-11-18 07:53:16",7,Mon,2024-11,card,"Americano with Milk",identified,ANON-0000-0000-0923,30.86,index_1
2024-11-18,"2024-11-18 07:57:22",7,Mon,2024-11,card,Latte,identified,ANON-0000-0000-0570,35.76,index_1
2024-11-18,"2024-11-18 16:44:49",16,Mon,2024-11,card,Latte,identified,ANON-0000-0000-0924,35.76,index_1
2024-11-18,"2024-11-18 16:46:52",16,Mon,2024-11,card,Latte,identified,ANON-0000-0000-0906,35.76,index_1
2024-11-18,"2024-11-18 18:50:54",18,Mon,2024-11,card,Latte,identified,ANON-0000-0000-0925,35.76,index_1
2024-11-19,"2024-11-19 07:49:00",7,Tue,2024-11,card,Cocoa,identified,ANON-0000-0000-0696,35.76,index_1
2024-11-19,"2024-11-19 07:51:13",7,Tue,2024-11,card,"Americano with Milk",identified,ANON-0000-0000-0923,30.86,index_1
2024-11-19,"2024-11-19 07:52:13",7,Tue,2024-11,card,Latte,identified,ANON-0000-0000-0923,35.76,index_1
2024-11-19,"2024-11-19 07:53:38",7,Tue,2024-11,card,Espresso,identified,ANON-0000-0000-0926,21.06,index_1
2024-11-19,"2024-11-19 07:54:46",7,Tue,2024-11,card,Latte,identified,ANON-0000-0000-0927,35.76,index_1
2024-11-19,"2024-11-19 10:29:23",10,Tue,2024-11,card,"Americano with Milk",identified,ANON-0000-0000-0276,30.86,index_1
2024-11-19,"2024-11-19 11:07:09",11,Tue,2024-11,card,Latte,identified,ANON-0000-0000-0928,35.76,index_1
2024-11-19,"2024-11-19 16:22:40",16,Tue,2024-11,card,Cocoa,identified,ANON-0000-0000-0012,35.76,index_1
2024-11-19,"2024-11-19 16:23:59",16,Tue,2024-11,card,Cocoa,identified,ANON-0000-0000-0012,35.76,index_1
2024-11-19,"2024-11-19 16:41:03",16,Tue,2024-11,card,Cappuccino,identified,ANON-0000-0000-0206,35.76,index_1
2024-11-19,"2024-11-19 16:47:41",16,Tue,2024-11,card,Cappuccino,identified,ANON-0000-0000-0929,35.76,index_1
2024-11-20,"2024-11-20 13:29:38",13,Wed,2024-11,card,"Americano with Milk",identified,ANON-0000-0000-0930,30.86,index_1
2024-11-20,"2024-11-20 16:34:50",16,Wed,2024-11,card,Latte,identified,ANON-0000-0000-0906,35.76,index_1
2024-11-20,"2024-11-20 17:49:51",17,Wed,2024-11,card,Cappuccino,identified,ANON-0000-0000-0931,35.76,index_1
2024-11-20,"2024-11-20 17:50:49",17,Wed,2024-11,card,"Hot Chocolate",identified,ANON-0000-0000-0931,35.76,index_1
2024-11-21,"2024-11-21 11:06:11",11,Thu,2024-11,card,Cortado,identified,ANON-0000-0000-0141,25.96,index_1
2024-11-21,"2024-11-21 12:33:36",12,Thu,2024-11,card,Latte,identified,ANON-0000-0000-0906,35.76,index_1
2024-11-21,"2024-11-21 12:59:45",12,Thu,2024-11,card,Cocoa,identified,ANON-0000-0000-0903,35.76,index_1
2024-11-21,"2024-11-21 13:00:47",13,Thu,2024-11,card,Cocoa,identified,ANON-0000-0000-0932,35.76,index_1
2024-11-21,"2024-11-21 16:14:13",16,Thu,2024-11,card,Latte,identified,ANON-0000-0000-0906,35.76,index_1
2024-11-21,"2024-11-21 17:35:27",17,Thu,2024-11,card,"Americano with Milk",identified,ANON-0000-0000-0933,30.86,index_1
2024-11-21,"2024-11-21 17:39:22",17,Thu,2024-11,card,Cortado,identified,ANON-0000-0000-0934,25.96,index_1
2024-11-21,"2024-11-21 19:01:02",19,Thu,2024-11,card,"Hot Chocolate",identified,ANON-0000-0000-0935,35.76,index_1
2024-11-22,"2024-11-22 07:50:36",7,Fri,2024-11,card,Latte,identified,ANON-0000-0000-0906,35.76,index_1
2024-11-22,"2024-11-22 10:03:42",10,Fri,2024-11,card,Cappuccino,identified,ANON-0000-0000-0696,35.76,index_1
2024-11-22,"2024-11-22 11:02:32",11,Fri,2024-11,card,Latte,identified,ANON-0000-0000-0936,35.76,index_1
2024-11-22,"2024-11-22 11:24:26",11,Fri,2024-11,card,Cocoa,identified,ANON-0000-0000-0937,35.76,index_1
2024-11-22,"2024-11-22 16:33:05",16,Fri,2024-11,card,"Hot Chocolate",identified,ANON-0000-0000-0938,35.76,index_1
2024-11-22,"2024-11-22 16:33:49",16,Fri,2024-11,card,Latte,identified,ANON-0000-0000-0938,35.76,index_1
2024-11-23,"2024-11-23 09:10:46",9,Sat,2024-11,card,Cortado,identified,ANON-0000-0000-0543,25.96,index_1
2024-11-23,"2024-11-23 09:11:48",9,Sat,2024-11,card,Cortado,identified,ANON-0000-0000-0543,25.96,index_1
2024-11-23,"2024-11-23 10:05:15",10,Sat,2024-11,card,Latte,identified,ANON-0000-0000-0683,35.76,index_1
2024-11-23,"2024-11-23 11:02:59",11,Sat,2024-11,card,Cappuccino,identified,ANON-0000-0000-0172,35.76,index_1
2024-11-23,"2024-11-23 11:09:28",11,Sat,2024-11,card,Americano,identified,ANON-0000-0000-0939,25.96,index_1
2024-11-23,"2024-11-23 11:10:25",11,Sat,2024-11,card,Americano,identified,ANON-0000-0000-0939,25.96,index_1
2024-11-23,"2024-11-23 11:41:27",11,Sat,2024-11,card,"Hot Chocolate",identified,ANON-0000-0000-0494,35.76,index_1
2024-11-23,"2024-11-23 22:37:04",22,Sat,2024-11,card,Latte,identified,ANON-0000-0000-0940,35.76,index_1
2024-11-24,"2024-11-24 08:17:07",8,Sun,2024-11,card,Latte,identified,ANON-0000-0000-0570,35.76,index_1
2024-11-25,"2024-11-25 07:49:17",7,Mon,2024-11,card,Cappuccino,identified,ANON-0000-0000-0696,35.76,index_1
2024-11-25,"2024-11-25 07:54:23",7,Mon,2024-11,card,Latte,identified,ANON-0000-0000-0941,35.76,index_1
2024-11-25,"2024-11-25 09:12:20",9,Mon,2024-11,card,"Americano with Milk",identified,ANON-0000-0000-0276,30.86,index_1
2024-11-25,"2024-11-25 10:38:08",10,Mon,2024-11,card,Cortado,identified,ANON-0000-0000-0141,25.96,index_1
2024-11-25,"2024-11-25 12:50:58",12,Mon,2024-11,card,Latte,identified,ANON-0000-0000-0942,35.76,index_1
2024-11-25,"2024-11-25 12:52:41",12,Mon,2024-11,card,Latte,identified,ANON-0000-0000-0943,35.76,index_1
2024-11-25,"2024-11-25 16:30:56",16,Mon,2024-11,card,"Hot Chocolate",identified,ANON-0000-0000-0871,35.76,index_1
2024-11-25,"2024-11-25 19:01:59",19,Mon,2024-11,card,"Americano with Milk",identified,ANON-0000-0000-0944,30.86,index_1
2024-11-25,"2024-11-25 19:37:58",19,Mon,2024-11,card,"Hot Chocolate",identified,ANON-0000-0000-0945,35.76,index_1
2024-11-25,"2024-11-25 21:42:15",21,Mon,2024-11,card,"Hot Chocolate",identified,ANON-0000-0000-0637,35.76,index_1
2024-11-25,"2024-11-25 21:43:00",21,Mon,2024-11,card,Cappuccino,identified,ANON-0000-0000-0637,35.76,index_1
2024-11-26,"2024-11-26 07:54:37",7,Tue,2024-11,card,Latte,identified,ANON-0000-0000-0570,35.76,index_1
2024-11-26,"2024-11-26 11:02:56",11,Tue,2024-11,card,Cocoa,identified,ANON-0000-0000-0903,35.76,index_1
2024-11-26,"2024-11-26 11:03:47",11,Tue,2024-11,card,Americano,identified,ANON-0000-0000-0946,25.96,index_1
2024-11-26,"2024-11-26 11:06:09",11,Tue,2024-11,card,Cocoa,identified,ANON-0000-0000-0947,35.76,index_1
2024-11-26,"2024-11-26 11:07:09",11,Tue,2024-11,card,Cocoa,identified,ANON-0000-0000-0947,35.76,index_1
2024-11-26,"2024-11-26 16:03:54",16,Tue,2024-11,card,Latte,identified,ANON-0000-0000-0948,35.76,index_1
2024-11-26,"2024-11-26 16:05:00",16,Tue,2024-11,card,Latte,identified,ANON-0000-0000-0949,35.76,index_1
2024-11-26,"2024-11-26 17:11:37",17,Tue,2024-11,card,Americano,identified,ANON-0000-0000-0950,25.96,index_1
2024-11-26,"2024-11-26 17:12:34",17,Tue,2024-11,card,"Americano with Milk",identified,ANON-0000-0000-0950,30.86,index_1
2024-11-26,"2024-11-26 19:47:24",19,Tue,2024-11,card,Cocoa,identified,ANON-0000-0000-0951,35.76,index_1
2024-11-28,"2024-11-28 08:41:16",8,Thu,2024-11,card,Cappuccino,identified,ANON-0000-0000-0952,35.76,index_1
2024-11-28,"2024-11-28 09:14:00",9,Thu,2024-11,card,"Americano with Milk",identified,ANON-0000-0000-0276,30.86,index_1
2024-11-28,"2024-11-28 20:24:42",20,Thu,2024-11,card,"Americano with Milk",identified,ANON-0000-0000-0012,30.86,index_1
2024-11-28,"2024-11-28 20:25:45",20,Thu,2024-11,card,Latte,identified,ANON-0000-0000-0019,35.76,index_1
2024-11-28,"2024-11-28 20:54:59",20,Thu,2024-11,card,Latte,identified,ANON-0000-0000-0507,35.76,index_1
2024-11-28,"2024-11-28 22:00:15",22,Thu,2024-11,card,Cappuccino,identified,ANON-0000-0000-0748,35.76,index_1
2024-11-29,"2024-11-29 07:53:15",7,Fri,2024-11,card,Cocoa,identified,ANON-0000-0000-0696,35.76,index_1
2024-11-29,"2024-11-29 07:57:42",7,Fri,2024-11,card,Latte,identified,ANON-0000-0000-0570,35.76,index_1
2024-11-29,"2024-11-29 09:07:31",9,Fri,2024-11,card,"Americano with Milk",identified,ANON-0000-0000-0385,30.86,index_1
2024-11-29,"2024-11-29 09:08:30",9,Fri,2024-11,card,"Americano with Milk",identified,ANON-0000-0000-0385,30.86,index_1
2024-11-29,"2024-11-29 15:18:06",15,Fri,2024-11,card,"Americano with Milk",identified,ANON-0000-0000-0953,30.86,index_1
2024-11-29,"2024-11-29 15:19:20",15,Fri,2024-11,card,Latte,identified,ANON-0000-0000-0954,35.76,index_1
2024-11-29,"2024-11-29 20:57:54",20,Fri,2024-11,card,Cocoa,identified,ANON-0000-0000-0955,35.76,index_1
2024-11-30,"2024-11-30 12:58:12",12,Sat,2024-11,card,Cocoa,identified,ANON-0000-0000-0570,35.76,index_1
2024-11-30,"2024-11-30 14:04:55",14,Sat,2024-11,card,Americano,identified,ANON-0000-0000-0956,25.96,index_1
2024-11-30,"2024-11-30 14:05:58",14,Sat,2024-11,card,"Hot Chocolate",identified,ANON-0000-0000-0956,35.76,index_1
2024-11-30,"2024-11-30 14:16:52",14,Sat,2024-11,card,Cocoa,identified,ANON-0000-0000-0494,35.76,index_1
2024-11-30,"2024-11-30 15:33:44",15,Sat,2024-11,card,"Americano with Milk",identified,ANON-0000-0000-0097,30.86,index_1
2024-11-30,"2024-11-30 22:03:48",22,Sat,2024-11,card,"Americano with Milk",identified,ANON-0000-0000-0957,30.86,index_1
2024-12-01,"2024-12-01 10:15:31",10,Sun,2024-12,card,"Americano with Milk",identified,ANON-0000-0000-0040,30.86,index_1
2024-12-01,"2024-12-01 10:16:31",10,Sun,2024-12,card,"Americano with Milk",identified,ANON-0000-0000-0040,30.86,index_1
2024-12-01,"2024-12-01 10:22:46",10,Sun,2024-12,card,"Americano with Milk",identified,ANON-0000-0000-0385,30.86,index_1
2024-12-01,"2024-12-01 14:34:22",14,Sun,2024-12,card,"Americano with Milk",identified,ANON-0000-0000-0958,30.86,index_1
2024-12-01,"2024-12-01 15:09:12",15,Sun,2024-12,card,Cocoa,identified,ANON-0000-0000-0959,35.76,index_1
2024-12-01,"2024-12-01 15:09:56",15,Sun,2024-12,card,Cocoa,identified,ANON-0000-0000-0959,35.76,index_1
2024-12-01,"2024-12-01 15:43:02",15,Sun,2024-12,card,Cappuccino,identified,ANON-0000-0000-0960,35.76,index_1
2024-12-01,"2024-12-01 15:56:31",15,Sun,2024-12,card,Latte,identified,ANON-0000-0000-0961,35.76,index_1
2024-12-01,"2024-12-01 15:57:49",15,Sun,2024-12,card,Latte,identified,ANON-0000-0000-0962,35.76,index_1
2024-12-01,"2024-12-01 16:32:59",16,Sun,2024-12,card,Latte,identified,ANON-0000-0000-0963,35.76,index_1
2024-12-01,"2024-12-01 16:34:30",16,Sun,2024-12,card,Latte,identified,ANON-0000-0000-0964,35.76,index_1
2024-12-01,"2024-12-01 17:10:23",17,Sun,2024-12,card,"Americano with Milk",identified,ANON-0000-0000-0965,30.86,index_1
2024-12-01,"2024-12-01 17:11:32",17,Sun,2024-12,card,"Americano with Milk",identified,ANON-0000-0000-0965,30.86,index_1
2024-12-01,"2024-12-01 18:38:28",18,Sun,2024-12,card,"Americano with Milk",identified,ANON-0000-0000-0966,30.86,index_1
2024-12-02,"2024-12-02 07:50:36",7,Mon,2024-12,card,Latte,identified,ANON-0000-0000-0696,35.76,index_1
2024-12-02,"2024-12-02 07:51:59",7,Mon,2024-12,card,Americano,identified,ANON-0000-0000-0967,25.96,index_1
2024-12-02,"2024-12-02 08:21:29",8,Mon,2024-12,card,"Americano with Milk",identified,ANON-0000-0000-0276,30.86,index_1
2024-12-02,"2024-12-02 08:53:14",8,Mon,2024-12,card,Cocoa,identified,ANON-0000-0000-0968,35.76,index_1
2024-12-02,"2024-12-02 11:04:25",11,Mon,2024-12,card,Cortado,identified,ANON-0000-0000-0141,25.96,index_1
2024-12-02,"2024-12-02 15:28:23",15,Mon,2024-12,card,Espresso,identified,ANON-0000-0000-0969,21.06,index_1
2024-12-02,"2024-12-02 16:12:23",16,Mon,2024-12,card,Cappuccino,identified,ANON-0000-0000-0970,35.76,index_1
2024-12-02,"2024-12-02 17:34:21",17,Mon,2024-12,card,Americano,identified,ANON-0000-0000-0971,25.96,index_1
2024-12-02,"2024-12-02 18:00:32",18,Mon,2024-12,card,Cappuccino,identified,ANON-0000-0000-0972,35.76,index_1
2024-12-03,"2024-12-03 08:11:19",8,Tue,2024-12,card,Latte,identified,ANON-0000-0000-0570,35.76,index_1
2024-12-03,"2024-12-03 09:23:30",9,Tue,2024-12,card,"Americano with Milk",identified,ANON-0000-0000-0276,30.86,index_1
2024-12-03,"2024-12-03 09:24:27",9,Tue,2024-12,card,"Americano with Milk",identified,ANON-0000-0000-0276,30.86,index_1
2024-12-03,"2024-12-03 11:17:58",11,Tue,2024-12,card,Americano,identified,ANON-0000-0000-0973,25.96,index_1
2024-12-03,"2024-12-03 11:42:07",11,Tue,2024-12,card,"Americano with Milk",identified,ANON-0000-0000-0974,30.86,index_1
2024-12-03,"2024-12-03 11:43:15",11,Tue,2024-12,card,"Americano with Milk",identified,ANON-0000-0000-0819,30.86,index_1
2024-12-03,"2024-12-03 11:45:54",11,Tue,2024-12,card,"Americano with Milk",identified,ANON-0000-0000-0819,30.86,index_1
2024-12-03,"2024-12-03 20:50:55",20,Tue,2024-12,card,Cocoa,identified,ANON-0000-0000-0975,35.76,index_1
2024-12-03,"2024-12-03 21:33:16",21,Tue,2024-12,card,Latte,identified,ANON-0000-0000-0685,35.76,index_1
2024-12-03,"2024-12-03 21:34:13",21,Tue,2024-12,card,Cappuccino,identified,ANON-0000-0000-0685,35.76,index_1
2024-12-03,"2024-12-03 21:35:18",21,Tue,2024-12,card,"Hot Chocolate",identified,ANON-0000-0000-0685,35.76,index_1
2024-12-03,"2024-12-03 22:19:13",22,Tue,2024-12,card,"Americano with Milk",identified,ANON-0000-0000-0976,30.86,index_1
2024-12-03,"2024-12-03 22:21:42",22,Tue,2024-12,card,Cappuccino,identified,ANON-0000-0000-0206,35.76,index_1
2024-12-04,"2024-12-04 08:32:47",8,Wed,2024-12,card,Cortado,identified,ANON-0000-0000-0141,25.96,index_1
2024-12-04,"2024-12-04 08:50:30",8,Wed,2024-12,card,Latte,identified,ANON-0000-0000-0977,35.76,index_1
2024-12-04,"2024-12-04 08:52:15",8,Wed,2024-12,card,Latte,identified,ANON-0000-0000-0978,35.76,index_1
2024-12-04,"2024-12-04 09:04:14",9,Wed,2024-12,card,Americano,identified,ANON-0000-0000-0979,25.96,index_1
2024-12-04,"2024-12-04 10:23:01",10,Wed,2024-12,card,"Americano with Milk",identified,ANON-0000-0000-0276,30.86,index_1
2024-12-04,"2024-12-04 10:24:07",10,Wed,2024-12,card,"Americano with Milk",identified,ANON-0000-0000-0276,30.86,index_1
2024-12-04,"2024-12-04 10:26:57",10,Wed,2024-12,card,"Americano with Milk",identified,ANON-0000-0000-0980,30.86,index_1
2024-12-04,"2024-12-04 10:29:47",10,Wed,2024-12,card,"Hot Chocolate",identified,ANON-0000-0000-0783,35.76,index_1
2024-12-04,"2024-12-04 11:45:57",11,Wed,2024-12,card,"Americano with Milk",identified,ANON-0000-0000-0981,30.86,index_1
2024-12-04,"2024-12-04 14:33:54",14,Wed,2024-12,card,"Hot Chocolate",identified,ANON-0000-0000-0982,35.76,index_1
2024-12-05,"2024-12-05 08:53:48",8,Thu,2024-12,card,Americano,identified,ANON-0000-0000-0983,25.96,index_1
2024-12-05,"2024-12-05 09:20:28",9,Thu,2024-12,card,Cortado,identified,ANON-0000-0000-0141,25.96,index_1
2024-12-05,"2024-12-05 10:02:51",10,Thu,2024-12,card,"Americano with Milk",identified,ANON-0000-0000-0276,30.86,index_1
2024-12-05,"2024-12-05 10:05:05",10,Thu,2024-12,card,"Americano with Milk",identified,ANON-0000-0000-0276,30.86,index_1
2024-12-05,"2024-12-05 11:31:58",11,Thu,2024-12,card,Latte,identified,ANON-0000-0000-0579,35.76,index_1
2024-12-05,"2024-12-05 11:50:44",11,Thu,2024-12,card,Americano,identified,ANON-0000-0000-0984,25.96,index_1
2024-12-05,"2024-12-05 14:30:58",14,Thu,2024-12,card,Cappuccino,identified,ANON-0000-0000-0985,35.76,index_1
2024-12-05,"2024-12-05 15:21:19",15,Thu,2024-12,card,Latte,identified,ANON-0000-0000-0906,35.76,index_1
2024-12-05,"2024-12-05 16:02:10",16,Thu,2024-12,card,Latte,identified,ANON-0000-0000-0771,35.76,index_1
2024-12-06,"2024-12-06 11:42:18",11,Fri,2024-12,card,Latte,identified,ANON-0000-0000-0906,35.76,index_1
2024-12-06,"2024-12-06 16:31:58",16,Fri,2024-12,card,"Hot Chocolate",identified,ANON-0000-0000-0938,35.76,index_1
2024-12-06,"2024-12-06 22:30:33",22,Fri,2024-12,card,Latte,identified,ANON-0000-0000-0731,35.76,index_1
2024-12-06,"2024-12-06 22:31:30",22,Fri,2024-12,card,"Hot Chocolate",identified,ANON-0000-0000-0731,35.76,index_1
2024-12-07,"2024-12-07 11:17:10",11,Sat,2024-12,card,"Americano with Milk",identified,ANON-0000-0000-0986,30.86,index_1
2024-12-07,"2024-12-07 14:16:42",14,Sat,2024-12,card,Americano,identified,ANON-0000-0000-0987,25.96,index_1
2024-12-07,"2024-12-07 15:44:04",15,Sat,2024-12,card,Latte,identified,ANON-0000-0000-0409,35.76,index_1
2024-12-07,"2024-12-07 19:11:13",19,Sat,2024-12,card,Cappuccino,identified,ANON-0000-0000-0206,35.76,index_1
2024-12-07,"2024-12-07 22:00:09",22,Sat,2024-12,card,"Americano with Milk",identified,ANON-0000-0000-0988,30.86,index_1
2024-12-07,"2024-12-07 22:28:17",22,Sat,2024-12,card,Americano,identified,ANON-0000-0000-0989,25.96,index_1
2024-12-08,"2024-12-08 08:29:25",8,Sun,2024-12,card,Cortado,identified,ANON-0000-0000-0141,25.96,index_1
2024-12-08,"2024-12-08 10:42:38",10,Sun,2024-12,card,Latte,identified,ANON-0000-0000-0787,35.76,index_1
2024-12-08,"2024-12-08 10:43:42",10,Sun,2024-12,card,Cappuccino,identified,ANON-0000-0000-0787,35.76,index_1
2024-12-08,"2024-12-08 12:51:40",12,Sun,2024-12,card,Cortado,identified,ANON-0000-0000-0990,25.96,index_1
2024-12-08,"2024-12-08 13:02:36",13,Sun,2024-12,card,"Americano with Milk",identified,ANON-0000-0000-0991,30.86,index_1
2024-12-08,"2024-12-08 13:03:38",13,Sun,2024-12,card,"Americano with Milk",identified,ANON-0000-0000-0991,30.86,index_1
2024-12-08,"2024-12-08 17:26:29",17,Sun,2024-12,card,Cappuccino,identified,ANON-0000-0000-0206,35.76,index_1
2024-12-08,"2024-12-08 18:41:48",18,Sun,2024-12,card,Espresso,identified,ANON-0000-0000-0992,21.06,index_1
2024-12-08,"2024-12-08 20:47:18",20,Sun,2024-12,card,Cappuccino,identified,ANON-0000-0000-0097,35.76,index_1
2024-12-08,"2024-12-08 21:28:30",21,Sun,2024-12,card,"Americano with Milk",identified,ANON-0000-0000-0993,30.86,index_1
2024-12-08,"2024-12-08 21:41:23",21,Sun,2024-12,card,"Americano with Milk",identified,ANON-0000-0000-0976,30.86,index_1
2024-12-09,"2024-12-09 08:32:40",8,Mon,2024-12,card,Cappuccino,identified,ANON-0000-0000-0994,35.76,index_1
2024-12-09,"2024-12-09 09:12:25",9,Mon,2024-12,card,Americano,identified,ANON-0000-0000-0995,25.96,index_1
2024-12-09,"2024-12-09 09:33:57",9,Mon,2024-12,card,"Americano with Milk",identified,ANON-0000-0000-0276,30.86,index_1
2024-12-09,"2024-12-09 13:00:54",13,Mon,2024-12,card,Cortado,identified,ANON-0000-0000-0802,25.96,index_1
2024-12-09,"2024-12-09 21:21:51",21,Mon,2024-12,card,Cocoa,identified,ANON-0000-0000-0996,35.76,index_1
2024-12-10,"2024-12-10 12:25:49",12,Tue,2024-12,card,Cortado,identified,ANON-0000-0000-0141,25.96,index_1
2024-12-10,"2024-12-10 18:21:57",18,Tue,2024-12,card,"Hot Chocolate",identified,ANON-0000-0000-0938,35.76,index_1
2024-12-11,"2024-12-11 07:49:45",7,Wed,2024-12,card,Latte,identified,ANON-0000-0000-0570,35.76,index_1
2024-12-11,"2024-12-11 10:45:47",10,Wed,2024-12,card,Cortado,identified,ANON-0000-0000-0141,25.96,index_1
2024-12-11,"2024-12-11 12:13:06",12,Wed,2024-12,card,"Hot Chocolate",identified,ANON-0000-0000-0997,35.76,index_1
2024-12-11,"2024-12-11 12:56:47",12,Wed,2024-12,card,Espresso,identified,ANON-0000-0000-0998,21.06,index_1
2024-12-11,"2024-12-11 17:59:25",17,Wed,2024-12,card,Cocoa,identified,ANON-0000-0000-0999,35.76,index_1
2024-12-11,"2024-12-11 21:01:07",21,Wed,2024-12,card,Latte,identified,ANON-0000-0000-0690,35.76,index_1
2024-12-11,"2024-12-11 21:18:17",21,Wed,2024-12,card,Latte,identified,ANON-0000-0000-1000,35.76,index_1
2024-12-12,"2024-12-12 07:58:31",7,Thu,2024-12,card,"Americano with Milk",identified,ANON-0000-0000-1001,30.86,index_1
2024-12-12,"2024-12-12 12:49:23",12,Thu,2024-12,card,Americano,identified,ANON-0000-0000-1002,25.96,index_1
2024-12-12,"2024-12-12 16:55:02",16,Thu,2024-12,card,Espresso,identified,ANON-0000-0000-1003,21.06,index_1
2024-12-12,"2024-12-12 16:55:49",16,Thu,2024-12,card,Espresso,identified,ANON-0000-0000-1003,21.06,index_1
2024-12-12,"2024-12-12 16:57:01",16,Thu,2024-12,card,Americano,identified,ANON-0000-0000-1003,25.96,index_1
2024-12-12,"2024-12-12 19:50:00",19,Thu,2024-12,card,Cocoa,identified,ANON-0000-0000-0922,35.76,index_1
2024-12-12,"2024-12-12 19:50:57",19,Thu,2024-12,card,Cocoa,identified,ANON-0000-0000-0922,35.76,index_1
2024-12-13,"2024-12-13 12:27:25",12,Fri,2024-12,card,Americano,identified,ANON-0000-0000-1004,25.96,index_1
2024-12-13,"2024-12-13 12:53:05",12,Fri,2024-12,card,Americano,identified,ANON-0000-0000-1003,25.96,index_1
2024-12-13,"2024-12-13 12:54:40",12,Fri,2024-12,card,"Hot Chocolate",identified,ANON-0000-0000-1003,35.76,index_1
2024-12-13,"2024-12-13 14:01:58",14,Fri,2024-12,card,"Hot Chocolate",identified,ANON-0000-0000-1005,35.76,index_1
2024-12-13,"2024-12-13 16:23:23",16,Fri,2024-12,card,Cocoa,identified,ANON-0000-0000-0494,35.76,index_1
2024-12-13,"2024-12-13 19:19:03",19,Fri,2024-12,card,Cappuccino,identified,ANON-0000-0000-0876,35.76,index_1
2024-12-13,"2024-12-13 19:20:10",19,Fri,2024-12,card,Cappuccino,identified,ANON-0000-0000-0876,35.76,index_1
2024-12-13,"2024-12-13 21:35:41",21,Fri,2024-12,card,Latte,identified,ANON-0000-0000-0748,35.76,index_1
2024-12-14,"2024-12-14 08:27:32",8,Sat,2024-12,card,"Americano with Milk",identified,ANON-0000-0000-1006,30.86,index_1
2024-12-14,"2024-12-14 09:03:05",9,Sat,2024-12,card,Cocoa,identified,ANON-0000-0000-1007,35.76,index_1
2024-12-14,"2024-12-14 11:41:57",11,Sat,2024-12,card,Cappuccino,identified,ANON-0000-0000-0664,35.76,index_1
2024-12-14,"2024-12-14 13:19:07",13,Sat,2024-12,card,Americano,identified,ANON-0000-0000-1008,25.96,index_1
2024-12-14,"2024-12-14 13:20:08",13,Sat,2024-12,card,Latte,identified,ANON-0000-0000-1008,35.76,index_1
2024-12-14,"2024-12-14 16:10:29",16,Sat,2024-12,card,Cocoa,identified,ANON-0000-0000-0612,35.76,index_1
2024-12-14,"2024-12-14 16:29:58",16,Sat,2024-12,card,Americano,identified,ANON-0000-0000-0040,25.96,index_1
2024-12-14,"2024-12-14 16:30:49",16,Sat,2024-12,card,Americano,identified,ANON-0000-0000-0040,25.96,index_1
2024-12-14,"2024-12-14 17:00:15",17,Sat,2024-12,card,Americano,identified,ANON-0000-0000-1003,25.96,index_1
2024-12-14,"2024-12-14 17:01:29",17,Sat,2024-12,card,Americano,identified,ANON-0000-0000-1003,25.96,index_1
2024-12-14,"2024-12-14 18:23:44",18,Sat,2024-12,card,"Americano with Milk",identified,ANON-0000-0000-1009,30.86,index_1
2024-12-15,"2024-12-15 11:09:24",11,Sun,2024-12,card,Latte,identified,ANON-0000-0000-0570,35.76,index_1
2024-12-15,"2024-12-15 11:10:25",11,Sun,2024-12,card,Cocoa,identified,ANON-0000-0000-0570,35.76,index_1
2024-12-15,"2024-12-15 17:58:05",17,Sun,2024-12,card,"Hot Chocolate",identified,ANON-0000-0000-0798,35.76,index_1
2024-12-16,"2024-12-16 07:52:18",7,Mon,2024-12,card,Latte,identified,ANON-0000-0000-0570,35.76,index_1
2024-12-16,"2024-12-16 08:03:31",8,Mon,2024-12,card,"Hot Chocolate",identified,ANON-0000-0000-1010,35.76,index_1
2024-12-16,"2024-12-16 08:46:53",8,Mon,2024-12,card,Cocoa,identified,ANON-0000-0000-0714,35.76,index_1
2024-12-16,"2024-12-16 12:19:08",12,Mon,2024-12,card,"Americano with Milk",identified,ANON-0000-0000-1011,30.86,index_1
2024-12-16,"2024-12-16 13:08:52",13,Mon,2024-12,card,Latte,identified,ANON-0000-0000-0886,35.76,index_1
2024-12-16,"2024-12-16 14:13:18",14,Mon,2024-12,card,"Hot Chocolate",identified,ANON-0000-0000-0896,35.76,index_1
2024-12-16,"2024-12-16 18:23:07",18,Mon,2024-12,card,Latte,identified,ANON-0000-0000-0012,35.76,index_1
2024-12-16,"2024-12-16 18:24:01",18,Mon,2024-12,card,"Americano with Milk",identified,ANON-0000-0000-0012,30.86,index_1
2024-12-17,"2024-12-17 08:48:18",8,Tue,2024-12,card,Cortado,identified,ANON-0000-0000-1012,25.96,index_1
2024-12-17,"2024-12-17 08:52:32",8,Tue,2024-12,card,Cappuccino,identified,ANON-0000-0000-1013,35.76,index_1
2024-12-17,"2024-12-17 10:49:05",10,Tue,2024-12,card,"Americano with Milk",identified,ANON-0000-0000-0276,30.86,index_1
2024-12-17,"2024-12-17 16:22:35",16,Tue,2024-12,card,Americano,identified,ANON-0000-0000-1014,25.96,index_1
2024-12-17,"2024-12-17 16:23:36",16,Tue,2024-12,card,Cocoa,identified,ANON-0000-0000-1014,35.76,index_1
2024-12-17,"2024-12-17 17:14:22",17,Tue,2024-12,card,Cappuccino,identified,ANON-0000-0000-0664,35.76,index_1
2024-12-17,"2024-12-17 18:54:57",18,Tue,2024-12,card,Cocoa,identified,ANON-0000-0000-0907,35.76,index_1
2024-12-18,"2024-12-18 09:30:28",9,Wed,2024-12,card,Latte,identified,ANON-0000-0000-1015,35.76,index_1
2024-12-18,"2024-12-18 10:01:21",10,Wed,2024-12,card,"Americano with Milk",identified,ANON-0000-0000-1016,30.86,index_1
2024-12-18,"2024-12-18 10:03:02",10,Wed,2024-12,card,Latte,identified,ANON-0000-0000-1016,35.76,index_1
2024-12-18,"2024-12-18 10:04:03",10,Wed,2024-12,card,Cappuccino,identified,ANON-0000-0000-1016,35.76,index_1
2024-12-19,"2024-12-19 10:12:11",10,Thu,2024-12,card,"Hot Chocolate",identified,ANON-0000-0000-1017,35.76,index_1
2024-12-19,"2024-12-19 11:25:43",11,Thu,2024-12,card,"Americano with Milk",identified,ANON-0000-0000-0276,30.86,index_1
2024-12-19,"2024-12-19 12:10:52",12,Thu,2024-12,card,Espresso,identified,ANON-0000-0000-1018,21.06,index_1
2024-12-19,"2024-12-19 13:38:56",13,Thu,2024-12,card,"Hot Chocolate",identified,ANON-0000-0000-1019,35.76,index_1
2024-12-19,"2024-12-19 19:00:56",19,Thu,2024-12,card,Cappuccino,identified,ANON-0000-0000-0206,35.76,index_1
2024-12-19,"2024-12-19 19:10:40",19,Thu,2024-12,card,Cappuccino,identified,ANON-0000-0000-0040,35.76,index_1
2024-12-19,"2024-12-19 19:48:18",19,Thu,2024-12,card,"Americano with Milk",identified,ANON-0000-0000-1020,30.86,index_1
2024-12-19,"2024-12-19 19:49:42",19,Thu,2024-12,card,"Hot Chocolate",identified,ANON-0000-0000-1020,35.76,index_1
2024-12-19,"2024-12-19 21:08:11",21,Thu,2024-12,card,Latte,identified,ANON-0000-0000-1021,35.76,index_1
2024-12-19,"2024-12-19 21:09:15",21,Thu,2024-12,card,Cappuccino,identified,ANON-0000-0000-1021,35.76,index_1
2024-12-20,"2024-12-20 08:14:51",8,Fri,2024-12,card,Cortado,identified,ANON-0000-0000-0141,25.96,index_1
2024-12-20,"2024-12-20 09:39:29",9,Fri,2024-12,card,"Americano with Milk",identified,ANON-0000-0000-0276,30.86,index_1
2024-12-20,"2024-12-20 10:12:42",10,Fri,2024-12,card,Cappuccino,identified,ANON-0000-0000-1022,35.76,index_1
2024-12-20,"2024-12-20 10:55:29",10,Fri,2024-12,card,Cortado,identified,ANON-0000-0000-0141,25.96,index_1
2024-12-20,"2024-12-20 12:21:17",12,Fri,2024-12,card,Espresso,identified,ANON-0000-0000-0819,21.06,index_1
2024-12-20,"2024-12-20 12:22:49",12,Fri,2024-12,card,"Americano with Milk",identified,ANON-0000-0000-0819,30.86,index_1
2024-12-20,"2024-12-20 14:58:20",14,Fri,2024-12,card,Cortado,identified,ANON-0000-0000-1023,25.96,index_1
2024-12-20,"2024-12-20 18:28:22",18,Fri,2024-12,card,Cappuccino,identified,ANON-0000-0000-1024,35.76,index_1
2024-12-20,"2024-12-20 18:57:13",18,Fri,2024-12,card,Cappuccino,identified,ANON-0000-0000-0206,35.76,index_1
2024-12-21,"2024-12-21 10:19:23",10,Sat,2024-12,card,Cappuccino,identified,ANON-0000-0000-1025,35.76,index_1
2024-12-21,"2024-12-21 10:20:41",10,Sat,2024-12,card,Latte,identified,ANON-0000-0000-1025,35.76,index_1
2024-12-21,"2024-12-21 10:32:02",10,Sat,2024-12,card,Americano,identified,ANON-0000-0000-1026,25.96,index_1
2024-12-21,"2024-12-21 15:33:03",15,Sat,2024-12,card,"Hot Chocolate",identified,ANON-0000-0000-0507,35.76,index_1
2024-12-21,"2024-12-21 15:33:49",15,Sat,2024-12,card,Latte,identified,ANON-0000-0000-0507,35.76,index_1
2024-12-21,"2024-12-21 15:35:29",15,Sat,2024-12,card,"Americano with Milk",identified,ANON-0000-0000-0842,30.86,index_1
2024-12-21,"2024-12-21 15:58:07",15,Sat,2024-12,card,Latte,identified,ANON-0000-0000-1027,35.76,index_1
2024-12-21,"2024-12-21 17:47:27",17,Sat,2024-12,card,Cocoa,identified,ANON-0000-0000-1020,35.76,index_1
2024-12-21,"2024-12-21 18:02:36",18,Sat,2024-12,card,"Hot Chocolate",identified,ANON-0000-0000-1028,35.76,index_1
2024-12-21,"2024-12-21 18:08:17",18,Sat,2024-12,card,Cortado,identified,ANON-0000-0000-1029,25.96,index_1
2024-12-21,"2024-12-21 19:48:13",19,Sat,2024-12,card,"Americano with Milk",identified,ANON-0000-0000-1030,30.86,index_1
2024-12-21,"2024-12-21 19:49:45",19,Sat,2024-12,card,Cortado,identified,ANON-0000-0000-1030,25.96,index_1
2024-12-21,"2024-12-21 21:49:47",21,Sat,2024-12,card,Cortado,identified,ANON-0000-0000-1029,25.96,index_1
2024-12-21,"2024-12-21 21:58:48",21,Sat,2024-12,card,Latte,identified,ANON-0000-0000-1031,35.76,index_1
2024-12-21,"2024-12-21 22:16:14",22,Sat,2024-12,card,Cortado,identified,ANON-0000-0000-1029,25.96,index_1
2024-12-22,"2024-12-22 10:42:56",10,Sun,2024-12,card,Cappuccino,identified,ANON-0000-0000-0333,35.76,index_1
2024-12-22,"2024-12-22 18:55:44",18,Sun,2024-12,card,Cappuccino,identified,ANON-0000-0000-0206,35.76,index_1
2024-12-22,"2024-12-22 19:35:45",19,Sun,2024-12,card,"Hot Chocolate",identified,ANON-0000-0000-1032,35.76,index_1
2024-12-22,"2024-12-22 19:36:29",19,Sun,2024-12,card,"Hot Chocolate",identified,ANON-0000-0000-1032,35.76,index_1
2024-12-22,"2024-12-22 20:26:36",20,Sun,2024-12,card,"Hot Chocolate",identified,ANON-0000-0000-0636,35.76,index_1
2024-12-22,"2024-12-22 21:55:18",21,Sun,2024-12,card,Cocoa,identified,ANON-0000-0000-1033,35.76,index_1
2024-12-22,"2024-12-22 21:56:56",21,Sun,2024-12,card,Cortado,identified,ANON-0000-0000-1034,25.96,index_1
2024-12-23,"2024-12-23 09:03:21",9,Mon,2024-12,card,Cortado,identified,ANON-0000-0000-1029,25.96,index_1
2024-12-23,"2024-12-23 09:22:17",9,Mon,2024-12,card,"Americano with Milk",identified,ANON-0000-0000-0276,30.86,index_1
2024-12-23,"2024-12-23 10:42:03",10,Mon,2024-12,card,"Americano with Milk",identified,ANON-0000-0000-0042,30.86,index_1
2024-12-23,"2024-12-23 11:35:54",11,Mon,2024-12,card,Cappuccino,identified,ANON-0000-0000-0570,35.76,index_1
2024-12-23,"2024-12-23 14:05:31",14,Mon,2024-12,card,Latte,identified,ANON-0000-0000-1035,35.76,index_1
2024-12-23,"2024-12-23 15:00:23",15,Mon,2024-12,card,"Americano with Milk",identified,ANON-0000-0000-1036,30.86,index_1
2024-12-23,"2024-12-23 16:14:50",16,Mon,2024-12,card,Latte,identified,ANON-0000-0000-0906,35.76,index_1
2024-12-23,"2024-12-23 17:21:20",17,Mon,2024-12,card,Cortado,identified,ANON-0000-0000-1037,25.96,index_1
2024-12-23,"2024-12-23 17:22:40",17,Mon,2024-12,card,Latte,identified,ANON-0000-0000-1037,35.76,index_1
2024-12-23,"2024-12-23 20:46:07",20,Mon,2024-12,card,Cortado,identified,ANON-0000-0000-1029,25.96,index_1
2024-12-24,"2024-12-24 15:10:43",15,Tue,2024-12,card,"Americano with Milk",identified,ANON-0000-0000-1038,30.86,index_1
2024-12-24,"2024-12-24 16:08:38",16,Tue,2024-12,card,"Hot Chocolate",identified,ANON-0000-0000-1039,35.76,index_1
2024-12-24,"2024-12-24 17:55:28",17,Tue,2024-12,card,Cortado,identified,ANON-0000-0000-1029,25.96,index_1
2024-12-24,"2024-12-24 19:10:36",19,Tue,2024-12,card,"Hot Chocolate",identified,ANON-0000-0000-1039,35.76,index_1
2024-12-24,"2024-12-24 19:11:36",19,Tue,2024-12,card,Latte,identified,ANON-0000-0000-1040,35.76,index_1
2024-12-24,"2024-12-24 19:12:34",19,Tue,2024-12,card,Espresso,identified,ANON-0000-0000-1039,21.06,index_1
2024-12-24,"2024-12-24 19:36:02",19,Tue,2024-12,card,Cappuccino,identified,ANON-0000-0000-0097,35.76,index_1
2024-12-25,"2024-12-25 10:43:56",10,Wed,2024-12,card,Latte,identified,ANON-0000-0000-1041,35.76,index_1
2024-12-25,"2024-12-25 10:45:02",10,Wed,2024-12,card,Latte,identified,ANON-0000-0000-1041,35.76,index_1
2024-12-25,"2024-12-25 12:35:03",12,Wed,2024-12,card,"Americano with Milk",identified,ANON-0000-0000-1042,30.86,index_1
2024-12-25,"2024-12-25 12:36:00",12,Wed,2024-12,card,Americano,identified,ANON-0000-0000-1042,25.96,index_1
2024-12-25,"2024-12-25 13:17:11",13,Wed,2024-12,card,"Americano with Milk",identified,ANON-0000-0000-1043,30.86,index_1
2024-12-25,"2024-12-25 13:32:47",13,Wed,2024-12,card,Americano,identified,ANON-0000-0000-1044,25.96,index_1
2024-12-25,"2024-12-25 20:02:40",20,Wed,2024-12,card,Cappuccino,identified,ANON-0000-0000-0097,35.76,index_1
2024-12-25,"2024-12-25 21:18:49",21,Wed,2024-12,card,Cocoa,identified,ANON-0000-0000-1045,35.76,index_1
2024-12-25,"2024-12-25 21:19:42",21,Wed,2024-12,card,Cocoa,identified,ANON-0000-0000-1045,35.76,index_1
2024-12-25,"2024-12-25 21:57:30",21,Wed,2024-12,card,Latte,identified,ANON-0000-0000-1046,35.76,index_1
2024-12-25,"2024-12-25 22:51:02",22,Wed,2024-12,card,Cappuccino,identified,ANON-0000-0000-0154,35.76,index_1
2024-12-25,"2024-12-25 22:53:06",22,Wed,2024-12,card,"Americano with Milk",identified,ANON-0000-0000-0154,30.86,index_1
2024-12-26,"2024-12-26 13:12:37",13,Thu,2024-12,card,Cappuccino,identified,ANON-0000-0000-1047,35.76,index_1
2024-12-26,"2024-12-26 15:04:34",15,Thu,2024-12,card,Espresso,identified,ANON-0000-0000-1048,21.06,index_1
2024-12-27,"2024-12-27 07:50:20",7,Fri,2024-12,card,Americano,identified,ANON-0000-0000-1049,25.96,index_1
2024-12-27,"2024-12-27 08:57:38",8,Fri,2024-12,card,Cortado,identified,ANON-0000-0000-1029,25.96,index_1
2024-12-27,"2024-12-27 09:09:55",9,Fri,2024-12,card,Cortado,identified,ANON-0000-0000-0141,25.96,index_1
2024-12-27,"2024-12-27 10:12:53",10,Fri,2024-12,card,"Americano with Milk",identified,ANON-0000-0000-0276,30.86,index_1
2024-12-27,"2024-12-27 17:12:04",17,Fri,2024-12,card,Latte,identified,ANON-0000-0000-1050,35.76,index_1
2024-12-27,"2024-12-27 19:47:27",19,Fri,2024-12,card,Americano,identified,ANON-0000-0000-1051,25.96,index_1
2024-12-27,"2024-12-27 19:48:21",19,Fri,2024-12,card,"Americano with Milk",identified,ANON-0000-0000-1051,30.86,index_1
2024-12-27,"2024-12-27 22:54:32",22,Fri,2024-12,card,Cocoa,identified,ANON-0000-0000-0701,35.76,index_1
2024-12-28,"2024-12-28 09:00:23",9,Sat,2024-12,card,Cortado,identified,ANON-0000-0000-1029,25.96,index_1
2024-12-28,"2024-12-28 09:50:37",9,Sat,2024-12,card,Cortado,identified,ANON-0000-0000-0141,25.96,index_1
2024-12-28,"2024-12-28 10:18:44",10,Sat,2024-12,card,"Americano with Milk",identified,ANON-0000-0000-0727,30.86,index_1
2024-12-28,"2024-12-28 10:52:03",10,Sat,2024-12,card,Latte,identified,ANON-0000-0000-0570,35.76,index_1
2024-12-28,"2024-12-28 14:10:01",14,Sat,2024-12,card,Cappuccino,identified,ANON-0000-0000-1052,35.76,index_1
2024-12-28,"2024-12-28 14:13:17",14,Sat,2024-12,card,"Hot Chocolate",identified,ANON-0000-0000-1053,35.76,index_1
2024-12-28,"2024-12-28 17:23:40",17,Sat,2024-12,card,Latte,identified,ANON-0000-0000-0507,35.76,index_1
2024-12-28,"2024-12-28 22:11:01",22,Sat,2024-12,card,Cappuccino,identified,ANON-0000-0000-1054,35.76,index_1
2024-12-29,"2024-12-29 13:46:16",13,Sun,2024-12,card,Cortado,identified,ANON-0000-0000-1029,25.96,index_1
2024-12-29,"2024-12-29 15:04:26",15,Sun,2024-12,card,Espresso,identified,ANON-0000-0000-1055,21.06,index_1
2024-12-29,"2024-12-29 15:05:16",15,Sun,2024-12,card,Americano,identified,ANON-0000-0000-1055,25.96,index_1
2024-12-29,"2024-12-29 17:30:04",17,Sun,2024-12,card,Cortado,identified,ANON-0000-0000-1056,25.96,index_1
2024-12-29,"2024-12-29 17:31:46",17,Sun,2024-12,card,Espresso,identified,ANON-0000-0000-1057,21.06,index_1
2024-12-29,"2024-12-29 19:47:43",19,Sun,2024-12,card,Cortado,identified,ANON-0000-0000-1029,25.96,index_1
2024-12-29,"2024-12-29 20:25:54",20,Sun,2024-12,card,"Hot Chocolate",identified,ANON-0000-0000-1058,35.76,index_1
2024-12-29,"2024-12-29 21:17:19",21,Sun,2024-12,card,Latte,identified,ANON-0000-0000-0729,35.76,index_1
2024-12-30,"2024-12-30 09:02:44",9,Mon,2024-12,card,Cortado,identified,ANON-0000-0000-1029,25.96,index_1
2024-12-30,"2024-12-30 09:44:11",9,Mon,2024-12,card,"Americano with Milk",identified,ANON-0000-0000-0276,30.86,index_1
2024-12-30,"2024-12-30 13:52:31",13,Mon,2024-12,card,Latte,identified,ANON-0000-0000-1059,35.76,index_1
2024-12-30,"2024-12-30 13:53:39",13,Mon,2024-12,card,"Hot Chocolate",identified,ANON-0000-0000-1059,35.76,index_1
2024-12-30,"2024-12-30 15:12:45",15,Mon,2024-12,card,Latte,identified,ANON-0000-0000-0920,35.76,index_1
2024-12-30,"2024-12-30 15:13:38",15,Mon,2024-12,card,"Americano with Milk",identified,ANON-0000-0000-0920,30.86,index_1
2024-12-30,"2024-12-30 16:29:53",16,Mon,2024-12,card,"Americano with Milk",identified,ANON-0000-0000-1003,30.86,index_1
2024-12-30,"2024-12-30 16:31:28",16,Mon,2024-12,card,Americano,identified,ANON-0000-0000-1060,25.96,index_1
2024-12-30,"2024-12-30 16:36:45",16,Mon,2024-12,card,Cappuccino,identified,ANON-0000-0000-0886,35.76,index_1
2024-12-31,"2024-12-31 08:52:28",8,Tue,2024-12,card,Cortado,identified,ANON-0000-0000-1029,25.96,index_1
2024-12-31,"2024-12-31 09:36:50",9,Tue,2024-12,card,Cappuccino,identified,ANON-0000-0000-1034,35.76,index_1
2024-12-31,"2024-12-31 09:39:41",9,Tue,2024-12,card,Cortado,identified,ANON-0000-0000-1034,25.96,index_1
2024-12-31,"2024-12-31 09:45:28",9,Tue,2024-12,card,Cocoa,identified,ANON-0000-0000-1061,35.76,index_1
2024-12-31,"2024-12-31 10:26:52",10,Tue,2024-12,card,"Americano with Milk",identified,ANON-0000-0000-1062,30.86,index_1
2024-12-31,"2024-12-31 10:29:28",10,Tue,2024-12,card,"Americano with Milk",identified,ANON-0000-0000-1062,30.86,index_1
2024-12-31,"2024-12-31 11:11:30",11,Tue,2024-12,card,Cappuccino,identified,ANON-0000-0000-0195,35.76,index_1
2024-12-31,"2024-12-31 11:12:42",11,Tue,2024-12,card,"Americano with Milk",identified,ANON-0000-0000-0195,30.86,index_1
2024-12-31,"2024-12-31 15:42:14",15,Tue,2024-12,card,Espresso,identified,ANON-0000-0000-0012,21.06,index_1
2024-12-31,"2024-12-31 15:43:13",15,Tue,2024-12,card,Americano,identified,ANON-0000-0000-0012,25.96,index_1
2024-12-31,"2024-12-31 16:07:18",16,Tue,2024-12,card,Cappuccino,identified,ANON-0000-0000-1063,35.76,index_1
2024-12-31,"2024-12-31 17:10:17",17,Tue,2024-12,card,Latte,identified,ANON-0000-0000-0525,35.76,index_1
2024-12-31,"2024-12-31 17:30:52",17,Tue,2024-12,card,"Americano with Milk",identified,ANON-0000-0000-1064,30.86,index_1
2024-12-31,"2024-12-31 17:31:48",17,Tue,2024-12,card,Cappuccino,identified,ANON-0000-0000-1065,35.76,index_1
2024-12-31,"2024-12-31 19:07:25",19,Tue,2024-12,card,Latte,identified,ANON-0000-0000-1066,35.76,index_1
2024-12-31,"2024-12-31 19:08:38",19,Tue,2024-12,card,"Hot Chocolate",identified,ANON-0000-0000-1066,35.76,index_1
2025-01-02,"2025-01-02 09:58:05",9,Thu,2025-01,card,"Americano with Milk",identified,ANON-0000-0000-0276,30.86,index_1
2025-01-02,"2025-01-02 13:29:40",13,Thu,2025-01,card,Cocoa,identified,ANON-0000-0000-1067,35.76,index_1
2025-01-02,"2025-01-02 13:30:38",13,Thu,2025-01,card,Cocoa,identified,ANON-0000-0000-1067,35.76,index_1
2025-01-02,"2025-01-02 14:41:10",14,Thu,2025-01,card,Cortado,identified,ANON-0000-0000-1068,25.96,index_1
2025-01-02,"2025-01-02 14:42:45",14,Thu,2025-01,card,Cortado,identified,ANON-0000-0000-1068,25.96,index_1
2025-01-02,"2025-01-02 16:22:32",16,Thu,2025-01,card,Americano,identified,ANON-0000-0000-1069,25.96,index_1
2025-01-02,"2025-01-02 16:34:59",16,Thu,2025-01,card,"Hot Chocolate",identified,ANON-0000-0000-0877,35.76,index_1
2025-01-02,"2025-01-02 16:35:44",16,Thu,2025-01,card,"Americano with Milk",identified,ANON-0000-0000-0877,30.86,index_1
2025-01-02,"2025-01-02 17:43:10",17,Thu,2025-01,card,Cappuccino,identified,ANON-0000-0000-0525,35.76,index_1
2025-01-03,"2025-01-03 09:03:22",9,Fri,2025-01,card,Cortado,identified,ANON-0000-0000-1029,25.96,index_1
2025-01-03,"2025-01-03 10:10:30",10,Fri,2025-01,card,"Americano with Milk",identified,ANON-0000-0000-0276,30.86,index_1
2025-01-03,"2025-01-03 16:58:09",16,Fri,2025-01,card,"Americano with Milk",identified,ANON-0000-0000-1070,30.86,index_1
2025-01-03,"2025-01-03 22:13:28",22,Fri,2025-01,card,Cappuccino,identified,ANON-0000-0000-0620,35.76,index_1
2025-01-03,"2025-01-03 22:18:20",22,Fri,2025-01,card,Americano,identified,ANON-0000-0000-1071,25.96,index_1
2025-01-03,"2025-01-03 22:19:14",22,Fri,2025-01,card,Americano,identified,ANON-0000-0000-1072,25.96,index_1
2025-01-03,"2025-01-03 22:21:25",22,Fri,2025-01,card,Latte,identified,ANON-0000-0000-0690,35.76,index_1
2025-01-04,"2025-01-04 08:58:26",8,Sat,2025-01,card,Cortado,identified,ANON-0000-0000-1029,25.96,index_1
2025-01-04,"2025-01-04 09:59:27",9,Sat,2025-01,card,Americano,identified,ANON-0000-0000-1073,25.96,index_1
2025-01-04,"2025-01-04 13:40:00",13,Sat,2025-01,card,Cappuccino,identified,ANON-0000-0000-1074,35.76,index_1
2025-01-04,"2025-01-04 15:59:33",15,Sat,2025-01,card,Cocoa,identified,ANON-0000-0000-0877,35.76,index_1
2025-01-04,"2025-01-04 16:12:55",16,Sat,2025-01,card,"Americano with Milk",identified,ANON-0000-0000-1034,30.86,index_1
2025-01-04,"2025-01-04 16:14:10",16,Sat,2025-01,card,Cappuccino,identified,ANON-0000-0000-1034,35.76,index_1
2025-01-04,"2025-01-04 16:16:11",16,Sat,2025-01,card,Cappuccino,identified,ANON-0000-0000-1034,35.76,index_1
2025-01-04,"2025-01-04 16:18:04",16,Sat,2025-01,card,Cortado,identified,ANON-0000-0000-1034,25.96,index_1
2025-01-04,"2025-01-04 18:11:39",18,Sat,2025-01,card,Americano,identified,ANON-0000-0000-1075,25.96,index_1
2025-01-04,"2025-01-04 22:23:30",22,Sat,2025-01,card,Latte,identified,ANON-0000-0000-1000,35.76,index_1
2025-01-05,"2025-01-05 09:45:57",9,Sun,2025-01,card,"Americano with Milk",identified,ANON-0000-0000-1076,30.86,index_1
2025-01-05,"2025-01-05 10:53:00",10,Sun,2025-01,card,Latte,identified,ANON-0000-0000-1077,35.76,index_1
2025-01-05,"2025-01-05 22:07:16",22,Sun,2025-01,card,"Americano with Milk",identified,ANON-0000-0000-1078,30.86,index_1
2025-01-06,"2025-01-06 19:58:50",19,Mon,2025-01,card,Americano,identified,ANON-0000-0000-1079,25.96,index_1
2025-01-07,"2025-01-07 13:29:02",13,Tue,2025-01,card,Cappuccino,identified,ANON-0000-0000-1080,35.76,index_1
2025-01-07,"2025-01-07 22:32:45",22,Tue,2025-01,card,Cocoa,identified,ANON-0000-0000-1081,35.76,index_1
2025-01-07,"2025-01-07 22:33:58",22,Tue,2025-01,card,Cocoa,identified,ANON-0000-0000-1081,35.76,index_1
2025-01-08,"2025-01-08 07:30:02",7,Wed,2025-01,card,"Americano with Milk",identified,ANON-0000-0000-1082,30.86,index_1
2025-01-08,"2025-01-08 09:11:15",9,Wed,2025-01,card,Latte,identified,ANON-0000-0000-1083,35.76,index_1
2025-01-08,"2025-01-08 10:30:28",10,Wed,2025-01,card,Cortado,identified,ANON-0000-0000-1034,25.96,index_1
2025-01-08,"2025-01-08 17:22:51",17,Wed,2025-01,card,Cappuccino,identified,ANON-0000-0000-0206,35.76,index_1
2025-01-09,"2025-01-09 08:07:07",8,Thu,2025-01,card,Americano,identified,ANON-0000-0000-1084,25.96,index_1
2025-01-09,"2025-01-09 08:56:34",8,Thu,2025-01,card,Latte,identified,ANON-0000-0000-0570,35.76,index_1
2025-01-09,"2025-01-09 09:02:31",9,Thu,2025-01,card,"Americano with Milk",identified,ANON-0000-0000-0385,30.86,index_1
2025-01-09,"2025-01-09 14:27:23",14,Thu,2025-01,card,Espresso,identified,ANON-0000-0000-0348,21.06,index_1
2025-01-09,"2025-01-09 15:36:58",15,Thu,2025-01,card,Latte,identified,ANON-0000-0000-1085,35.76,index_1
2025-01-09,"2025-01-09 15:48:10",15,Thu,2025-01,card,"Americano with Milk",identified,ANON-0000-0000-0141,30.86,index_1
2025-01-09,"2025-01-09 15:49:11",15,Thu,2025-01,card,Cortado,identified,ANON-0000-0000-0141,25.96,index_1
2025-01-09,"2025-01-09 20:30:29",20,Thu,2025-01,card,"Americano with Milk",identified,ANON-0000-0000-0012,30.86,index_1
2025-01-09,"2025-01-09 22:10:20",22,Thu,2025-01,card,Latte,identified,ANON-0000-0000-0329,35.76,index_1
2025-01-10,"2025-01-10 08:49:20",8,Fri,2025-01,card,"Americano with Milk",identified,ANON-0000-0000-0224,30.86,index_1
2025-01-10,"2025-01-10 09:16:36",9,Fri,2025-01,card,"Americano with Milk",identified,ANON-0000-0000-0385,30.86,index_1
2025-01-10,"2025-01-10 17:51:18",17,Fri,2025-01,card,Cappuccino,identified,ANON-0000-0000-1086,35.76,index_1
2025-01-10,"2025-01-10 17:55:53",17,Fri,2025-01,card,"Hot Chocolate",identified,ANON-0000-0000-1045,35.76,index_1
2025-01-10,"2025-01-10 17:59:39",17,Fri,2025-01,card,"Americano with Milk",identified,ANON-0000-0000-0224,30.86,index_1
2025-01-11,"2025-01-11 07:44:30",7,Sat,2025-01,card,"Americano with Milk",identified,ANON-0000-0000-0842,30.86,index_1
2025-01-11,"2025-01-11 10:49:41",10,Sat,2025-01,card,"Hot Chocolate",identified,ANON-0000-0000-1087,35.76,index_1
2025-01-11,"2025-01-11 11:13:53",11,Sat,2025-01,card,Americano,identified,ANON-0000-0000-1088,25.96,index_1
2025-01-11,"2025-01-11 11:20:17",11,Sat,2025-01,card,Latte,identified,ANON-0000-0000-1089,35.76,index_1
2025-01-11,"2025-01-11 11:21:25",11,Sat,2025-01,card,Latte,identified,ANON-0000-0000-1089,35.76,index_1
2025-01-11,"2025-01-11 12:10:58",12,Sat,2025-01,card,Latte,identified,ANON-0000-0000-1089,35.76,index_1
2025-01-11,"2025-01-11 12:13:24",12,Sat,2025-01,card,Latte,identified,ANON-0000-0000-1089,35.76,index_1
2025-01-11,"2025-01-11 14:12:54",14,Sat,2025-01,card,"Americano with Milk",identified,ANON-0000-0000-1090,30.86,index_1
2025-01-11,"2025-01-11 14:15:38",14,Sat,2025-01,card,"Americano with Milk",identified,ANON-0000-0000-1091,30.86,index_1
2025-01-11,"2025-01-11 14:16:43",14,Sat,2025-01,card,Cappuccino,identified,ANON-0000-0000-1091,35.76,index_1
2025-01-11,"2025-01-11 14:47:02",14,Sat,2025-01,card,Latte,identified,ANON-0000-0000-1092,35.76,index_1
2025-01-11,"2025-01-11 17:19:33",17,Sat,2025-01,card,Cortado,identified,ANON-0000-0000-1093,25.96,index_1
2025-01-11,"2025-01-11 17:20:56",17,Sat,2025-01,card,Latte,identified,ANON-0000-0000-1094,35.76,index_1
2025-01-11,"2025-01-11 17:22:05",17,Sat,2025-01,card,Cortado,identified,ANON-0000-0000-1093,25.96,index_1
2025-01-11,"2025-01-11 18:01:28",18,Sat,2025-01,card,"Americano with Milk",identified,ANON-0000-0000-1095,30.86,index_1
2025-01-12,"2025-01-12 11:45:32",11,Sun,2025-01,card,"Americano with Milk",identified,ANON-0000-0000-0842,30.86,index_1
2025-01-12,"2025-01-12 11:48:18",11,Sun,2025-01,card,Americano,identified,ANON-0000-0000-0842,25.96,index_1
2025-01-12,"2025-01-12 11:49:50",11,Sun,2025-01,card,"Americano with Milk",identified,ANON-0000-0000-0012,30.86,index_1
2025-01-12,"2025-01-12 16:15:58",16,Sun,2025-01,card,"Hot Chocolate",identified,ANON-0000-0000-1096,35.76,index_1
2025-01-12,"2025-01-12 20:56:04",20,Sun,2025-01,card,"Americano with Milk",identified,ANON-0000-0000-1097,30.86,index_1
2025-01-13,"2025-01-13 08:08:20",8,Mon,2025-01,card,"Americano with Milk",identified,ANON-0000-0000-0533,30.86,index_1
2025-01-13,"2025-01-13 09:17:19",9,Mon,2025-01,card,"Americano with Milk",identified,ANON-0000-0000-0276,30.86,index_1
2025-01-13,"2025-01-13 13:02:56",13,Mon,2025-01,card,Cortado,identified,ANON-0000-0000-1034,25.96,index_1
2025-01-13,"2025-01-13 13:50:46",13,Mon,2025-01,card,Latte,identified,ANON-0000-0000-0906,35.76,index_1
2025-01-13,"2025-01-13 14:11:27",14,Mon,2025-01,card,Latte,identified,ANON-0000-0000-1098,35.76,index_1
2025-01-13,"2025-01-13 14:12:28",14,Mon,2025-01,card,Cappuccino,identified,ANON-0000-0000-1098,35.76,index_1
2025-01-13,"2025-01-13 16:25:36",16,Mon,2025-01,card,Latte,identified,ANON-0000-0000-1099,35.76,index_1
2025-01-13,"2025-01-13 20:51:18",20,Mon,2025-01,card,Espresso,identified,ANON-0000-0000-0050,21.06,index_1
2025-01-14,"2025-01-14 07:37:42",7,Tue,2025-01,card,Latte,identified,ANON-0000-0000-0682,35.76,index_1
2025-01-14,"2025-01-14 09:53:42",9,Tue,2025-01,card,Cortado,identified,ANON-0000-0000-1029,25.96,index_1
2025-01-14,"2025-01-14 10:21:45",10,Tue,2025-01,card,"Americano with Milk",identified,ANON-0000-0000-0276,30.86,index_1
2025-01-14,"2025-01-14 12:49:14",12,Tue,2025-01,card,Latte,identified,ANON-0000-0000-1100,35.76,index_1
2025-01-14,"2025-01-14 16:18:19",16,Tue,2025-01,card,"Americano with Milk",identified,ANON-0000-0000-1101,30.86,index_1
2025-01-14,"2025-01-14 16:19:26",16,Tue,2025-01,card,"Americano with Milk",identified,ANON-0000-0000-1101,30.86,index_1
2025-01-14,"2025-01-14 19:41:55",19,Tue,2025-01,card,Cappuccino,identified,ANON-0000-0000-0206,35.76,index_1
2025-01-14,"2025-01-14 21:02:35",21,Tue,2025-01,card,Latte,identified,ANON-0000-0000-1097,35.76,index_1
2025-01-15,"2025-01-15 09:12:04",9,Wed,2025-01,card,"Americano with Milk",identified,ANON-0000-0000-0419,30.86,index_1
2025-01-15,"2025-01-15 11:10:23",11,Wed,2025-01,card,Americano,identified,ANON-0000-0000-1102,25.96,index_1
2025-01-15,"2025-01-15 13:14:14",13,Wed,2025-01,card,Cappuccino,identified,ANON-0000-0000-0886,35.76,index_1
2025-01-15,"2025-01-15 15:35:21",15,Wed,2025-01,card,Latte,identified,ANON-0000-0000-0634,35.76,index_1
2025-01-15,"2025-01-15 15:36:47",15,Wed,2025-01,card,Cappuccino,identified,ANON-0000-0000-1103,35.76,index_1
2025-01-15,"2025-01-15 15:37:55",15,Wed,2025-01,card,Latte,identified,ANON-0000-0000-0634,35.76,index_1
2025-01-15,"2025-01-15 16:55:26",16,Wed,2025-01,card,Latte,identified,ANON-0000-0000-1104,35.76,index_1
2025-01-15,"2025-01-15 18:06:12",18,Wed,2025-01,card,Latte,identified,ANON-0000-0000-1105,35.76,index_1
2025-01-15,"2025-01-15 19:51:14",19,Wed,2025-01,card,Latte,identified,ANON-0000-0000-1097,35.76,index_1
2025-01-15,"2025-01-15 21:41:14",21,Wed,2025-01,card,Cappuccino,identified,ANON-0000-0000-0731,35.76,index_1
2025-01-16,"2025-01-16 09:32:57",9,Thu,2025-01,card,Latte,identified,ANON-0000-0000-0886,35.76,index_1
2025-01-16,"2025-01-16 09:38:09",9,Thu,2025-01,card,"Americano with Milk",identified,ANON-0000-0000-0419,30.86,index_1
2025-01-16,"2025-01-16 10:41:40",10,Thu,2025-01,card,"Americano with Milk",identified,ANON-0000-0000-0012,30.86,index_1
2025-01-16,"2025-01-16 12:12:16",12,Thu,2025-01,card,Cortado,identified,ANON-0000-0000-0141,25.96,index_1
2025-01-16,"2025-01-16 15:16:19",15,Thu,2025-01,card,Latte,identified,ANON-0000-0000-1106,35.76,index_1
2025-01-16,"2025-01-16 16:35:11",16,Thu,2025-01,card,Latte,identified,ANON-0000-0000-0406,35.76,index_1
2025-01-16,"2025-01-16 18:15:57",18,Thu,2025-01,card,Cappuccino,identified,ANON-0000-0000-1097,35.76,index_1
2025-01-16,"2025-01-16 21:15:59",21,Thu,2025-01,card,"Hot Chocolate",identified,ANON-0000-0000-1045,35.76,index_1
2025-01-16,"2025-01-16 21:16:59",21,Thu,2025-01,card,"Hot Chocolate",identified,ANON-0000-0000-1045,35.76,index_1
2025-01-16,"2025-01-16 21:40:12",21,Thu,2025-01,card,Cortado,identified,ANON-0000-0000-1107,25.96,index_1
2025-01-17,"2025-01-17 07:38:19",7,Fri,2025-01,card,Cocoa,identified,ANON-0000-0000-1108,35.76,index_1
2025-01-17,"2025-01-17 08:26:20",8,Fri,2025-01,card,Latte,identified,ANON-0000-0000-1109,35.76,index_1
2025-01-17,"2025-01-17 08:27:48",8,Fri,2025-01,card,Cappuccino,identified,ANON-0000-0000-1109,35.76,index_1
2025-01-17,"2025-01-17 08:47:56",8,Fri,2025-01,card,"Americano with Milk",identified,ANON-0000-0000-0276,30.86,index_1
2025-01-17,"2025-01-17 09:27:38",9,Fri,2025-01,card,"Americano with Milk",identified,ANON-0000-0000-0012,30.86,index_1
2025-01-17,"2025-01-17 14:20:53",14,Fri,2025-01,card,Cocoa,identified,ANON-0000-0000-1110,35.76,index_1
2025-01-17,"2025-01-17 14:22:02",14,Fri,2025-01,card,Cocoa,identified,ANON-0000-0000-1110,35.76,index_1
2025-01-17,"2025-01-17 17:39:10",17,Fri,2025-01,card,"Hot Chocolate",identified,ANON-0000-0000-0906,35.76,index_1
2025-01-17,"2025-01-17 21:22:18",21,Fri,2025-01,card,"Hot Chocolate",identified,ANON-0000-0000-0877,35.76,index_1
2025-01-18,"2025-01-18 10:12:38",10,Sat,2025-01,card,"Americano with Milk",identified,ANON-0000-0000-1082,30.86,index_1
2025-01-18,"2025-01-18 16:33:40",16,Sat,2025-01,card,"Hot Chocolate",identified,ANON-0000-0000-0507,35.76,index_1
2025-01-18,"2025-01-18 16:35:14",16,Sat,2025-01,card,Latte,identified,ANON-0000-0000-0507,35.76,index_1
2025-01-18,"2025-01-18 16:36:28",16,Sat,2025-01,card,"Hot Chocolate",identified,ANON-0000-0000-0507,35.76,index_1
2025-01-20,"2025-01-20 08:29:47",8,Mon,2025-01,card,"Americano with Milk",identified,ANON-0000-0000-0012,30.86,index_1
2025-01-20,"2025-01-20 10:57:25",10,Mon,2025-01,card,"Americano with Milk",identified,ANON-0000-0000-0276,30.86,index_1
2025-01-20,"2025-01-20 11:40:24",11,Mon,2025-01,card,Cortado,identified,ANON-0000-0000-0141,25.96,index_1
2025-01-20,"2025-01-20 12:04:49",12,Mon,2025-01,card,Americano,identified,ANON-0000-0000-1111,25.96,index_1
2025-01-20,"2025-01-20 12:06:00",12,Mon,2025-01,card,Cortado,identified,ANON-0000-0000-1111,25.96,index_1
2025-01-20,"2025-01-20 13:45:14",13,Mon,2025-01,card,"Americano with Milk",identified,ANON-0000-0000-1112,30.86,index_1
2025-01-20,"2025-01-20 20:08:11",20,Mon,2025-01,card,"Hot Chocolate",identified,ANON-0000-0000-1113,35.76,index_1
2025-01-20,"2025-01-20 20:26:24",20,Mon,2025-01,card,Cappuccino,identified,ANON-0000-0000-1114,35.76,index_1
2025-01-20,"2025-01-20 20:27:28",20,Mon,2025-01,card,Cappuccino,identified,ANON-0000-0000-1114,35.76,index_1
2025-01-20,"2025-01-20 21:13:45",21,Mon,2025-01,card,Latte,identified,ANON-0000-0000-1115,35.76,index_1
2025-01-21,"2025-01-21 08:05:04",8,Tue,2025-01,card,Cocoa,identified,ANON-0000-0000-1010,35.76,index_1
2025-01-21,"2025-01-21 08:18:19",8,Tue,2025-01,card,Cortado,identified,ANON-0000-0000-0141,25.96,index_1
2025-01-21,"2025-01-21 08:19:28",8,Tue,2025-01,card,"Americano with Milk",identified,ANON-0000-0000-1082,30.86,index_1
2025-01-21,"2025-01-21 15:35:16",15,Tue,2025-01,card,Americano,identified,ANON-0000-0000-1116,25.96,index_1
2025-01-21,"2025-01-21 18:32:32",18,Tue,2025-01,card,"Hot Chocolate",identified,ANON-0000-0000-1117,35.76,index_1
2025-01-21,"2025-01-21 18:54:13",18,Tue,2025-01,card,Latte,identified,ANON-0000-0000-0333,35.76,index_1
2025-01-21,"2025-01-21 18:56:15",18,Tue,2025-01,card,Latte,identified,ANON-0000-0000-0333,35.76,index_1
2025-01-21,"2025-01-21 19:15:21",19,Tue,2025-01,card,Americano,identified,ANON-0000-0000-1110,25.96,index_1
2025-01-22,"2025-01-22 11:24:45",11,Wed,2025-01,card,Espresso,identified,ANON-0000-0000-1118,21.06,index_1
2025-01-22,"2025-01-22 17:32:06",17,Wed,2025-01,card,"Americano with Milk",identified,ANON-0000-0000-0463,30.86,index_1
2025-01-22,"2025-01-22 18:49:59",18,Wed,2025-01,card,Cocoa,identified,ANON-0000-0000-1119,35.76,index_1
2025-01-22,"2025-01-22 19:10:26",19,Wed,2025-01,card,"Americano with Milk",identified,ANON-0000-0000-1051,30.86,index_1
2025-01-22,"2025-01-22 19:11:23",19,Wed,2025-01,card,Cappuccino,identified,ANON-0000-0000-1051,35.76,index_1
2025-01-22,"2025-01-22 19:29:15",19,Wed,2025-01,card,Latte,identified,ANON-0000-0000-1120,35.76,index_1
2025-01-22,"2025-01-22 20:14:30",20,Wed,2025-01,card,"Americano with Milk",identified,ANON-0000-0000-1121,30.86,index_1
2025-01-24,"2025-01-24 13:42:16",13,Fri,2025-01,card,Cappuccino,identified,ANON-0000-0000-1034,35.76,index_1
2025-01-24,"2025-01-24 13:43:37",13,Fri,2025-01,card,Cortado,identified,ANON-0000-0000-1034,25.96,index_1
2025-01-24,"2025-01-24 15:28:38",15,Fri,2025-01,card,Cocoa,identified,ANON-0000-0000-1122,35.76,index_1
2025-01-24,"2025-01-24 17:41:49",17,Fri,2025-01,card,Americano,identified,ANON-0000-0000-1123,25.96,index_1
2025-01-24,"2025-01-24 21:16:26",21,Fri,2025-01,card,Cocoa,identified,ANON-0000-0000-1045,35.76,index_1
2025-01-24,"2025-01-24 22:31:55",22,Fri,2025-01,card,"Hot Chocolate",identified,ANON-0000-0000-1124,35.76,index_1
2025-01-24,"2025-01-24 22:32:57",22,Fri,2025-01,card,Latte,identified,ANON-0000-0000-1124,35.76,index_1
2025-01-25,"2025-01-25 13:21:04",13,Sat,2025-01,card,Cappuccino,identified,ANON-0000-0000-1114,35.76,index_1
2025-01-25,"2025-01-25 14:38:24",14,Sat,2025-01,card,Cappuccino,identified,ANON-0000-0000-1125,35.76,index_1
2025-01-25,"2025-01-25 14:39:35",14,Sat,2025-01,card,Americano,identified,ANON-0000-0000-1126,25.96,index_1
2025-01-26,"2025-01-26 12:35:22",12,Sun,2025-01,card,Americano,identified,ANON-0000-0000-1127,25.96,index_1
2025-01-26,"2025-01-26 12:36:34",12,Sun,2025-01,card,Espresso,identified,ANON-0000-0000-1127,21.06,index_1
2025-01-27,"2025-01-27 08:07:42",8,Mon,2025-01,card,Cortado,identified,ANON-0000-0000-0141,25.96,index_1
2025-01-27,"2025-01-27 08:32:43",8,Mon,2025-01,card,Americano,identified,ANON-0000-0000-0141,25.96,index_1
2025-01-27,"2025-01-27 12:05:02",12,Mon,2025-01,card,Cappuccino,identified,ANON-0000-0000-1128,35.76,index_1
2025-01-27,"2025-01-27 13:45:08",13,Mon,2025-01,card,"Americano with Milk",identified,ANON-0000-0000-0276,30.86,index_1
2025-01-27,"2025-01-27 15:27:54",15,Mon,2025-01,card,"Americano with Milk",identified,ANON-0000-0000-0141,30.86,index_1
2025-01-27,"2025-01-27 15:29:00",15,Mon,2025-01,card,Cortado,identified,ANON-0000-0000-0141,25.96,index_1
2025-01-27,"2025-01-27 15:30:12",15,Mon,2025-01,card,"Americano with Milk",identified,ANON-0000-0000-0141,30.86,index_1
2025-01-27,"2025-01-27 18:55:19",18,Mon,2025-01,card,Latte,identified,ANON-0000-0000-1129,35.76,index_1
2025-01-27,"2025-01-27 19:02:40",19,Mon,2025-01,card,Latte,identified,ANON-0000-0000-1130,35.76,index_1
2025-01-27,"2025-01-27 19:03:45",19,Mon,2025-01,card,Latte,identified,ANON-0000-0000-1131,35.76,index_1
2025-01-28,"2025-01-28 08:26:36",8,Tue,2025-01,card,Latte,identified,ANON-0000-0000-0197,35.76,index_1
2025-01-28,"2025-01-28 09:33:17",9,Tue,2025-01,card,Americano,identified,ANON-0000-0000-1132,25.96,index_1
2025-01-28,"2025-01-28 11:56:26",11,Tue,2025-01,card,"Americano with Milk",identified,ANON-0000-0000-0224,30.86,index_1
2025-01-28,"2025-01-28 12:22:01",12,Tue,2025-01,card,Americano,identified,ANON-0000-0000-1133,25.96,index_1
2025-01-28,"2025-01-28 16:19:07",16,Tue,2025-01,card,Cocoa,identified,ANON-0000-0000-1134,35.76,index_1
2025-01-28,"2025-01-28 16:20:44",16,Tue,2025-01,card,Cortado,identified,ANON-0000-0000-1134,25.96,index_1
2025-01-28,"2025-01-28 17:40:00",17,Tue,2025-01,card,Americano,identified,ANON-0000-0000-1135,25.96,index_1
2025-01-28,"2025-01-28 20:11:50",20,Tue,2025-01,card,Latte,identified,ANON-0000-0000-1136,35.76,index_1
2025-01-28,"2025-01-28 20:13:45",20,Tue,2025-01,card,Cappuccino,identified,ANON-0000-0000-1137,35.76,index_1
2025-01-29,"2025-01-29 09:38:47",9,Wed,2025-01,card,Americano,identified,ANON-0000-0000-1069,25.96,index_1
2025-01-29,"2025-01-29 16:25:36",16,Wed,2025-01,card,Americano,identified,ANON-0000-0000-1138,25.96,index_1
2025-01-29,"2025-01-29 19:19:08",19,Wed,2025-01,card,"Americano with Milk",identified,ANON-0000-0000-1139,30.86,index_1
2025-01-29,"2025-01-29 19:20:34",19,Wed,2025-01,card,Espresso,identified,ANON-0000-0000-1139,21.06,index_1
2025-01-30,"2025-01-30 09:18:05",9,Thu,2025-01,card,"Americano with Milk",identified,ANON-0000-0000-0224,30.86,index_1
2025-01-30,"2025-01-30 10:12:33",10,Thu,2025-01,card,"Americano with Milk",identified,ANON-0000-0000-0276,30.86,index_1
2025-01-30,"2025-01-30 11:26:29",11,Thu,2025-01,card,Cortado,identified,ANON-0000-0000-0862,25.96,index_1
2025-01-30,"2025-01-30 12:42:15",12,Thu,2025-01,card,"Hot Chocolate",identified,ANON-0000-0000-1140,35.76,index_1
2025-01-30,"2025-01-30 13:02:00",13,Thu,2025-01,card,Americano,identified,ANON-0000-0000-1141,25.96,index_1
2025-01-30,"2025-01-30 14:41:42",14,Thu,2025-01,card,"Americano with Milk",identified,ANON-0000-0000-1142,30.86,index_1
2025-01-30,"2025-01-30 17:18:48",17,Thu,2025-01,card,"Hot Chocolate",identified,ANON-0000-0000-1143,35.76,index_1
2025-01-30,"2025-01-30 18:24:06",18,Thu,2025-01,card,"Americano with Milk",identified,ANON-0000-0000-1069,30.86,index_1
2025-01-30,"2025-01-30 18:41:49",18,Thu,2025-01,card,Cortado,identified,ANON-0000-0000-1144,25.96,index_1
2025-01-31,"2025-01-31 08:40:51",8,Fri,2025-01,card,Americano,identified,ANON-0000-0000-0141,25.96,index_1
2025-01-31,"2025-01-31 08:41:44",8,Fri,2025-01,card,"Americano with Milk",identified,ANON-0000-0000-0141,30.86,index_1
2025-01-31,"2025-01-31 09:17:14",9,Fri,2025-01,card,"Americano with Milk",identified,ANON-0000-0000-0304,30.86,index_1
2025-01-31,"2025-01-31 09:20:10",9,Fri,2025-01,card,Cocoa,identified,ANON-0000-0000-1145,35.76,index_1
2025-01-31,"2025-01-31 09:26:46",9,Fri,2025-01,card,Cappuccino,identified,ANON-0000-0000-0333,35.76,index_1
2025-01-31,"2025-01-31 09:27:47",9,Fri,2025-01,card,Cappuccino,identified,ANON-0000-0000-0333,35.76,index_1
2025-01-31,"2025-01-31 12:31:01",12,Fri,2025-01,card,Latte,identified,ANON-0000-0000-1133,35.76,index_1
2025-01-31,"2025-01-31 12:54:25",12,Fri,2025-01,card,Latte,identified,ANON-0000-0000-0507,35.76,index_1
2025-01-31,"2025-01-31 14:02:58",14,Fri,2025-01,card,Cappuccino,identified,ANON-0000-0000-1146,35.76,index_1
2025-01-31,"2025-01-31 16:48:33",16,Fri,2025-01,card,"Americano with Milk",identified,ANON-0000-0000-0304,30.86,index_1
2025-01-31,"2025-01-31 22:35:58",22,Fri,2025-01,card,"Americano with Milk",identified,ANON-0000-0000-1147,30.86,index_1
2025-01-31,"2025-01-31 22:37:02",22,Fri,2025-01,card,Americano,identified,ANON-0000-0000-1148,25.96,index_1
2025-02-01,"2025-02-01 08:50:23",8,Sat,2025-02,card,"Americano with Milk",identified,ANON-0000-0000-0304,30.86,index_1
2025-02-01,"2025-02-01 10:07:22",10,Sat,2025-02,card,"Americano with Milk",identified,ANON-0000-0000-0224,30.86,index_1
2025-02-01,"2025-02-01 13:14:46",13,Sat,2025-02,card,Cortado,identified,ANON-0000-0000-0141,25.96,index_1
2025-02-01,"2025-02-01 13:15:29",13,Sat,2025-02,card,Cortado,identified,ANON-0000-0000-0141,25.96,index_1
2025-02-01,"2025-02-01 14:35:18",14,Sat,2025-02,card,Cappuccino,identified,ANON-0000-0000-1149,35.76,index_1
2025-02-01,"2025-02-01 14:36:16",14,Sat,2025-02,card,Cappuccino,identified,ANON-0000-0000-1149,35.76,index_1
2025-02-01,"2025-02-01 15:49:58",15,Sat,2025-02,card,Latte,identified,ANON-0000-0000-1069,35.76,index_1
2025-02-01,"2025-02-01 18:57:14",18,Sat,2025-02,card,Cappuccino,identified,ANON-0000-0000-1114,35.76,index_1
2025-02-01,"2025-02-01 19:53:15",19,Sat,2025-02,card,"Americano with Milk",identified,ANON-0000-0000-0224,30.86,index_1
2025-02-01,"2025-02-01 19:54:24",19,Sat,2025-02,card,"Americano with Milk",identified,ANON-0000-0000-0224,30.86,index_1
2025-02-01,"2025-02-01 21:37:01",21,Sat,2025-02,card,"Americano with Milk",identified,ANON-0000-0000-0427,30.86,index_1
2025-02-02,"2025-02-02 10:56:21",10,Sun,2025-02,card,Cappuccino,identified,ANON-0000-0000-1132,35.76,index_1
2025-02-02,"2025-02-02 10:57:37",10,Sun,2025-02,card,Cappuccino,identified,ANON-0000-0000-1132,35.76,index_1
2025-02-02,"2025-02-02 12:54:32",12,Sun,2025-02,card,Latte,identified,ANON-0000-0000-1150,35.76,index_1
2025-02-02,"2025-02-02 12:56:04",12,Sun,2025-02,card,Latte,identified,ANON-0000-0000-1151,35.76,index_1
2025-02-02,"2025-02-02 14:22:57",14,Sun,2025-02,card,"Americano with Milk",identified,ANON-0000-0000-0265,30.86,index_1
2025-02-02,"2025-02-02 16:45:07",16,Sun,2025-02,card,Latte,identified,ANON-0000-0000-0507,35.76,index_1
2025-02-02,"2025-02-02 16:46:57",16,Sun,2025-02,card,Latte,identified,ANON-0000-0000-1152,35.76,index_1
2025-02-03,"2025-02-03 07:03:24",7,Mon,2025-02,card,Cappuccino,identified,ANON-0000-0000-1152,35.76,index_1
2025-02-03,"2025-02-03 07:04:56",7,Mon,2025-02,card,"Americano with Milk",identified,ANON-0000-0000-1152,30.86,index_1
2025-02-03,"2025-02-03 08:04:03",8,Mon,2025-02,card,Espresso,identified,ANON-0000-0000-1152,21.06,index_1
2025-02-03,"2025-02-03 08:09:08",8,Mon,2025-02,card,"Americano with Milk",identified,ANON-0000-0000-1153,30.86,index_1
2025-02-03,"2025-02-03 10:15:38",10,Mon,2025-02,card,Americano,identified,ANON-0000-0000-1154,25.96,index_1
2025-02-03,"2025-02-03 10:22:18",10,Mon,2025-02,card,Cappuccino,identified,ANON-0000-0000-1155,35.76,index_1
2025-02-03,"2025-02-03 10:49:58",10,Mon,2025-02,card,"Americano with Milk",identified,ANON-0000-0000-1156,30.86,index_1
2025-02-03,"2025-02-03 13:25:02",13,Mon,2025-02,card,Cappuccino,identified,ANON-0000-0000-1157,35.76,index_1
2025-02-03,"2025-02-03 13:32:53",13,Mon,2025-02,card,Cappuccino,identified,ANON-0000-0000-1158,35.76,index_1
2025-02-03,"2025-02-03 13:51:03",13,Mon,2025-02,card,Americano,identified,ANON-0000-0000-1159,25.96,index_1
2025-02-03,"2025-02-03 14:06:36",14,Mon,2025-02,card,Americano,identified,ANON-0000-0000-1160,25.96,index_1
2025-02-03,"2025-02-03 14:47:02",14,Mon,2025-02,card,Latte,identified,ANON-0000-0000-0019,35.76,index_1
2025-02-03,"2025-02-03 14:50:20",14,Mon,2025-02,card,Latte,identified,ANON-0000-0000-0507,35.76,index_1
2025-02-03,"2025-02-03 15:01:44",15,Mon,2025-02,card,Latte,identified,ANON-0000-0000-1161,35.76,index_1
2025-02-03,"2025-02-03 15:41:27",15,Mon,2025-02,card,Americano,identified,ANON-0000-0000-1110,25.96,index_1
2025-02-03,"2025-02-03 17:01:26",17,Mon,2025-02,card,Cocoa,identified,ANON-0000-0000-1160,35.76,index_1
2025-02-03,"2025-02-03 17:09:55",17,Mon,2025-02,card,"Americano with Milk",identified,ANON-0000-0000-1162,30.86,index_1
2025-02-03,"2025-02-03 17:11:07",17,Mon,2025-02,card,"Americano with Milk",identified,ANON-0000-0000-1163,30.86,index_1
2025-02-03,"2025-02-03 17:12:05",17,Mon,2025-02,card,"Americano with Milk",identified,ANON-0000-0000-1163,30.86,index_1
2025-02-03,"2025-02-03 17:13:21",17,Mon,2025-02,card,"Hot Chocolate",identified,ANON-0000-0000-1164,35.76,index_1
2025-02-03,"2025-02-03 17:14:18",17,Mon,2025-02,card,Latte,identified,ANON-0000-0000-1164,35.76,index_1
2025-02-03,"2025-02-03 17:15:40",17,Mon,2025-02,card,"Hot Chocolate",identified,ANON-0000-0000-1165,35.76,index_1
2025-02-03,"2025-02-03 17:44:17",17,Mon,2025-02,card,"Americano with Milk",identified,ANON-0000-0000-1166,30.86,index_1
2025-02-03,"2025-02-03 18:09:00",18,Mon,2025-02,card,Americano,identified,ANON-0000-0000-1167,25.96,index_1
2025-02-03,"2025-02-03 20:44:14",20,Mon,2025-02,card,Cocoa,identified,ANON-0000-0000-1168,35.76,index_1
2025-02-04,"2025-02-04 10:04:56",10,Tue,2025-02,card,"Americano with Milk",identified,ANON-0000-0000-1163,30.86,index_1
2025-02-04,"2025-02-04 10:11:31",10,Tue,2025-02,card,Americano,identified,ANON-0000-0000-1110,25.96,index_1
2025-02-04,"2025-02-04 12:35:58",12,Tue,2025-02,card,"Americano with Milk",identified,ANON-0000-0000-1169,30.86,index_1
2025-02-04,"2025-02-04 13:07:39",13,Tue,2025-02,card,Cortado,identified,ANON-0000-0000-1160,25.96,index_1
2025-02-04,"2025-02-04 14:15:14",14,Tue,2025-02,card,Americano,identified,ANON-0000-0000-1170,25.96,index_1
2025-02-04,"2025-02-04 14:17:36",14,Tue,2025-02,card,"Americano with Milk",identified,ANON-0000-0000-1163,30.86,index_1
2025-02-04,"2025-02-04 14:19:48",14,Tue,2025-02,card,Americano,identified,ANON-0000-0000-1171,25.96,index_1
2025-02-04,"2025-02-04 18:13:41",18,Tue,2025-02,card,"Americano with Milk",identified,ANON-0000-0000-1157,30.86,index_1
2025-02-04,"2025-02-04 19:05:21",19,Tue,2025-02,card,Cocoa,identified,ANON-0000-0000-1172,35.76,index_1
2025-02-04,"2025-02-04 19:09:36",19,Tue,2025-02,card,Cocoa,identified,ANON-0000-0000-1173,35.76,index_1
2025-02-04,"2025-02-04 19:10:27",19,Tue,2025-02,card,Cocoa,identified,ANON-0000-0000-1173,35.76,index_1
2025-02-04,"2025-02-04 19:27:27",19,Tue,2025-02,card,Cortado,identified,ANON-0000-0000-1174,25.96,index_1
2025-02-05,"2025-02-05 08:42:10",8,Wed,2025-02,card,"Americano with Milk",identified,ANON-0000-0000-1156,30.86,index_1
2025-02-05,"2025-02-05 09:10:43",9,Wed,2025-02,card,"Americano with Milk",identified,ANON-0000-0000-1163,30.86,index_1
2025-02-05,"2025-02-05 11:49:35",11,Wed,2025-02,card,Americano,identified,ANON-0000-0000-1163,25.96,index_1
2025-02-05,"2025-02-05 11:50:41",11,Wed,2025-02,card,Americano,identified,ANON-0000-0000-1163,25.96,index_1
2025-02-05,"2025-02-05 11:51:45",11,Wed,2025-02,card,Americano,identified,ANON-0000-0000-1163,25.96,index_1
2025-02-05,"2025-02-05 11:58:36",11,Wed,2025-02,card,"Americano with Milk",identified,ANON-0000-0000-1163,30.86,index_1
2025-02-05,"2025-02-05 12:10:46",12,Wed,2025-02,card,Americano,identified,ANON-0000-0000-1175,25.96,index_1
2025-02-05,"2025-02-05 13:20:46",13,Wed,2025-02,card,Americano,identified,ANON-0000-0000-1176,25.96,index_1
2025-02-05,"2025-02-05 13:43:42",13,Wed,2025-02,card,Espresso,identified,ANON-0000-0000-1171,21.06,index_1
2025-02-05,"2025-02-05 13:44:29",13,Wed,2025-02,card,Espresso,identified,ANON-0000-0000-1171,21.06,index_1
2025-02-05,"2025-02-05 14:57:52",14,Wed,2025-02,card,Cappuccino,identified,ANON-0000-0000-1161,35.76,index_1
2025-02-05,"2025-02-05 15:50:58",15,Wed,2025-02,card,Cappuccino,identified,ANON-0000-0000-1177,35.76,index_1
2025-02-05,"2025-02-05 16:34:20",16,Wed,2025-02,card,"Hot Chocolate",identified,ANON-0000-0000-1165,35.76,index_1
2025-02-05,"2025-02-05 16:35:33",16,Wed,2025-02,card,Latte,identified,ANON-0000-0000-1164,35.76,index_1
2025-02-05,"2025-02-05 16:36:34",16,Wed,2025-02,card,Latte,identified,ANON-0000-0000-1164,35.76,index_1
2025-02-05,"2025-02-05 16:39:01",16,Wed,2025-02,card,Cocoa,identified,ANON-0000-0000-1152,35.76,index_1
2025-02-05,"2025-02-05 16:41:09",16,Wed,2025-02,card,"Hot Chocolate",identified,ANON-0000-0000-1165,35.76,index_1
2025-02-05,"2025-02-05 18:18:34",18,Wed,2025-02,card,Cappuccino,identified,ANON-0000-0000-1178,35.76,index_1
2025-02-05,"2025-02-05 18:19:49",18,Wed,2025-02,card,Cappuccino,identified,ANON-0000-0000-1179,35.76,index_1
2025-02-05,"2025-02-05 18:20:51",18,Wed,2025-02,card,Cocoa,identified,ANON-0000-0000-1180,35.76,index_1
2025-02-05,"2025-02-05 18:25:29",18,Wed,2025-02,card,"Americano with Milk",identified,ANON-0000-0000-1157,30.86,index_1
2025-02-05,"2025-02-05 18:45:42",18,Wed,2025-02,card,Cappuccino,identified,ANON-0000-0000-1181,35.76,index_1
2025-02-05,"2025-02-05 19:06:46",19,Wed,2025-02,card,"Hot Chocolate",identified,ANON-0000-0000-0507,35.76,index_1
2025-02-05,"2025-02-05 20:03:20",20,Wed,2025-02,card,Cocoa,identified,ANON-0000-0000-1182,35.76,index_1
2025-02-06,"2025-02-06 07:16:48",7,Thu,2025-02,card,"Americano with Milk",identified,ANON-0000-0000-1163,30.86,index_1
2025-02-06,"2025-02-06 13:59:21",13,Thu,2025-02,card,Americano,identified,ANON-0000-0000-1171,25.96,index_1
2025-02-06,"2025-02-06 14:55:31",14,Thu,2025-02,card,"Americano with Milk",identified,ANON-0000-0000-1162,30.86,index_1
2025-02-06,"2025-02-06 14:59:22",14,Thu,2025-02,card,Cappuccino,identified,ANON-0000-0000-1158,35.76,index_1
2025-02-06,"2025-02-06 16:14:49",16,Thu,2025-02,card,Cocoa,identified,ANON-0000-0000-1163,35.76,index_1
2025-02-06,"2025-02-06 17:09:45",17,Thu,2025-02,card,Cocoa,identified,ANON-0000-0000-1170,35.76,index_1
2025-02-06,"2025-02-06 17:54:25",17,Thu,2025-02,card,Cocoa,identified,ANON-0000-0000-1183,35.76,index_1
2025-02-06,"2025-02-06 19:53:12",19,Thu,2025-02,card,Cappuccino,identified,ANON-0000-0000-1158,35.76,index_1
2025-02-06,"2025-02-06 19:55:06",19,Thu,2025-02,card,Espresso,identified,ANON-0000-0000-1184,21.06,index_1
2025-02-06,"2025-02-06 20:06:59",20,Thu,2025-02,card,Cocoa,identified,ANON-0000-0000-1185,35.76,index_1
2025-02-06,"2025-02-06 20:07:47",20,Thu,2025-02,card,Cocoa,identified,ANON-0000-0000-1186,35.76,index_1
2025-02-06,"2025-02-06 20:23:13",20,Thu,2025-02,card,Latte,identified,ANON-0000-0000-1163,35.76,index_1
2025-02-07,"2025-02-07 08:44:49",8,Fri,2025-02,card,"Americano with Milk",identified,ANON-0000-0000-1152,30.86,index_1
2025-02-07,"2025-02-07 09:07:04",9,Fri,2025-02,card,"Americano with Milk",identified,ANON-0000-0000-1187,30.86,index_1
2025-02-07,"2025-02-07 10:49:23",10,Fri,2025-02,card,Americano,identified,ANON-0000-0000-1188,25.96,index_1
2025-02-07,"2025-02-07 12:09:38",12,Fri,2025-02,card,Cocoa,identified,ANON-0000-0000-1189,35.76,index_1
2025-02-07,"2025-02-07 12:51:22",12,Fri,2025-02,card,"Americano with Milk",identified,ANON-0000-0000-1163,30.86,index_1
2025-02-07,"2025-02-07 12:58:51",12,Fri,2025-02,card,Americano,identified,ANON-0000-0000-1190,25.96,index_1
2025-02-07,"2025-02-07 16:04:10",16,Fri,2025-02,card,Cortado,identified,ANON-0000-0000-1170,25.96,index_1
2025-02-07,"2025-02-07 16:22:13",16,Fri,2025-02,card,Latte,identified,ANON-0000-0000-1191,35.76,index_1
2025-02-07,"2025-02-07 16:23:14",16,Fri,2025-02,card,"Hot Chocolate",identified,ANON-0000-0000-1165,35.76,index_1
2025-02-07,"2025-02-07 16:24:35",16,Fri,2025-02,card,Latte,identified,ANON-0000-0000-1165,35.76,index_1
2025-02-07,"2025-02-07 18:42:36",18,Fri,2025-02,card,Cocoa,identified,ANON-0000-0000-1178,35.76,index_1
2025-02-07,"2025-02-07 18:43:36",18,Fri,2025-02,card,Cocoa,identified,ANON-0000-0000-1179,35.76,index_1
2025-02-07,"2025-02-07 18:44:30",18,Fri,2025-02,card,Cortado,identified,ANON-0000-0000-1192,25.96,index_1
2025-02-07,"2025-02-07 18:45:23",18,Fri,2025-02,card,Cocoa,identified,ANON-0000-0000-1192,35.76,index_1
2025-02-07,"2025-02-07 20:10:59",20,Fri,2025-02,card,Cocoa,identified,ANON-0000-0000-1193,35.76,index_1
2025-02-07,"2025-02-07 20:30:56",20,Fri,2025-02,card,Cortado,identified,ANON-0000-0000-1161,25.96,index_1
2025-02-08,"2025-02-08 09:01:42",9,Sat,2025-02,card,Americano,identified,ANON-0000-0000-1163,25.96,index_1
2025-02-08,"2025-02-08 10:56:17",10,Sat,2025-02,card,"Americano with Milk",identified,ANON-0000-0000-1153,30.86,index_1
2025-02-08,"2025-02-08 11:02:41",11,Sat,2025-02,card,Cortado,identified,ANON-0000-0000-1194,25.96,index_1
2025-02-08,"2025-02-08 11:39:33",11,Sat,2025-02,card,Americano,identified,ANON-0000-0000-1195,25.96,index_1
2025-02-08,"2025-02-08 12:46:12",12,Sat,2025-02,card,Americano,identified,ANON-0000-0000-1167,25.96,index_1
2025-02-08,"2025-02-08 13:26:47",13,Sat,2025-02,card,Americano,identified,ANON-0000-0000-1170,25.96,index_1
2025-02-08,"2025-02-08 14:26:04",14,Sat,2025-02,cash,Tea,anonymous,,15.0,index_2
2025-02-08,"2025-02-08 14:28:26",14,Sat,2025-02,cash,Tea,anonymous,,15.0,index_2
2025-02-08,"2025-02-08 14:33:04",14,Sat,2025-02,card,Espresso,anonymous,,20.0,index_2
2025-02-08,"2025-02-08 15:07:04",15,Sat,2025-02,card,Americano,identified,ANON-0000-0000-1110,25.96,index_1
2025-02-08,"2025-02-08 15:08:09",15,Sat,2025-02,card,Americano,identified,ANON-0000-0000-1110,25.96,index_1
2025-02-08,"2025-02-08 15:51:04",15,Sat,2025-02,card,"Chocolate with coffee",anonymous,,30.0,index_2
2025-02-08,"2025-02-08 16:35:01",16,Sat,2025-02,cash,"Chocolate with milk",anonymous,,27.0,index_2
2025-02-08,"2025-02-08 18:55:30",18,Sat,2025-02,card,Espresso,anonymous,,33.0,index_2
2025-02-08,"2025-02-08 18:59:03",18,Sat,2025-02,cash,"Coffee with Irish whiskey",anonymous,,29.0,index_2
2025-02-08,"2025-02-08 19:00:28",19,Sat,2025-02,cash,"Irish whiskey with milk",anonymous,,27.0,index_2
2025-02-09,"2025-02-09 08:45:45",8,Sun,2025-02,card,"Double Irish whiskey",anonymous,,28.0,index_2
2025-02-09,"2025-02-09 08:49:24",8,Sun,2025-02,card,Cocoa,identified,ANON-0000-0000-1161,35.76,index_1
2025-02-09,"2025-02-09 10:31:09",10,Sun,2025-02,card,"Americano with Milk",identified,ANON-0000-0000-1157,30.86,index_1
2025-02-09,"2025-02-09 10:41:36",10,Sun,2025-02,cash,"Chocolate with coffee",anonymous,,30.0,index_2
2025-02-09,"2025-02-09 10:42:55",10,Sun,2025-02,cash,"Double espresso",anonymous,,27.0,index_2
2025-02-09,"2025-02-09 10:51:28",10,Sun,2025-02,card,Americano,identified,ANON-0000-0000-1163,25.96,index_1
2025-02-09,"2025-02-09 12:05:05",12,Sun,2025-02,card,Latte,identified,ANON-0000-0000-1196,35.76,index_1
2025-02-09,"2025-02-09 12:18:53",12,Sun,2025-02,cash,"Americano with milk",anonymous,,25.0,index_2
2025-02-09,"2025-02-09 13:28:56",13,Sun,2025-02,card,Espresso,anonymous,,20.0,index_2
2025-02-09,"2025-02-09 15:13:09",15,Sun,2025-02,card,Cocoa,identified,ANON-0000-0000-1189,35.76,index_1
2025-02-09,"2025-02-09 15:14:02",15,Sun,2025-02,card,Latte,identified,ANON-0000-0000-1189,35.76,index_1
2025-02-09,"2025-02-09 15:15:57",15,Sun,2025-02,card,"Hot Chocolate",identified,ANON-0000-0000-1178,35.76,index_1
2025-02-09,"2025-02-09 15:16:48",15,Sun,2025-02,card,Cappuccino,anonymous,,30.0,index_2
2025-02-09,"2025-02-09 15:16:52",15,Sun,2025-02,card,Cocoa,identified,ANON-0000-0000-1179,35.76,index_1
2025-02-09,"2025-02-09 15:43:17",15,Sun,2025-02,card,"Double espresso with milk",anonymous,,32.0,index_2
2025-02-09,"2025-02-09 16:14:26",16,Sun,2025-02,card,"Double Irish whiskey",anonymous,,28.0,index_2
2025-02-09,"2025-02-09 16:20:18",16,Sun,2025-02,card,Cortado,identified,ANON-0000-0000-1161,25.96,index_1
2025-02-09,"2025-02-09 16:23:52",16,Sun,2025-02,card,"Caramel with Irish whiskey",anonymous,,28.0,index_2
2025-02-09,"2025-02-09 16:25:15",16,Sun,2025-02,card,Latte,anonymous,,33.0,index_2
2025-02-09,"2025-02-09 17:47:17",17,Sun,2025-02,card,Latte,anonymous,,33.0,index_2
2025-02-09,"2025-02-09 18:01:22",18,Sun,2025-02,card,"Americano with milk",anonymous,,25.0,index_2
2025-02-09,"2025-02-09 18:01:22",18,Sun,2025-02,card,Latte,anonymous,,33.0,index_2
2025-02-09,"2025-02-09 18:01:22",18,Sun,2025-02,card,Tea,anonymous,,15.0,index_2
2025-02-09,"2025-02-09 18:02:39",18,Sun,2025-02,card,"Caramel with Irish whiskey",anonymous,,28.0,index_2
2025-02-09,"2025-02-09 19:50:36",19,Sun,2025-02,cash,"Coffee with Irish whiskey",anonymous,,29.0,index_2
2025-02-10,"2025-02-10 07:01:46",7,Mon,2025-02,card,Americano,identified,ANON-0000-0000-1152,25.96,index_1
2025-02-10,"2025-02-10 08:16:32",8,Mon,2025-02,card,Americano,identified,ANON-0000-0000-1110,25.96,index_1
2025-02-10,"2025-02-10 08:24:56",8,Mon,2025-02,card,Americano,identified,ANON-0000-0000-1152,25.96,index_1
2025-02-10,"2025-02-10 09:26:07",9,Mon,2025-02,cash,Americano,anonymous,,25.0,index_2
2025-02-10,"2025-02-10 11:11:43",11,Mon,2025-02,card,"Americano with Milk",identified,ANON-0000-0000-1153,30.86,index_1
2025-02-10,"2025-02-10 12:26:32",12,Mon,2025-02,cash,Americano,anonymous,,25.0,index_2
2025-02-10,"2025-02-10 13:08:50",13,Mon,2025-02,card,Americano,identified,ANON-0000-0000-1167,25.96,index_1
2025-02-10,"2025-02-10 13:11:05",13,Mon,2025-02,card,Cocoa,identified,ANON-0000-0000-1168,35.76,index_1
2025-02-10,"2025-02-10 13:26:54",13,Mon,2025-02,card,"Americano with Milk",identified,ANON-0000-0000-1197,30.86,index_1
2025-02-10,"2025-02-10 13:40:13",13,Mon,2025-02,card,Americano,identified,ANON-0000-0000-1198,25.96,index_1
2025-02-10,"2025-02-10 14:01:52",14,Mon,2025-02,card,Latte,identified,ANON-0000-0000-1199,35.76,index_1
2025-02-10,"2025-02-10 14:07:41",14,Mon,2025-02,card,Americano,identified,ANON-0000-0000-1163,25.96,index_1
2025-02-10,"2025-02-10 14:11:46",14,Mon,2025-02,card,Cocoa,identified,ANON-0000-0000-1163,35.76,index_1
2025-02-10,"2025-02-10 14:15:44",14,Mon,2025-02,card,Cocoa,identified,ANON-0000-0000-1163,35.76,index_1
2025-02-10,"2025-02-10 15:01:54",15,Mon,2025-02,card,Cappuccino,identified,ANON-0000-0000-1200,35.76,index_1
2025-02-10,"2025-02-10 15:14:01",15,Mon,2025-02,card,"Americano with Milk",identified,ANON-0000-0000-1166,30.86,index_1
2025-02-10,"2025-02-10 15:46:02",15,Mon,2025-02,card,Latte,identified,ANON-0000-0000-1191,35.76,index_1
2025-02-10,"2025-02-10 15:47:44",15,Mon,2025-02,card,"Hot Chocolate",identified,ANON-0000-0000-1165,35.76,index_1
2025-02-10,"2025-02-10 16:20:55",16,Mon,2025-02,card,Cocoa,identified,ANON-0000-0000-1170,35.76,index_1
2025-02-10,"2025-02-10 17:12:02",17,Mon,2025-02,card,Americano,identified,ANON-0000-0000-0878,25.96,index_1
2025-02-10,"2025-02-10 18:21:29",18,Mon,2025-02,cash,"Chocolate with milk",anonymous,,27.0,index_2
2025-02-10,"2025-02-10 18:27:14",18,Mon,2025-02,card,"Americano with Milk",identified,ANON-0000-0000-1157,30.86,index_1
2025-02-10,"2025-02-10 19:14:01",19,Mon,2025-02,card,Latte,identified,ANON-0000-0000-1178,35.76,index_1
2025-02-10,"2025-02-10 19:14:53",19,Mon,2025-02,card,Latte,identified,ANON-0000-0000-1201,35.76,index_1
2025-02-11,"2025-02-11 09:49:22",9,Tue,2025-02,card,Tea,anonymous,,15.0,index_2
2025-02-11,"2025-02-11 10:38:26",10,Tue,2025-02,card,Americano,identified,ANON-0000-0000-1163,25.96,index_1
2025-02-11,"2025-02-11 11:19:15",11,Tue,2025-02,card,Americano,identified,ANON-0000-0000-1176,25.96,index_1
2025-02-11,"2025-02-11 11:20:12",11,Tue,2025-02,card,"Americano with Milk",identified,ANON-0000-0000-1166,30.86,index_1
2025-02-11,"2025-02-11 11:21:08",11,Tue,2025-02,card,Cocoa,identified,ANON-0000-0000-1189,35.76,index_1
2025-02-11,"2025-02-11 15:56:49",15,Tue,2025-02,card,"Hot Chocolate",identified,ANON-0000-0000-1156,35.76,index_1
2025-02-11,"2025-02-11 16:09:08",16,Tue,2025-02,card,"Americano with Milk",identified,ANON-0000-0000-1194,30.86,index_1
2025-02-11,"2025-02-11 16:49:40",16,Tue,2025-02,card,Espresso,identified,ANON-0000-0000-1202,21.06,index_1
2025-02-11,"2025-02-11 17:35:34",17,Tue,2025-02,card,Latte,identified,ANON-0000-0000-1163,35.76,index_1
2025-02-11,"2025-02-11 17:36:42",17,Tue,2025-02,card,"Americano with Milk",identified,ANON-0000-0000-1163,30.86,index_1
2025-02-11,"2025-02-11 17:44:12",17,Tue,2025-02,card,"Americano with Milk",identified,ANON-0000-0000-1203,30.86,index_1
2025-02-11,"2025-02-11 17:50:40",17,Tue,2025-02,card,Americano,identified,ANON-0000-0000-1110,25.96,index_1
2025-02-11,"2025-02-11 17:54:37",17,Tue,2025-02,card,"Americano with Milk",identified,ANON-0000-0000-1203,30.86,index_1
2025-02-11,"2025-02-11 18:35:30",18,Tue,2025-02,card,Americano,anonymous,,25.0,index_2
2025-02-11,"2025-02-11 19:04:11",19,Tue,2025-02,card,Latte,identified,ANON-0000-0000-1204,35.76,index_1
2025-02-11,"2025-02-11 19:05:03",19,Tue,2025-02,card,Cocoa,identified,ANON-0000-0000-1204,35.76,index_1
2025-02-12,"2025-02-12 07:16:57",7,Wed,2025-02,card,Cappuccino,identified,ANON-0000-0000-1200,35.76,index_1
2025-02-12,"2025-02-12 07:35:37",7,Wed,2025-02,card,Americano,identified,ANON-0000-0000-1163,25.96,index_1
2025-02-12,"2025-02-12 08:54:35",8,Wed,2025-02,card,Cocoa,identified,ANON-0000-0000-1163,35.76,index_1
2025-02-12,"2025-02-12 09:19:45",9,Wed,2025-02,card,"Americano with Milk",identified,ANON-0000-0000-1153,30.86,index_1
2025-02-12,"2025-02-12 10:43:13",10,Wed,2025-02,card,Americano,identified,ANON-0000-0000-1188,25.96,index_1
2025-02-12,"2025-02-12 12:43:29",12,Wed,2025-02,card,Americano,identified,ANON-0000-0000-1205,25.96,index_1
2025-02-12,"2025-02-12 13:08:09",13,Wed,2025-02,card,Americano,identified,ANON-0000-0000-1206,25.96,index_1
2025-02-12,"2025-02-12 13:41:39",13,Wed,2025-02,card,"Hot Chocolate",identified,ANON-0000-0000-1160,35.76,index_1
2025-02-12,"2025-02-12 15:41:24",15,Wed,2025-02,card,"Hot Chocolate",identified,ANON-0000-0000-1164,35.76,index_1
2025-02-12,"2025-02-12 15:42:16",15,Wed,2025-02,card,Latte,identified,ANON-0000-0000-1191,35.76,index_1
2025-02-12,"2025-02-12 15:43:34",15,Wed,2025-02,card,"Hot Chocolate",identified,ANON-0000-0000-1165,35.76,index_1
2025-02-12,"2025-02-12 16:12:58",16,Wed,2025-02,card,Americano,identified,ANON-0000-0000-1160,25.96,index_1
2025-02-12,"2025-02-12 16:26:08",16,Wed,2025-02,card,Americano,identified,ANON-0000-0000-1160,25.96,index_1
2025-02-12,"2025-02-12 17:05:31",17,Wed,2025-02,card,Cappuccino,identified,ANON-0000-0000-1200,35.76,index_1
2025-02-12,"2025-02-12 17:42:51",17,Wed,2025-02,card,Americano,identified,ANON-0000-0000-1110,25.96,index_1
2025-02-12,"2025-02-12 17:57:46",17,Wed,2025-02,cash,"Chocolate with milk",anonymous,,27.0,index_2
2025-02-12,"2025-02-12 20:05:40",20,Wed,2025-02,card,Latte,identified,ANON-0000-0000-0507,35.76,index_1
2025-02-12,"2025-02-12 20:23:13",20,Wed,2025-02,card,Cocoa,identified,ANON-0000-0000-1178,35.76,index_1
2025-02-12,"2025-02-12 21:17:04",21,Wed,2025-02,card,Cappuccino,identified,ANON-0000-0000-1158,35.76,index_1
2025-02-13,"2025-02-13 07:38:47",7,Thu,2025-02,card,"Americano with Milk",identified,ANON-0000-0000-1153,30.86,index_1
2025-02-13,"2025-02-13 07:55:09",7,Thu,2025-02,card,Latte,anonymous,,33.0,index_2
2025-02-13,"2025-02-13 08:12:14",8,Thu,2025-02,card,"Double espresso with milk",anonymous,,32.0,index_2
2025-02-13,"2025-02-13 08:45:57",8,Thu,2025-02,card,Americano,identified,ANON-0000-0000-1152,25.96,index_1
2025-02-13,"2025-02-13 08:47:48",8,Thu,2025-02,card,Cappuccino,anonymous,,30.0,index_2
2025-02-13,"2025-02-13 09:17:21",9,Thu,2025-02,card,Espresso,identified,ANON-0000-0000-1207,21.06,index_1
2025-02-13,"2025-02-13 09:36:05",9,Thu,2025-02,card,Cocoa,identified,ANON-0000-0000-1168,35.76,index_1
2025-02-13,"2025-02-13 10:28:04",10,Thu,2025-02,card,"Americano with milk",anonymous,,25.0,index_2
2025-02-13,"2025-02-13 10:29:32",10,Thu,2025-02,card,"Americano with Milk",identified,ANON-0000-0000-1156,30.86,index_1
2025-02-13,"2025-02-13 10:59:27",10,Thu,2025-02,card,"Americano with Milk",identified,ANON-0000-0000-1157,30.86,index_1
2025-02-13,"2025-02-13 16:30:39",16,Thu,2025-02,card,Americano,identified,ANON-0000-0000-1163,25.96,index_1
2025-02-13,"2025-02-13 16:31:33",16,Thu,2025-02,card,Americano,identified,ANON-0000-0000-1163,25.96,index_1
2025-02-13,"2025-02-13 17:16:11",17,Thu,2025-02,card,"Americano with Milk",identified,ANON-0000-0000-1178,30.86,index_1
2025-02-13,"2025-02-13 17:17:20",17,Thu,2025-02,card,"Americano with Milk",identified,ANON-0000-0000-1179,30.86,index_1
2025-02-13,"2025-02-13 18:01:35",18,Thu,2025-02,card,Latte,identified,ANON-0000-0000-1208,35.76,index_1
2025-02-13,"2025-02-13 18:15:08",18,Thu,2025-02,card,Cappuccino,identified,ANON-0000-0000-0046,35.76,index_1
2025-02-13,"2025-02-13 19:06:30",19,Thu,2025-02,card,Latte,identified,ANON-0000-0000-1209,35.76,index_1
2025-02-14,"2025-02-14 11:38:55",11,Fri,2025-02,card,Americano,identified,ANON-0000-0000-1163,25.96,index_1
2025-02-14,"2025-02-14 12:33:35",12,Fri,2025-02,card,Espresso,anonymous,,20.0,index_2
2025-02-14,"2025-02-14 14:07:09",14,Fri,2025-02,card,"Hot Chocolate",identified,ANON-0000-0000-1210,35.76,index_1
2025-02-14,"2025-02-14 14:27:58",14,Fri,2025-02,cash,Espresso,anonymous,,20.0,index_2
2025-02-14,"2025-02-14 14:33:41",14,Fri,2025-02,card,"Double Irish whiskey",anonymous,,28.0,index_2
2025-02-14,"2025-02-14 14:45:59",14,Fri,2025-02,card,Americano,identified,ANON-0000-0000-1198,25.96,index_1
2025-02-14,"2025-02-14 14:46:45",14,Fri,2025-02,card,Espresso,identified,ANON-0000-0000-1198,21.06,index_1
2025-02-14,"2025-02-14 14:58:12",14,Fri,2025-02,card,"Americano with Milk",identified,ANON-0000-0000-1211,30.86,index_1
2025-02-14,"2025-02-14 15:00:16",15,Fri,2025-02,card,Cappuccino,identified,ANON-0000-0000-1200,35.76,index_1
2025-02-14,"2025-02-14 15:36:40",15,Fri,2025-02,card,Cappuccino,identified,ANON-0000-0000-0507,35.76,index_1
2025-02-14,"2025-02-14 15:38:47",15,Fri,2025-02,card,Latte,identified,ANON-0000-0000-0507,35.76,index_1
2025-02-14,"2025-02-14 15:53:56",15,Fri,2025-02,card,"Hot Chocolate",identified,ANON-0000-0000-1212,35.76,index_1
2025-02-14,"2025-02-14 15:54:57",15,Fri,2025-02,card,Cappuccino,identified,ANON-0000-0000-1212,35.76,index_1
2025-02-14,"2025-02-14 16:09:35",16,Fri,2025-02,cash,Espresso,anonymous,,20.0,index_2
2025-02-14,"2025-02-14 17:03:16",17,Fri,2025-02,card,Americano,identified,ANON-0000-0000-1160,25.96,index_1
2025-02-14,"2025-02-14 17:04:29",17,Fri,2025-02,card,Cocoa,identified,ANON-0000-0000-1160,35.76,index_1
2025-02-14,"2025-02-14 17:09:07",17,Fri,2025-02,card,Espresso,identified,ANON-0000-0000-1202,21.06,index_1
2025-02-14,"2025-02-14 17:25:24",17,Fri,2025-02,card,"Americano with Milk",identified,ANON-0000-0000-1213,30.86,index_1
2025-02-14,"2025-02-14 19:02:15",19,Fri,2025-02,card,Espresso,anonymous,,20.0,index_2
2025-02-14,"2025-02-14 19:24:49",19,Fri,2025-02,cash,"Chocolate with milk",anonymous,,27.0,index_2
2025-02-14,"2025-02-14 19:30:59",19,Fri,2025-02,card,"Coffee with Irish whiskey",anonymous,,29.0,index_2
2025-02-14,"2025-02-14 19:53:26",19,Fri,2025-02,card,"Super chocolate",anonymous,,28.0,index_2
2025-02-14,"2025-02-14 19:54:48",19,Fri,2025-02,card,"Double Irish whiskey",anonymous,,28.0,index_2
2025-02-14,"2025-02-14 21:18:29",21,Fri,2025-02,card,Americano,identified,ANON-0000-0000-1214,25.96,index_1
2025-02-15,"2025-02-15 09:22:51",9,Sat,2025-02,card,Cappuccino,identified,ANON-0000-0000-1200,35.76,index_1
2025-02-15,"2025-02-15 09:38:59",9,Sat,2025-02,card,Americano,anonymous,,25.0,index_2
2025-02-15,"2025-02-15 11:10:57",11,Sat,2025-02,card,"Double vanilla",anonymous,,27.0,index_2
2025-02-15,"2025-02-15 12:41:53",12,Sat,2025-02,card,Cappuccino,identified,ANON-0000-0000-1163,35.76,index_1
2025-02-15,"2025-02-15 12:44:26",12,Sat,2025-02,card,Americano,identified,ANON-0000-0000-1163,25.96,index_1
2025-02-15,"2025-02-15 13:02:19",13,Sat,2025-02,card,"Americano with Milk",identified,ANON-0000-0000-0878,30.86,index_1
2025-02-15,"2025-02-15 13:32:05",13,Sat,2025-02,card,"Americano with Milk",identified,ANON-0000-0000-1200,30.86,index_1
2025-02-15,"2025-02-15 13:43:38",13,Sat,2025-02,cash,Mochaccino,anonymous,,30.0,index_2
2025-02-15,"2025-02-15 13:45:12",13,Sat,2025-02,cash,"Irish whiskey with milk",anonymous,,27.0,index_2
2025-02-15,"2025-02-15 14:01:51",14,Sat,2025-02,card,Cappuccino,identified,ANON-0000-0000-1184,35.76,index_1
2025-02-15,"2025-02-15 14:11:53",14,Sat,2025-02,card,Americano,identified,ANON-0000-0000-1215,25.96,index_1
2025-02-15,"2025-02-15 15:33:24",15,Sat,2025-02,card,Tea,anonymous,,15.0,index_2
2025-02-15,"2025-02-15 15:35:50",15,Sat,2025-02,card,"Americano with milk",anonymous,,25.0,index_2
2025-02-15,"2025-02-15 15:40:07",15,Sat,2025-02,card,"Hot Chocolate",identified,ANON-0000-0000-1201,35.76,index_1
2025-02-15,"2025-02-15 15:40:59",15,Sat,2025-02,card,"Hot Chocolate",identified,ANON-0000-0000-1179,35.76,index_1
2025-02-15,"2025-02-15 15:48:07",15,Sat,2025-02,card,"Americano with milk",anonymous,,25.0,index_2
2025-02-16,"2025-02-16 10:46:43",10,Sun,2025-02,card,Americano,identified,ANON-0000-0000-1216,25.96,index_1
2025-02-16,"2025-02-16 10:50:00",10,Sun,2025-02,card,Americano,identified,ANON-0000-0000-1169,25.96,index_1
2025-02-16,"2025-02-16 10:51:03",10,Sun,2025-02,card,"Americano with Milk",identified,ANON-0000-0000-1169,30.86,index_1
2025-02-16,"2025-02-16 11:04:47",11,Sun,2025-02,card,"Hot Chocolate",identified,ANON-0000-0000-1156,35.76,index_1
2025-02-16,"2025-02-16 11:32:29",11,Sun,2025-02,card,Americano,identified,ANON-0000-0000-1160,25.96,index_1
2025-02-16,"2025-02-16 14:15:37",14,Sun,2025-02,card,"Hot Chocolate",identified,ANON-0000-0000-1196,35.76,index_1
2025-02-16,"2025-02-16 14:16:41",14,Sun,2025-02,card,Latte,identified,ANON-0000-0000-1196,35.76,index_1
2025-02-16,"2025-02-16 16:36:54",16,Sun,2025-02,card,Latte,anonymous,,33.0,index_2
2025-02-16,"2025-02-16 16:38:30",16,Sun,2025-02,card,"Caramel with chocolate",anonymous,,28.0,index_2
2025-02-16,"2025-02-16 16:41:18",16,Sun,2025-02,cash,"Irish whiskey",anonymous,,25.0,index_2
2025-02-16,"2025-02-16 16:41:18",16,Sun,2025-02,cash,"Double vanilla",anonymous,,20.0,index_2
2025-02-16,"2025-02-16 17:12:27",17,Sun,2025-02,card,"Hot Chocolate",identified,ANON-0000-0000-1163,35.76,index_1
2025-02-16,"2025-02-16 17:13:32",17,Sun,2025-02,card,"Americano with Milk",identified,ANON-0000-0000-1163,30.86,index_1
2025-02-16,"2025-02-16 17:44:32",17,Sun,2025-02,card,"Americano with Milk",identified,ANON-0000-0000-1217,30.86,index_1
2025-02-16,"2025-02-16 19:30:33",19,Sun,2025-02,card,Latte,anonymous,,33.0,index_2
2025-02-16,"2025-02-16 23:01:01",23,Sun,2025-02,card,"Coffee with Irish whiskey",anonymous,,29.0,index_2
2025-02-16,"2025-02-16 23:03:42",23,Sun,2025-02,card,Cappuccino,anonymous,,30.0,index_2
2025-02-16,"2025-02-16 23:04:57",23,Sun,2025-02,card,"Caramel coffee",anonymous,,28.0,index_2
2025-02-17,"2025-02-17 06:50:04",6,Mon,2025-02,card,Cappuccino,identified,ANON-0000-0000-1200,35.76,index_1
2025-02-17,"2025-02-17 07:58:44",7,Mon,2025-02,card,Espresso,anonymous,,20.0,index_2
2025-02-17,"2025-02-17 08:17:59",8,Mon,2025-02,cash,Cappuccino,anonymous,,30.0,index_2
2025-02-17,"2025-02-17 08:53:13",8,Mon,2025-02,card,Americano,identified,ANON-0000-0000-1163,25.96,index_1
2025-02-17,"2025-02-17 09:00:55",9,Mon,2025-02,card,Americano,identified,ANON-0000-0000-1160,25.96,index_1
2025-02-17,"2025-02-17 09:28:06",9,Mon,2025-02,card,"Americano with Milk",identified,ANON-0000-0000-1218,30.86,index_1
2025-02-17,"2025-02-17 09:56:59",9,Mon,2025-02,card,"Hot Chocolate",identified,ANON-0000-0000-1210,35.76,index_1
2025-02-17,"2025-02-17 10:20:12",10,Mon,2025-02,card,"Americano with Milk",identified,ANON-0000-0000-1219,30.86,index_1
2025-02-17,"2025-02-17 10:44:48",10,Mon,2025-02,card,Americano,identified,ANON-0000-0000-1160,25.96,index_1
2025-02-17,"2025-02-17 11:53:58",11,Mon,2025-02,card,"Americano with Milk",identified,ANON-0000-0000-1203,30.86,index_1
2025-02-17,"2025-02-17 11:55:02",11,Mon,2025-02,card,Espresso,identified,ANON-0000-0000-1202,21.06,index_1
2025-02-17,"2025-02-17 12:48:58",12,Mon,2025-02,card,Cappuccino,identified,ANON-0000-0000-1220,35.76,index_1
2025-02-17,"2025-02-17 14:23:01",14,Mon,2025-02,card,Latte,identified,ANON-0000-0000-1221,35.76,index_1
2025-02-17,"2025-02-17 15:05:41",15,Mon,2025-02,card,"Americano with Milk",identified,ANON-0000-0000-1194,30.86,index_1
2025-02-17,"2025-02-17 15:33:19",15,Mon,2025-02,card,Latte,identified,ANON-0000-0000-1191,35.76,index_1
2025-02-17,"2025-02-17 16:19:06",16,Mon,2025-02,card,Espresso,identified,ANON-0000-0000-1218,21.06,index_1
2025-02-17,"2025-02-17 16:22:42",16,Mon,2025-02,card,Americano,identified,ANON-0000-0000-1170,25.96,index_1
2025-02-17,"2025-02-17 16:26:51",16,Mon,2025-02,card,"Caramel with Irish whiskey",anonymous,,28.0,index_2
2025-02-17,"2025-02-17 16:57:46",16,Mon,2025-02,cash,"Americano with milk",anonymous,,25.0,index_2
2025-02-17,"2025-02-17 17:00:13",17,Mon,2025-02,cash,Espresso,anonymous,,20.0,index_2
2025-02-17,"2025-02-17 17:31:14",17,Mon,2025-02,card,"Americano with Milk",identified,ANON-0000-0000-1222,30.86,index_1
2025-02-17,"2025-02-17 17:52:39",17,Mon,2025-02,card,Cappuccino,anonymous,,30.0,index_2
2025-02-17,"2025-02-17 18:23:52",18,Mon,2025-02,card,Americano,identified,ANON-0000-0000-1206,25.96,index_1
2025-02-17,"2025-02-17 18:26:38",18,Mon,2025-02,cash,"Coffee with Irish whiskey",anonymous,,29.0,index_2
2025-02-17,"2025-02-17 19:13:51",19,Mon,2025-02,card,Americano,identified,ANON-0000-0000-1223,25.96,index_1
2025-02-17,"2025-02-17 19:15:00",19,Mon,2025-02,card,Americano,identified,ANON-0000-0000-1223,25.96,index_1
2025-02-17,"2025-02-17 20:18:17",20,Mon,2025-02,card,Latte,identified,ANON-0000-0000-1192,35.76,index_1
2025-02-17,"2025-02-17 22:10:07",22,Mon,2025-02,cash,"Americano with milk",anonymous,,25.0,index_2
2025-02-18,"2025-02-18 08:53:08",8,Tue,2025-02,card,Americano,identified,ANON-0000-0000-1163,25.96,index_1
2025-02-18,"2025-02-18 08:54:14",8,Tue,2025-02,card,Americano,identified,ANON-0000-0000-1163,25.96,index_1
2025-02-18,"2025-02-18 09:52:42",9,Tue,2025-02,cash,"Vanilla with Irish whiskey",anonymous,,28.0,index_2
2025-02-18,"2025-02-18 10:14:06",10,Tue,2025-02,card,"Americano with milk",anonymous,,25.0,index_2
2025-02-18,"2025-02-18 11:07:35",11,Tue,2025-02,card,Americano,identified,ANON-0000-0000-1110,25.96,index_1
2025-02-18,"2025-02-18 11:30:06",11,Tue,2025-02,card,Americano,identified,ANON-0000-0000-1198,25.96,index_1
2025-02-18,"2025-02-18 11:38:23",11,Tue,2025-02,card,"Americano with Milk",identified,ANON-0000-0000-1203,30.86,index_1
2025-02-18,"2025-02-18 12:15:26",12,Tue,2025-02,card,"Americano with Milk",identified,ANON-0000-0000-1218,30.86,index_1
2025-02-18,"2025-02-18 13:04:27",13,Tue,2025-02,card,Cocoa,identified,ANON-0000-0000-1224,35.76,index_1
2025-02-18,"2025-02-18 13:25:45",13,Tue,2025-02,card,Americano,identified,ANON-0000-0000-1215,25.96,index_1
2025-02-18,"2025-02-18 13:27:05",13,Tue,2025-02,card,"Americano with Milk",identified,ANON-0000-0000-1222,30.86,index_1
2025-02-18,"2025-02-18 15:36:44",15,Tue,2025-02,card,Cappuccino,anonymous,,30.0,index_2
2025-02-18,"2025-02-18 15:42:11",15,Tue,2025-02,card,"Americano with milk",anonymous,,25.0,index_2
2025-02-18,"2025-02-18 17:05:28",17,Tue,2025-02,card,"Hot Chocolate",identified,ANON-0000-0000-1210,35.76,index_1
2025-02-18,"2025-02-18 17:08:19",17,Tue,2025-02,card,"Americano with Milk",identified,ANON-0000-0000-1225,30.86,index_1
2025-02-18,"2025-02-18 17:09:17",17,Tue,2025-02,card,Espresso,identified,ANON-0000-0000-1225,21.06,index_1
2025-02-18,"2025-02-18 17:10:22",17,Tue,2025-02,card,Cocoa,identified,ANON-0000-0000-1225,35.76,index_1
2025-02-18,"2025-02-18 17:11:35",17,Tue,2025-02,card,Cocoa,identified,ANON-0000-0000-1225,35.76,index_1
2025-02-18,"2025-02-18 19:36:27",19,Tue,2025-02,card,Cocoa,identified,ANON-0000-0000-1226,35.76,index_1
2025-02-18,"2025-02-18 20:06:56",20,Tue,2025-02,card,Cocoa,identified,ANON-0000-0000-1185,35.76,index_1
2025-02-18,"2025-02-18 20:58:12",20,Tue,2025-02,card,"Hot Chocolate",identified,ANON-0000-0000-1212,35.76,index_1
2025-02-18,"2025-02-18 21:01:59",21,Tue,2025-02,card,"Americano with Milk",identified,ANON-0000-0000-1222,30.86,index_1
2025-02-19,"2025-02-19 07:56:31",7,Wed,2025-02,cash,Americano,anonymous,,25.0,index_2
2025-02-19,"2025-02-19 08:08:52",8,Wed,2025-02,card,Cappuccino,identified,ANON-0000-0000-1161,35.76,index_1
2025-02-19,"2025-02-19 08:09:54",8,Wed,2025-02,card,Americano,identified,ANON-0000-0000-1152,25.96,index_1
2025-02-19,"2025-02-19 08:47:32",8,Wed,2025-02,card,Americano,identified,ANON-0000-0000-1170,25.96,index_1
2025-02-19,"2025-02-19 09:24:31",9,Wed,2025-02,card,Cappuccino,identified,ANON-0000-0000-1220,35.76,index_1
2025-02-19,"2025-02-19 10:09:51",10,Wed,2025-02,card,Americano,identified,ANON-0000-0000-1167,25.96,index_1
2025-02-19,"2025-02-19 10:19:01",10,Wed,2025-02,card,"Hot Chocolate",identified,ANON-0000-0000-1227,35.76,index_1
2025-02-19,"2025-02-19 10:38:04",10,Wed,2025-02,card,Americano,anonymous,,25.0,index_2
2025-02-19,"2025-02-19 10:40:51",10,Wed,2025-02,card,"Americano with Milk",identified,ANON-0000-0000-1207,30.86,index_1
2025-02-19,"2025-02-19 12:05:08",12,Wed,2025-02,cash,"Americano with milk",anonymous,,25.0,index_2
2025-02-19,"2025-02-19 12:20:37",12,Wed,2025-02,card,Espresso,anonymous,,20.0,index_2
2025-02-19,"2025-02-19 12:45:06",12,Wed,2025-02,card,Americano,identified,ANON-0000-0000-1198,25.96,index_1
2025-02-19,"2025-02-19 12:46:03",12,Wed,2025-02,card,Cocoa,identified,ANON-0000-0000-1168,35.76,index_1
2025-02-19,"2025-02-19 13:06:54",13,Wed,2025-02,card,Americano,identified,ANON-0000-0000-1171,25.96,index_1
2025-02-19,"2025-02-19 15:50:42",15,Wed,2025-02,card,Cappuccino,identified,ANON-0000-0000-1158,35.76,index_1
2025-02-19,"2025-02-19 17:04:00",17,Wed,2025-02,card,Americano,identified,ANON-0000-0000-1110,25.96,index_1
2025-02-19,"2025-02-19 17:34:49",17,Wed,2025-02,card,Cappuccino,identified,ANON-0000-0000-1158,35.76,index_1
2025-02-19,"2025-02-19 17:57:52",17,Wed,2025-02,card,"Americano with Milk",identified,ANON-0000-0000-1217,30.86,index_1
2025-02-19,"2025-02-19 18:35:38",18,Wed,2025-02,card,Cappuccino,identified,ANON-0000-0000-1228,35.76,index_1
2025-02-19,"2025-02-19 19:01:33",19,Wed,2025-02,card,Latte,identified,ANON-0000-0000-1229,35.76,index_1
2025-02-19,"2025-02-19 19:11:49",19,Wed,2025-02,card,Cocoa,identified,ANON-0000-0000-1179,35.76,index_1
2025-02-19,"2025-02-19 19:12:42",19,Wed,2025-02,card,"Hot Chocolate",identified,ANON-0000-0000-1179,35.76,index_1
2025-02-19,"2025-02-19 19:26:22",19,Wed,2025-02,card,Latte,identified,ANON-0000-0000-1191,35.76,index_1
2025-02-19,"2025-02-19 20:05:28",20,Wed,2025-02,card,Cocoa,identified,ANON-0000-0000-1182,35.76,index_1
2025-02-20,"2025-02-20 07:38:32",7,Thu,2025-02,card,Cappuccino,anonymous,,30.0,index_2
2025-02-20,"2025-02-20 07:56:24",7,Thu,2025-02,card,Cappuccino,identified,ANON-0000-0000-1161,35.76,index_1
2025-02-20,"2025-02-20 08:04:41",8,Thu,2025-02,cash,Mochaccino,anonymous,,30.0,index_2
2025-02-20,"2025-02-20 08:57:54",8,Thu,2025-02,card,"Coffee with Irish whiskey",anonymous,,29.0,index_2
2025-02-20,"2025-02-20 09:17:53",9,Thu,2025-02,card,Americano,identified,ANON-0000-0000-1167,25.96,index_1
2025-02-20,"2025-02-20 09:36:06",9,Thu,2025-02,cash,"Americano with milk",anonymous,,25.0,index_2
2025-02-20,"2025-02-20 09:36:06",9,Thu,2025-02,cash,Espresso,anonymous,,20.0,index_2
2025-02-20,"2025-02-20 10:16:40",10,Thu,2025-02,card,Cappuccino,identified,ANON-0000-0000-1163,35.76,index_1
2025-02-20,"2025-02-20 10:17:38",10,Thu,2025-02,card,Americano,identified,ANON-0000-0000-1163,25.96,index_1
2025-02-20,"2025-02-20 10:20:24",10,Thu,2025-02,card,Americano,identified,ANON-0000-0000-1167,25.96,index_1
2025-02-20,"2025-02-20 10:24:23",10,Thu,2025-02,card,Americano,identified,ANON-0000-0000-1198,25.96,index_1
2025-02-20,"2025-02-20 12:07:16",12,Thu,2025-02,card,Latte,anonymous,,33.0,index_2
2025-02-20,"2025-02-20 12:09:01",12,Thu,2025-02,card,Cappuccino,anonymous,,30.0,index_2
2025-02-20,"2025-02-20 13:02:19",13,Thu,2025-02,card,"Americano with Milk",identified,ANON-0000-0000-1203,30.86,index_1
2025-02-20,"2025-02-20 13:20:58",13,Thu,2025-02,card,Chocolate,anonymous,,25.0,index_2
2025-02-20,"2025-02-20 14:20:33",14,Thu,2025-02,card,Latte,identified,ANON-0000-0000-1196,35.76,index_1
2025-02-20,"2025-02-20 14:37:59",14,Thu,2025-02,card,Americano,identified,ANON-0000-0000-1163,25.96,index_1
2025-02-20,"2025-02-20 14:38:49",14,Thu,2025-02,card,Americano,identified,ANON-0000-0000-1163,25.96,index_1
2025-02-20,"2025-02-20 15:19:45",15,Thu,2025-02,card,Espresso,identified,ANON-0000-0000-1230,21.06,index_1
2025-02-20,"2025-02-20 16:05:49",16,Thu,2025-02,card,Cappuccino,identified,ANON-0000-0000-1156,35.76,index_1
2025-02-20,"2025-02-20 16:59:06",16,Thu,2025-02,card,Cappuccino,identified,ANON-0000-0000-1231,35.76,index_1
2025-02-20,"2025-02-20 17:00:36",17,Thu,2025-02,card,"Hot Chocolate",identified,ANON-0000-0000-1231,35.76,index_1
2025-02-20,"2025-02-20 17:06:57",17,Thu,2025-02,card,"Americano with milk",anonymous,,25.0,index_2
2025-02-20,"2025-02-20 17:07:27",17,Thu,2025-02,card,Americano,identified,ANON-0000-0000-1163,25.96,index_1
2025-02-20,"2025-02-20 17:09:30",17,Thu,2025-02,cash,"Americano with milk",anonymous,,25.0,index_2
2025-02-20,"2025-02-20 17:42:39",17,Thu,2025-02,card,"Double Irish whiskey",anonymous,,28.0,index_2
2025-02-20,"2025-02-20 18:57:34",18,Thu,2025-02,card,Americano,identified,ANON-0000-0000-1232,25.96,index_1
2025-02-20,"2025-02-20 19:01:51",19,Thu,2025-02,card,"Hot Chocolate",identified,ANON-0000-0000-1233,35.76,index_1
2025-02-20,"2025-02-20 19:07:25",19,Thu,2025-02,card,Cocoa,identified,ANON-0000-0000-1234,35.76,index_1
2025-02-20,"2025-02-20 20:07:03",20,Thu,2025-02,card,Latte,identified,ANON-0000-0000-1169,35.76,index_1
2025-02-21,"2025-02-21 06:59:08",6,Fri,2025-02,card,Americano,identified,ANON-0000-0000-1163,25.96,index_1
2025-02-21,"2025-02-21 08:39:10",8,Fri,2025-02,cash,"Irish whiskey",anonymous,,25.0,index_2
2025-02-21,"2025-02-21 09:20:59",9,Fri,2025-02,card,Mochaccino,anonymous,,30.0,index_2
2025-02-21,"2025-02-21 09:41:29",9,Fri,2025-02,card,Latte,identified,ANON-0000-0000-1235,35.76,index_1
2025-02-21,"2025-02-21 09:49:18",9,Fri,2025-02,card,"Irish whiskey",anonymous,,25.0,index_2
2025-02-21,"2025-02-21 09:49:20",9,Fri,2025-02,card,Cappuccino,identified,ANON-0000-0000-1236,35.76,index_1
2025-02-21,"2025-02-21 09:51:12",9,Fri,2025-02,card,Espresso,identified,ANON-0000-0000-1237,21.06,index_1
2025-02-21,"2025-02-21 10:14:07",10,Fri,2025-02,cash,"Americano with milk",anonymous,,25.0,index_2
2025-02-21,"2025-02-21 10:18:10",10,Fri,2025-02,card,Americano,identified,ANON-0000-0000-1232,25.96,index_1
2025-02-21,"2025-02-21 11:10:07",11,Fri,2025-02,card,"Americano with Milk",identified,ANON-0000-0000-1163,30.86,index_1
2025-02-21,"2025-02-21 12:04:49",12,Fri,2025-02,card,Americano,identified,ANON-0000-0000-1110,25.96,index_1
2025-02-21,"2025-02-21 12:07:42",12,Fri,2025-02,card,Americano,identified,ANON-0000-0000-1238,25.96,index_1
2025-02-21,"2025-02-21 12:56:17",12,Fri,2025-02,card,Americano,identified,ANON-0000-0000-1198,25.96,index_1
2025-02-21,"2025-02-21 12:57:02",12,Fri,2025-02,card,Americano,identified,ANON-0000-0000-1167,25.96,index_1
2025-02-21,"2025-02-21 13:06:42",13,Fri,2025-02,card,Americano,identified,ANON-0000-0000-1203,25.96,index_1
2025-02-21,"2025-02-21 14:17:54",14,Fri,2025-02,card,Americano,identified,ANON-0000-0000-1203,25.96,index_1
2025-02-21,"2025-02-21 15:18:31",15,Fri,2025-02,card,Cappuccino,identified,ANON-0000-0000-1161,35.76,index_1
2025-02-21,"2025-02-21 15:45:54",15,Fri,2025-02,card,Americano,identified,ANON-0000-0000-1163,25.96,index_1
2025-02-21,"2025-02-21 15:46:48",15,Fri,2025-02,card,Americano,identified,ANON-0000-0000-1163,25.96,index_1
2025-02-21,"2025-02-21 15:52:48",15,Fri,2025-02,card,Americano,identified,ANON-0000-0000-1203,25.96,index_1
2025-02-21,"2025-02-21 15:56:21",15,Fri,2025-02,card,"Americano with milk",anonymous,,25.0,index_2
2025-02-21,"2025-02-21 16:10:06",16,Fri,2025-02,card,Cocoa,identified,ANON-0000-0000-1239,35.76,index_1
2025-02-21,"2025-02-21 16:13:01",16,Fri,2025-02,card,"Double Irish whiskey",anonymous,,28.0,index_2
2025-02-21,"2025-02-21 16:44:24",16,Fri,2025-02,cash,Espresso,anonymous,,20.0,index_2
2025-02-21,"2025-02-21 16:46:58",16,Fri,2025-02,card,Latte,identified,ANON-0000-0000-1191,35.76,index_1
2025-02-21,"2025-02-21 16:48:58",16,Fri,2025-02,card,"Hot Chocolate",identified,ANON-0000-0000-1165,35.76,index_1
2025-02-21,"2025-02-21 16:50:13",16,Fri,2025-02,card,Latte,identified,ANON-0000-0000-1165,35.76,index_1
2025-02-21,"2025-02-21 17:12:49",17,Fri,2025-02,card,Latte,anonymous,,33.0,index_2
2025-02-21,"2025-02-21 18:43:58",18,Fri,2025-02,cash,"Americano with milk",anonymous,,25.0,index_2
2025-02-21,"2025-02-21 18:45:20",18,Fri,2025-02,card,Latte,anonymous,,33.0,index_2
2025-02-21,"2025-02-21 18:55:19",18,Fri,2025-02,cash,Tea,anonymous,,15.0,index_2
2025-02-21,"2025-02-21 19:08:18",19,Fri,2025-02,card,Cocoa,identified,ANON-0000-0000-1178,35.76,index_1
2025-02-21,"2025-02-21 19:09:09",19,Fri,2025-02,card,Cocoa,identified,ANON-0000-0000-1178,35.76,index_1
2025-02-21,"2025-02-21 19:59:24",19,Fri,2025-02,card,Cappuccino,identified,ANON-0000-0000-1184,35.76,index_1
2025-02-22,"2025-02-22 10:52:18",10,Sat,2025-02,card,"Hot Chocolate",identified,ANON-0000-0000-1240,35.76,index_1
2025-02-22,"2025-02-22 11:28:30",11,Sat,2025-02,card,Americano,identified,ANON-0000-0000-1241,25.96,index_1
2025-02-22,"2025-02-22 11:41:12",11,Sat,2025-02,card,Americano,identified,ANON-0000-0000-1190,25.96,index_1
2025-02-22,"2025-02-22 12:08:32",12,Sat,2025-02,card,"Caramel with chocolate",anonymous,,28.0,index_2
2025-02-22,"2025-02-22 12:59:41",12,Sat,2025-02,card,Espresso,identified,ANON-0000-0000-0095,21.06,index_1
2025-02-22,"2025-02-22 15:03:03",15,Sat,2025-02,card,"Americano with Milk",identified,ANON-0000-0000-1162,30.86,index_1
2025-02-22,"2025-02-22 18:38:38",18,Sat,2025-02,card,Latte,anonymous,,33.0,index_2
2025-02-22,"2025-02-22 18:38:38",18,Sat,2025-02,card,"Americano with milk",anonymous,,25.0,index_2
2025-02-22,"2025-02-22 19:05:11",19,Sat,2025-02,card,"Coffee with Irish whiskey",anonymous,,29.0,index_2
2025-02-23,"2025-02-23 10:33:11",10,Sun,2025-02,card,"Americano with Milk",identified,ANON-0000-0000-1156,30.86,index_1
2025-02-23,"2025-02-23 11:04:22",11,Sun,2025-02,card,"Double Irish whiskey",anonymous,,28.0,index_2
2025-02-23,"2025-02-23 12:52:26",12,Sun,2025-02,card,"Americano with Milk",identified,ANON-0000-0000-1163,30.86,index_1
2025-02-23,"2025-02-23 12:54:06",12,Sun,2025-02,card,"Americano with Milk",identified,ANON-0000-0000-1163,30.86,index_1
2025-02-23,"2025-02-23 13:50:21",13,Sun,2025-02,card,Cappuccino,identified,ANON-0000-0000-1242,35.76,index_1
2025-02-23,"2025-02-23 14:02:03",14,Sun,2025-02,card,Cocoa,identified,ANON-0000-0000-1156,35.76,index_1
2025-02-23,"2025-02-23 15:09:53",15,Sun,2025-02,card,Americano,anonymous,,25.0,index_2
2025-02-23,"2025-02-23 15:19:14",15,Sun,2025-02,card,"Americano with milk",anonymous,,25.0,index_2
2025-02-23,"2025-02-23 15:57:49",15,Sun,2025-02,cash,"Double Irish whiskey",anonymous,,28.0,index_2
2025-02-23,"2025-02-23 17:27:44",17,Sun,2025-02,card,Americano,identified,ANON-0000-0000-1243,25.96,index_1
2025-02-24,"2025-02-24 09:14:53",9,Mon,2025-02,card,"Americano with Milk",identified,ANON-0000-0000-1220,30.86,index_1
2025-02-24,"2025-02-24 09:45:10",9,Mon,2025-02,card,Latte,identified,ANON-0000-0000-1244,35.76,index_1
2025-02-24,"2025-02-24 10:02:48",10,Mon,2025-02,card,Americano,identified,ANON-0000-0000-1163,25.96,index_1
2025-02-24,"2025-02-24 10:09:12",10,Mon,2025-02,card,"Americano with Milk",identified,ANON-0000-0000-1245,30.86,index_1
2025-02-24,"2025-02-24 10:10:21",10,Mon,2025-02,card,"Americano with Milk",identified,ANON-0000-0000-1245,30.86,index_1
2025-02-24,"2025-02-24 10:47:47",10,Mon,2025-02,card,Cocoa,identified,ANON-0000-0000-1244,35.76,index_1
2025-02-24,"2025-02-24 12:58:41",12,Mon,2025-02,card,Latte,identified,ANON-0000-0000-1191,35.76,index_1
2025-02-24,"2025-02-24 13:00:01",13,Mon,2025-02,card,Cocoa,identified,ANON-0000-0000-1191,35.76,index_1
2025-02-24,"2025-02-24 13:23:23",13,Mon,2025-02,card,Tea,anonymous,,15.0,index_2
2025-02-24,"2025-02-24 15:40:01",15,Mon,2025-02,card,"Americano with Milk",identified,ANON-0000-0000-1163,30.86,index_1
2025-02-24,"2025-02-24 16:00:06",16,Mon,2025-02,card,Cocoa,identified,ANON-0000-0000-1246,35.76,index_1
2025-02-24,"2025-02-24 16:10:23",16,Mon,2025-02,card,Cappuccino,identified,ANON-0000-0000-1184,35.76,index_1
2025-02-24,"2025-02-24 16:28:52",16,Mon,2025-02,card,Latte,identified,ANON-0000-0000-1177,35.76,index_1
2025-02-24,"2025-02-24 16:59:38",16,Mon,2025-02,card,Americano,identified,ANON-0000-0000-1170,25.96,index_1
2025-02-24,"2025-02-24 17:00:44",17,Mon,2025-02,card,Americano,identified,ANON-0000-0000-1170,25.96,index_1
2025-02-24,"2025-02-24 17:37:38",17,Mon,2025-02,card,"Americano with Milk",identified,ANON-0000-0000-1222,30.86,index_1
2025-02-24,"2025-02-24 18:07:01",18,Mon,2025-02,card,"Americano with Milk",identified,ANON-0000-0000-1162,30.86,index_1
2025-02-24,"2025-02-24 18:21:57",18,Mon,2025-02,card,Latte,identified,ANON-0000-0000-1191,35.76,index_1
2025-02-24,"2025-02-24 18:32:28",18,Mon,2025-02,card,"Caramel with Irish whiskey",anonymous,,28.0,index_2
2025-02-24,"2025-02-24 18:33:49",18,Mon,2025-02,card,"Caramel with Irish whiskey",anonymous,,28.0,index_2
2025-02-24,"2025-02-24 19:04:34",19,Mon,2025-02,card,"Americano with Milk",identified,ANON-0000-0000-0878,30.86,index_1
2025-02-24,"2025-02-24 19:24:10",19,Mon,2025-02,card,"Hot Chocolate",identified,ANON-0000-0000-1179,35.76,index_1
2025-02-24,"2025-02-24 19:24:54",19,Mon,2025-02,card,Latte,identified,ANON-0000-0000-1247,35.76,index_1
2025-02-24,"2025-02-24 19:26:14",19,Mon,2025-02,card,Cocoa,identified,ANON-0000-0000-1179,35.76,index_1
2025-02-24,"2025-02-24 20:14:51",20,Mon,2025-02,card,Cocoa,identified,ANON-0000-0000-1156,35.76,index_1
2025-02-24,"2025-02-24 20:15:01",20,Mon,2025-02,card,"Caramel with milk",anonymous,,25.0,index_2
2025-02-25,"2025-02-25 08:00:39",8,Tue,2025-02,card,"Americano with Milk",identified,ANON-0000-0000-1153,30.86,index_1
2025-02-25,"2025-02-25 08:49:21",8,Tue,2025-02,card,Americano,identified,ANON-0000-0000-1152,25.96,index_1
2025-02-25,"2025-02-25 08:50:14",8,Tue,2025-02,card,"Americano with Milk",identified,ANON-0000-0000-1152,30.86,index_1
2025-02-25,"2025-02-25 10:02:44",10,Tue,2025-02,card,Espresso,identified,ANON-0000-0000-1237,21.06,index_1
2025-02-25,"2025-02-25 11:03:33",11,Tue,2025-02,card,Americano,identified,ANON-0000-0000-1170,25.96,index_1
2025-02-25,"2025-02-25 11:04:26",11,Tue,2025-02,card,Americano,identified,ANON-0000-0000-1152,25.96,index_1
2025-02-25,"2025-02-25 12:20:41",12,Tue,2025-02,card,Cappuccino,identified,ANON-0000-0000-1184,35.76,index_1
2025-02-25,"2025-02-25 14:14:18",14,Tue,2025-02,card,Cappuccino,identified,ANON-0000-0000-1161,35.76,index_1
2025-02-25,"2025-02-25 16:49:37",16,Tue,2025-02,card,Americano,identified,ANON-0000-0000-0019,25.96,index_1
2025-02-25,"2025-02-25 16:50:35",16,Tue,2025-02,card,Americano,identified,ANON-0000-0000-0019,25.96,index_1
2025-02-25,"2025-02-25 18:19:09",18,Tue,2025-02,card,Cocoa,identified,ANON-0000-0000-1234,35.76,index_1
2025-02-25,"2025-02-25 19:32:40",19,Tue,2025-02,card,Cappuccino,identified,ANON-0000-0000-1152,35.76,index_1
2025-02-25,"2025-02-25 21:41:58",21,Tue,2025-02,card,"Coffee with Irish whiskey",anonymous,,29.0,index_2
2025-02-25,"2025-02-25 21:43:45",21,Tue,2025-02,card,Latte,anonymous,,33.0,index_2
2025-02-26,"2025-02-26 08:57:37",8,Wed,2025-02,card,Americano,identified,ANON-0000-0000-1170,25.96,index_1
2025-02-26,"2025-02-26 09:41:12",9,Wed,2025-02,cash,"Americano with milk",anonymous,,25.0,index_2
2025-02-26,"2025-02-26 09:41:12",9,Wed,2025-02,cash,"Americano with milk",anonymous,,25.0,index_2
2025-02-26,"2025-02-26 10:11:27",10,Wed,2025-02,card,"Americano with Milk",identified,ANON-0000-0000-1248,30.86,index_1
2025-02-26,"2025-02-26 10:12:25",10,Wed,2025-02,card,"Americano with Milk",identified,ANON-0000-0000-1248,30.86,index_1
2025-02-26,"2025-02-26 10:16:57",10,Wed,2025-02,card,"Hot Chocolate",identified,ANON-0000-0000-1155,35.76,index_1
2025-02-26,"2025-02-26 10:29:33",10,Wed,2025-02,cash,"Irish whiskey",anonymous,,25.0,index_2
2025-02-26,"2025-02-26 11:31:35",11,Wed,2025-02,card,Latte,anonymous,,33.0,index_2
2025-02-26,"2025-02-26 11:36:20",11,Wed,2025-02,card,"Irish whiskey with milk",anonymous,,27.0,index_2
2025-02-26,"2025-02-26 11:44:39",11,Wed,2025-02,cash,Tea,anonymous,,15.0,index_2
2025-02-26,"2025-02-26 11:49:57",11,Wed,2025-02,cash,Espresso,anonymous,,20.0,index_2
2025-02-26,"2025-02-26 11:56:36",11,Wed,2025-02,card,Tea,anonymous,,15.0,index_2
2025-02-26,"2025-02-26 12:00:27",12,Wed,2025-02,card,Tea,anonymous,,15.0,index_2
2025-02-26,"2025-02-26 12:17:03",12,Wed,2025-02,card,Tea,anonymous,,15.0,index_2
2025-02-26,"2025-02-26 12:22:20",12,Wed,2025-02,card,Tea,anonymous,,15.0,index_2
2025-02-26,"2025-02-26 13:11:29",13,Wed,2025-02,cash,Latte,anonymous,,33.0,index_2
2025-02-26,"2025-02-26 13:13:26",13,Wed,2025-02,card,Cocoa,identified,ANON-0000-0000-1168,35.76,index_1
2025-02-26,"2025-02-26 13:31:23",13,Wed,2025-02,card,Latte,identified,ANON-0000-0000-1191,35.76,index_1
2025-02-26,"2025-02-26 14:53:33",14,Wed,2025-02,card,Latte,anonymous,,33.0,index_2
2025-02-26,"2025-02-26 15:01:58",15,Wed,2025-02,card,Americano,identified,ANON-0000-0000-1110,25.96,index_1
2025-02-26,"2025-02-26 15:14:47",15,Wed,2025-02,card,Americano,identified,ANON-0000-0000-1249,25.96,index_1
2025-02-26,"2025-02-26 15:17:24",15,Wed,2025-02,card,Cortado,identified,ANON-0000-0000-1247,25.96,index_1
2025-02-26,"2025-02-26 15:20:02",15,Wed,2025-02,card,"Hot Chocolate",identified,ANON-0000-0000-1250,35.76,index_1
2025-02-26,"2025-02-26 15:20:48",15,Wed,2025-02,card,Americano,identified,ANON-0000-0000-1250,25.96,index_1
2025-02-26,"2025-02-26 15:28:45",15,Wed,2025-02,card,Americano,identified,ANON-0000-0000-1190,25.96,index_1
2025-02-26,"2025-02-26 16:20:46",16,Wed,2025-02,card,Latte,identified,ANON-0000-0000-1164,35.76,index_1
2025-02-26,"2025-02-26 16:45:34",16,Wed,2025-02,card,"Irish whiskey with milk",anonymous,,27.0,index_2
2025-02-26,"2025-02-26 16:55:13",16,Wed,2025-02,card,"Hot Chocolate",identified,ANON-0000-0000-1165,35.76,index_1
2025-02-26,"2025-02-26 16:55:59",16,Wed,2025-02,card,Latte,identified,ANON-0000-0000-1191,35.76,index_1
2025-02-26,"2025-02-26 17:08:45",17,Wed,2025-02,card,"Coffee with Irish whiskey",anonymous,,29.0,index_2
2025-02-26,"2025-02-26 17:13:28",17,Wed,2025-02,card,"Caramel with milk",anonymous,,25.0,index_2
2025-02-26,"2025-02-26 17:22:44",17,Wed,2025-02,card,"Americano with Milk",identified,ANON-0000-0000-1166,30.86,index_1
2025-02-26,"2025-02-26 18:11:24",18,Wed,2025-02,card,Latte,identified,ANON-0000-0000-1163,35.76,index_1
2025-02-26,"2025-02-26 18:13:50",18,Wed,2025-02,card,Cappuccino,identified,ANON-0000-0000-1163,35.76,index_1
2025-02-26,"2025-02-26 20:49:00",20,Wed,2025-02,card,"Caramel with chocolate",anonymous,,28.0,index_2
2025-02-27,"2025-02-27 07:19:00",7,Thu,2025-02,card,Cappuccino,identified,ANON-0000-0000-1163,35.76,index_1
2025-02-27,"2025-02-27 07:21:00",7,Thu,2025-02,card,Cappuccino,identified,ANON-0000-0000-1161,35.76,index_1
2025-02-27,"2025-02-27 10:52:29",10,Thu,2025-02,card,Espresso,identified,ANON-0000-0000-1237,21.06,index_1
2025-02-27,"2025-02-27 11:08:16",11,Thu,2025-02,card,Cocoa,identified,ANON-0000-0000-1168,35.76,index_1
2025-02-27,"2025-02-27 11:37:57",11,Thu,2025-02,cash,"Americano with milk",anonymous,,25.0,index_2
2025-02-27,"2025-02-27 12:48:15",12,Thu,2025-02,card,Cocoa,identified,ANON-0000-0000-1251,35.76,index_1
2025-02-27,"2025-02-27 13:29:48",13,Thu,2025-02,card,"Americano with Milk",identified,ANON-0000-0000-1252,30.86,index_1
2025-02-27,"2025-02-27 14:23:16",14,Thu,2025-02,card,Americano,identified,ANON-0000-0000-1163,25.96,index_1
2025-02-27,"2025-02-27 14:43:19",14,Thu,2025-02,card,Latte,identified,ANON-0000-0000-1253,35.76,index_1
2025-02-27,"2025-02-27 15:47:50",15,Thu,2025-02,card,Americano,identified,ANON-0000-0000-1170,25.96,index_1
2025-02-27,"2025-02-27 16:28:28",16,Thu,2025-02,card,Americano,identified,ANON-0000-0000-1170,25.96,index_1
2025-02-27,"2025-02-27 17:04:29",17,Thu,2025-02,cash,Tea,anonymous,,15.0,index_2
2025-02-27,"2025-02-27 17:12:55",17,Thu,2025-02,card,Americano,identified,ANON-0000-0000-1190,25.96,index_1
2025-02-27,"2025-02-27 17:23:10",17,Thu,2025-02,card,Americano,identified,ANON-0000-0000-1170,25.96,index_1
2025-02-27,"2025-02-27 17:53:13",17,Thu,2025-02,card,Latte,identified,ANON-0000-0000-1254,35.76,index_1
2025-02-27,"2025-02-27 18:17:28",18,Thu,2025-02,card,Latte,identified,ANON-0000-0000-1208,35.76,index_1
2025-02-27,"2025-02-27 18:38:40",18,Thu,2025-02,card,Cappuccino,identified,ANON-0000-0000-1184,35.76,index_1
2025-02-27,"2025-02-27 18:40:01",18,Thu,2025-02,card,Cocoa,identified,ANON-0000-0000-1179,35.76,index_1
2025-02-27,"2025-02-27 18:40:52",18,Thu,2025-02,card,Cocoa,identified,ANON-0000-0000-1179,35.76,index_1
2025-02-27,"2025-02-27 19:14:15",19,Thu,2025-02,card,Latte,identified,ANON-0000-0000-1215,35.76,index_1
2025-02-27,"2025-02-27 20:02:07",20,Thu,2025-02,card,Cappuccino,identified,ANON-0000-0000-0046,35.76,index_1
2025-02-28,"2025-02-28 06:52:45",6,Fri,2025-02,card,"Americano with Milk",identified,ANON-0000-0000-1163,30.86,index_1
2025-02-28,"2025-02-28 06:54:59",6,Fri,2025-02,card,"Americano with Milk",identified,ANON-0000-0000-1163,30.86,index_1
2025-02-28,"2025-02-28 07:18:36",7,Fri,2025-02,card,Cappuccino,identified,ANON-0000-0000-1161,35.76,index_1
2025-02-28,"2025-02-28 07:58:50",7,Fri,2025-02,card,"Americano with milk",anonymous,,25.0,index_2
2025-02-28,"2025-02-28 08:09:57",8,Fri,2025-02,card,Espresso,identified,ANON-0000-0000-1255,21.06,index_1
2025-02-28,"2025-02-28 09:02:38",9,Fri,2025-02,card,"Americano with Milk",identified,ANON-0000-0000-1162,30.86,index_1
2025-02-28,"2025-02-28 12:02:54",12,Fri,2025-02,cash,Espresso,anonymous,,20.0,index_2
2025-02-28,"2025-02-28 14:40:03",14,Fri,2025-02,cash,Latte,anonymous,,33.0,index_2
2025-02-28,"2025-02-28 14:42:05",14,Fri,2025-02,cash,Latte,anonymous,,33.0,index_2
2025-02-28,"2025-02-28 14:44:28",14,Fri,2025-02,card,Americano,identified,ANON-0000-0000-1110,25.96,index_1
2025-02-28,"2025-02-28 14:45:22",14,Fri,2025-02,card,Americano,identified,ANON-0000-0000-1110,25.96,index_1
2025-02-28,"2025-02-28 14:47:52",14,Fri,2025-02,card,Americano,identified,ANON-0000-0000-1163,25.96,index_1
2025-02-28,"2025-02-28 14:52:02",14,Fri,2025-02,card,Latte,identified,ANON-0000-0000-1191,35.76,index_1
2025-02-28,"2025-02-28 15:19:18",15,Fri,2025-02,card,Americano,identified,ANON-0000-0000-1110,25.96,index_1
2025-02-28,"2025-02-28 15:39:43",15,Fri,2025-02,cash,Cappuccino,anonymous,,30.0,index_2
2025-02-28,"2025-02-28 15:42:11",15,Fri,2025-02,cash,"Americano with milk",anonymous,,25.0,index_2
2025-02-28,"2025-02-28 16:22:27",16,Fri,2025-02,card,Cocoa,identified,ANON-0000-0000-1156,35.76,index_1
2025-02-28,"2025-02-28 16:30:06",16,Fri,2025-02,card,Americano,identified,ANON-0000-0000-1170,25.96,index_1
2025-02-28,"2025-02-28 17:21:00",17,Fri,2025-02,card,Latte,identified,ANON-0000-0000-1191,35.76,index_1
2025-02-28,"2025-02-28 17:31:04",17,Fri,2025-02,card,"Americano with Milk",identified,ANON-0000-0000-1256,30.86,index_1
2025-02-28,"2025-02-28 17:32:16",17,Fri,2025-02,card,Americano,identified,ANON-0000-0000-1170,25.96,index_1
2025-02-28,"2025-02-28 17:33:49",17,Fri,2025-02,card,Americano,identified,ANON-0000-0000-1190,25.96,index_1
2025-02-28,"2025-02-28 18:53:49",18,Fri,2025-02,card,Latte,identified,ANON-0000-0000-1257,35.76,index_1
2025-02-28,"2025-02-28 19:54:43",19,Fri,2025-02,card,"Super chocolate",anonymous,,28.0,index_2
2025-02-28,"2025-02-28 22:14:42",22,Fri,2025-02,card,"Double Irish whiskey",anonymous,,28.0,index_2
2025-02-28,"2025-02-28 22:32:32",22,Fri,2025-02,card,"Americano with milk",anonymous,,25.0,index_2
2025-03-01,"2025-03-01 10:31:45",10,Sat,2025-03,card,Cappuccino,identified,ANON-0000-0000-1184,35.76,index_1
2025-03-01,"2025-03-01 11:24:04",11,Sat,2025-03,card,Americano,identified,ANON-0000-0000-1190,25.96,index_1
2025-03-01,"2025-03-01 11:27:58",11,Sat,2025-03,card,Americano,identified,ANON-0000-0000-1198,25.96,index_1
2025-03-01,"2025-03-01 11:37:35",11,Sat,2025-03,cash,Cappuccino,anonymous,,30.0,index_2
2025-03-01,"2025-03-01 11:43:55",11,Sat,2025-03,cash,"Americano with milk",anonymous,,25.0,index_2
2025-03-01,"2025-03-01 12:48:46",12,Sat,2025-03,cash,Tea,anonymous,,15.0,index_2
2025-03-01,"2025-03-01 14:43:23",14,Sat,2025-03,card,Latte,identified,ANON-0000-0000-1254,35.76,index_1
2025-03-01,"2025-03-01 14:48:41",14,Sat,2025-03,card,"Chocolate with milk",anonymous,,27.0,index_2
2025-03-01,"2025-03-01 15:02:31",15,Sat,2025-03,card,Americano,identified,ANON-0000-0000-1152,25.96,index_1
2025-03-01,"2025-03-01 15:08:20",15,Sat,2025-03,card,"Americano with Milk",identified,ANON-0000-0000-1157,30.86,index_1
2025-03-01,"2025-03-01 16:35:56",16,Sat,2025-03,card,"Irish whiskey with milk",anonymous,,27.0,index_2
2025-03-01,"2025-03-01 16:42:13",16,Sat,2025-03,card,Cappuccino,identified,ANON-0000-0000-1184,35.76,index_1
2025-03-01,"2025-03-01 17:08:33",17,Sat,2025-03,card,Americano,identified,ANON-0000-0000-1258,25.96,index_1
2025-03-02,"2025-03-02 09:58:15",9,Sun,2025-03,card,Cocoa,identified,ANON-0000-0000-1163,35.76,index_1
2025-03-02,"2025-03-02 11:18:50",11,Sun,2025-03,card,"Americano with milk",anonymous,,25.0,index_2
2025-03-02,"2025-03-02 11:20:34",11,Sun,2025-03,card,Cappuccino,anonymous,,30.0,index_2
2025-03-02,"2025-03-02 12:16:41",12,Sun,2025-03,card,"Caramel coffee",anonymous,,28.0,index_2
2025-03-02,"2025-03-02 12:17:36",12,Sun,2025-03,card,Latte,identified,ANON-0000-0000-1189,35.76,index_1
2025-03-02,"2025-03-02 12:48:05",12,Sun,2025-03,cash,"Coffee with chocolate",anonymous,,28.0,index_2
2025-03-02,"2025-03-02 12:48:05",12,Sun,2025-03,cash,Cappuccino,anonymous,,30.0,index_2
2025-03-02,"2025-03-02 13:36:19",13,Sun,2025-03,card,"Americano with Milk",identified,ANON-0000-0000-1217,30.86,index_1
2025-03-02,"2025-03-02 14:54:16",14,Sun,2025-03,cash,"Super chocolate",anonymous,,28.0,index_2
2025-03-02,"2025-03-02 15:22:17",15,Sun,2025-03,card,"Americano with Milk",identified,ANON-0000-0000-1152,30.86,index_1
2025-03-02,"2025-03-02 15:23:15",15,Sun,2025-03,card,Americano,identified,ANON-0000-0000-1152,25.96,index_1
2025-03-02,"2025-03-02 15:24:45",15,Sun,2025-03,card,Americano,identified,ANON-0000-0000-1190,25.96,index_1
2025-03-02,"2025-03-02 16:09:56",16,Sun,2025-03,card,"Irish whiskey",anonymous,,25.0,index_2
2025-03-02,"2025-03-02 20:12:18",20,Sun,2025-03,card,"Chocolate with milk",anonymous,,27.0,index_2
2025-03-02,"2025-03-02 20:13:42",20,Sun,2025-03,card,"Irish whiskey with milk",anonymous,,27.0,index_2
2025-03-02,"2025-03-02 20:16:54",20,Sun,2025-03,card,Latte,anonymous,,33.0,index_2
2025-03-02,"2025-03-02 20:30:04",20,Sun,2025-03,cash,"Caramel with milk",anonymous,,25.0,index_2
2025-03-03,"2025-03-03 08:24:01",8,Mon,2025-03,card,Cappuccino,identified,ANON-0000-0000-1161,35.76,index_1
2025-03-03,"2025-03-03 09:46:51",9,Mon,2025-03,card,Cocoa,identified,ANON-0000-0000-1244,35.76,index_1
2025-03-03,"2025-03-03 09:48:39",9,Mon,2025-03,card,Latte,identified,ANON-0000-0000-1244,35.76,index_1
2025-03-03,"2025-03-03 10:21:24",10,Mon,2025-03,card,"Hot Chocolate",identified,ANON-0000-0000-1227,35.76,index_1
2025-03-03,"2025-03-03 10:24:46",10,Mon,2025-03,card,"Hot Chocolate",identified,ANON-0000-0000-1259,35.76,index_1
2025-03-03,"2025-03-03 10:40:15",10,Mon,2025-03,card,"Americano with milk",anonymous,,25.0,index_2
2025-03-03,"2025-03-03 11:08:15",11,Mon,2025-03,card,"Irish whiskey",anonymous,,25.0,index_2
2025-03-03,"2025-03-03 11:14:04",11,Mon,2025-03,card,"Irish whiskey",anonymous,,25.0,index_2
2025-03-03,"2025-03-03 11:24:26",11,Mon,2025-03,card,"Irish with chocolate",anonymous,,27.0,index_2
2025-03-03,"2025-03-03 12:58:08",12,Mon,2025-03,card,Cappuccino,identified,ANON-0000-0000-1184,35.76,index_1
2025-03-03,"2025-03-03 15:11:01",15,Mon,2025-03,card,Latte,identified,ANON-0000-0000-1191,35.76,index_1
2025-03-03,"2025-03-03 15:47:58",15,Mon,2025-03,card,Americano,identified,ANON-0000-0000-1167,25.96,index_1
2025-03-03,"2025-03-03 16:14:50",16,Mon,2025-03,card,Cocoa,identified,ANON-0000-0000-1196,35.76,index_1
2025-03-03,"2025-03-03 16:16:35",16,Mon,2025-03,card,Latte,identified,ANON-0000-0000-1191,35.76,index_1
2025-03-03,"2025-03-03 16:18:27",16,Mon,2025-03,card,Latte,identified,ANON-0000-0000-1164,35.76,index_1
2025-03-03,"2025-03-03 16:23:33",16,Mon,2025-03,card,"Caramel with Irish whiskey",anonymous,,28.0,index_2
2025-03-03,"2025-03-03 16:40:29",16,Mon,2025-03,card,Cappuccino,identified,ANON-0000-0000-1158,35.76,index_1
2025-03-03,"2025-03-03 16:42:22",16,Mon,2025-03,card,Cappuccino,identified,ANON-0000-0000-1158,35.76,index_1
2025-03-03,"2025-03-03 16:52:11",16,Mon,2025-03,card,Americano,identified,ANON-0000-0000-1170,25.96,index_1
2025-03-03,"2025-03-03 17:28:42",17,Mon,2025-03,card,"Americano with Milk",identified,ANON-0000-0000-1256,30.86,index_1
2025-03-03,"2025-03-03 17:31:22",17,Mon,2025-03,card,Americano,identified,ANON-0000-0000-1198,25.96,index_1
2025-03-03,"2025-03-03 17:32:18",17,Mon,2025-03,card,"Hot Chocolate",identified,ANON-0000-0000-1198,35.76,index_1
2025-03-03,"2025-03-03 17:32:58",17,Mon,2025-03,card,Americano,identified,ANON-0000-0000-1198,25.96,index_1
2025-03-03,"2025-03-03 17:57:32",17,Mon,2025-03,card,"Hot Chocolate",identified,ANON-0000-0000-1179,35.76,index_1
2025-03-03,"2025-03-03 17:58:27",17,Mon,2025-03,card,"Hot Chocolate",identified,ANON-0000-0000-1178,35.76,index_1
2025-03-03,"2025-03-03 18:03:05",18,Mon,2025-03,card,"Americano with Milk",identified,ANON-0000-0000-1162,30.86,index_1
2025-03-03,"2025-03-03 18:46:52",18,Mon,2025-03,card,Latte,identified,ANON-0000-0000-1257,35.76,index_1
2025-03-03,"2025-03-03 21:58:37",21,Mon,2025-03,card,"Americano with milk",anonymous,,25.0,index_2
2025-03-04,"2025-03-04 07:19:21",7,Tue,2025-03,card,Cappuccino,identified,ANON-0000-0000-1161,35.76,index_1
2025-03-04,"2025-03-04 07:31:55",7,Tue,2025-03,card,Americano,identified,ANON-0000-0000-1163,25.96,index_1
2025-03-04,"2025-03-04 08:51:45",8,Tue,2025-03,card,"Americano with Milk",identified,ANON-0000-0000-1187,30.86,index_1
2025-03-04,"2025-03-04 09:09:31",9,Tue,2025-03,card,Americano,identified,ANON-0000-0000-1163,25.96,index_1
2025-03-04,"2025-03-04 09:10:22",9,Tue,2025-03,card,Americano,identified,ANON-0000-0000-1163,25.96,index_1
2025-03-04,"2025-03-04 09:58:37",9,Tue,2025-03,card,Americano,identified,ANON-0000-0000-1260,25.96,index_1
2025-03-04,"2025-03-04 11:04:01",11,Tue,2025-03,card,"Americano with Milk",identified,ANON-0000-0000-1222,30.86,index_1
2025-03-04,"2025-03-04 11:05:06",11,Tue,2025-03,card,Americano,identified,ANON-0000-0000-1176,25.96,index_1
2025-03-04,"2025-03-04 11:46:41",11,Tue,2025-03,card,Americano,identified,ANON-0000-0000-1167,25.96,index_1
2025-03-04,"2025-03-04 11:47:24",11,Tue,2025-03,card,Americano,identified,ANON-0000-0000-1167,25.96,index_1
2025-03-04,"2025-03-04 11:51:34",11,Tue,2025-03,card,Americano,identified,ANON-0000-0000-1110,25.96,index_1
2025-03-04,"2025-03-04 12:25:59",12,Tue,2025-03,card,Cocoa,identified,ANON-0000-0000-1189,35.76,index_1
2025-03-04,"2025-03-04 16:48:58",16,Tue,2025-03,card,Americano,identified,ANON-0000-0000-1167,25.96,index_1
2025-03-04,"2025-03-04 18:43:21",18,Tue,2025-03,card,Cocoa,identified,ANON-0000-0000-1234,35.76,index_1
2025-03-04,"2025-03-04 19:10:09",19,Tue,2025-03,card,Latte,identified,ANON-0000-0000-1174,35.76,index_1
2025-03-04,"2025-03-04 20:09:00",20,Tue,2025-03,card,Latte,identified,ANON-0000-0000-1246,35.76,index_1
2025-03-05,"2025-03-05 08:39:51",8,Wed,2025-03,card,"Americano with Milk",identified,ANON-0000-0000-1163,30.86,index_1
2025-03-05,"2025-03-05 09:38:24",9,Wed,2025-03,card,Americano,identified,ANON-0000-0000-1167,25.96,index_1
2025-03-05,"2025-03-05 10:01:14",10,Wed,2025-03,card,Americano,identified,ANON-0000-0000-1198,25.96,index_1
2025-03-05,"2025-03-05 10:02:04",10,Wed,2025-03,card,Americano,identified,ANON-0000-0000-1198,25.96,index_1
2025-03-05,"2025-03-05 10:10:50",10,Wed,2025-03,card,Cappuccino,identified,ANON-0000-0000-1261,35.76,index_1
2025-03-05,"2025-03-05 10:40:34",10,Wed,2025-03,card,"Americano with Milk",identified,ANON-0000-0000-1248,30.86,index_1
2025-03-05,"2025-03-05 11:08:31",11,Wed,2025-03,card,Cappuccino,identified,ANON-0000-0000-1184,35.76,index_1
2025-03-05,"2025-03-05 11:10:54",11,Wed,2025-03,card,Cocoa,identified,ANON-0000-0000-1262,35.76,index_1
2025-03-05,"2025-03-05 11:29:31",11,Wed,2025-03,card,"Irish whiskey",anonymous,,25.0,index_2
2025-03-05,"2025-03-05 11:38:51",11,Wed,2025-03,card,Americano,identified,ANON-0000-0000-1198,25.96,index_1
2025-03-05,"2025-03-05 11:39:26",11,Wed,2025-03,card,"Vanilla coffee",anonymous,,27.0,index_2
2025-03-05,"2025-03-05 11:41:22",11,Wed,2025-03,card,Americano,identified,ANON-0000-0000-1167,25.96,index_1
2025-03-05,"2025-03-05 12:12:56",12,Wed,2025-03,card,Americano,identified,ANON-0000-0000-1110,25.96,index_1
2025-03-05,"2025-03-05 12:34:30",12,Wed,2025-03,cash,Espresso,anonymous,,20.0,index_2
2025-03-05,"2025-03-05 13:12:49",13,Wed,2025-03,cash,Americano,anonymous,,25.0,index_2
2025-03-05,"2025-03-05 13:17:06",13,Wed,2025-03,cash,"Irish whiskey with milk",anonymous,,27.0,index_2
2025-03-05,"2025-03-05 15:07:50",15,Wed,2025-03,card,Latte,identified,ANON-0000-0000-1191,35.76,index_1
2025-03-05,"2025-03-05 15:21:35",15,Wed,2025-03,card,Latte,identified,ANON-0000-0000-1164,35.76,index_1
2025-03-05,"2025-03-05 15:25:11",15,Wed,2025-03,card,"Hot Chocolate",identified,ANON-0000-0000-1165,35.76,index_1
2025-03-05,"2025-03-05 17:09:56",17,Wed,2025-03,card,"Americano with Milk",identified,ANON-0000-0000-1222,30.86,index_1
2025-03-05,"2025-03-05 17:16:23",17,Wed,2025-03,card,Espresso,identified,ANON-0000-0000-1263,21.06,index_1
2025-03-05,"2025-03-05 17:31:40",17,Wed,2025-03,card,Latte,identified,ANON-0000-0000-1191,35.76,index_1
2025-03-05,"2025-03-05 18:13:26",18,Wed,2025-03,card,Cappuccino,identified,ANON-0000-0000-1158,35.76,index_1
2025-03-05,"2025-03-05 18:38:51",18,Wed,2025-03,card,Latte,anonymous,,33.0,index_2
2025-03-05,"2025-03-05 18:40:11",18,Wed,2025-03,card,"Americano with milk",anonymous,,25.0,index_2
2025-03-05,"2025-03-05 18:44:49",18,Wed,2025-03,card,Americano,anonymous,,25.0,index_2
2025-03-05,"2025-03-05 19:02:56",19,Wed,2025-03,card,Cocoa,identified,ANON-0000-0000-1264,35.76,index_1
2025-03-06,"2025-03-06 09:33:39",9,Thu,2025-03,card,"Hot Chocolate",identified,ANON-0000-0000-1210,35.76,index_1
2025-03-06,"2025-03-06 09:35:52",9,Thu,2025-03,card,Espresso,identified,ANON-0000-0000-1207,21.06,index_1
2025-03-06,"2025-03-06 10:48:04",10,Thu,2025-03,card,"Americano with Milk",identified,ANON-0000-0000-1207,30.86,index_1
2025-03-06,"2025-03-06 10:56:47",10,Thu,2025-03,card,Americano,identified,ANON-0000-0000-1163,25.96,index_1
2025-03-06,"2025-03-06 10:57:35",10,Thu,2025-03,card,Americano,identified,ANON-0000-0000-1163,25.96,index_1
2025-03-06,"2025-03-06 11:05:43",11,Thu,2025-03,card,Americano,identified,ANON-0000-0000-1198,25.96,index_1
2025-03-06,"2025-03-06 11:17:38",11,Thu,2025-03,card,Cappuccino,identified,ANON-0000-0000-1265,35.76,index_1
2025-03-06,"2025-03-06 13:51:33",13,Thu,2025-03,card,Latte,identified,ANON-0000-0000-1215,35.76,index_1
2025-03-06,"2025-03-06 16:06:47",16,Thu,2025-03,card,"Americano with Milk",identified,ANON-0000-0000-1216,30.86,index_1
2025-03-06,"2025-03-06 17:49:11",17,Thu,2025-03,card,Cocoa,identified,ANON-0000-0000-1163,35.76,index_1
2025-03-06,"2025-03-06 18:27:11",18,Thu,2025-03,card,Cappuccino,identified,ANON-0000-0000-1158,35.76,index_1
2025-03-06,"2025-03-06 19:22:10",19,Thu,2025-03,card,"Americano with Milk",identified,ANON-0000-0000-1153,30.86,index_1
2025-03-07,"2025-03-07 07:05:42",7,Fri,2025-03,card,Cappuccino,identified,ANON-0000-0000-1161,35.76,index_1
2025-03-07,"2025-03-07 08:45:10",8,Fri,2025-03,card,Americano,identified,ANON-0000-0000-1110,25.96,index_1
2025-03-07,"2025-03-07 08:46:03",8,Fri,2025-03,card,Americano,identified,ANON-0000-0000-1110,25.96,index_1
2025-03-07,"2025-03-07 09:02:40",9,Fri,2025-03,card,Americano,identified,ANON-0000-0000-1163,25.96,index_1
2025-03-07,"2025-03-07 10:09:57",10,Fri,2025-03,card,"Hot Chocolate",identified,ANON-0000-0000-1155,35.76,index_1
2025-03-07,"2025-03-07 10:26:34",10,Fri,2025-03,card,"Americano with Milk",identified,ANON-0000-0000-1266,30.86,index_1
2025-03-07,"2025-03-07 10:27:32",10,Fri,2025-03,card,"Americano with Milk",identified,ANON-0000-0000-1266,30.86,index_1
2025-03-07,"2025-03-07 10:41:45",10,Fri,2025-03,card,Cocoa,identified,ANON-0000-0000-1262,35.76,index_1
2025-03-07,"2025-03-07 11:50:59",11,Fri,2025-03,card,Cocoa,identified,ANON-0000-0000-1189,35.76,index_1
2025-03-07,"2025-03-07 12:03:46",12,Fri,2025-03,card,"Americano with Milk",identified,ANON-0000-0000-1157,30.86,index_1
2025-03-07,"2025-03-07 12:36:33",12,Fri,2025-03,card,"Double ristretto",anonymous,,27.0,index_2
2025-03-07,"2025-03-07 12:37:48",12,Fri,2025-03,card,"Americano with milk",anonymous,,25.0,index_2
2025-03-07,"2025-03-07 13:43:48",13,Fri,2025-03,card,"Hot Chocolate",identified,ANON-0000-0000-1210,35.76,index_1
2025-03-07,"2025-03-07 13:55:31",13,Fri,2025-03,card,Americano,identified,ANON-0000-0000-1260,25.96,index_1
2025-03-07,"2025-03-07 14:19:54",14,Fri,2025-03,card,"Irish with chocolate",anonymous,,27.0,index_2
2025-03-07,"2025-03-07 14:21:18",14,Fri,2025-03,card,"Irish whiskey",anonymous,,25.0,index_2
2025-03-07,"2025-03-07 14:53:30",14,Fri,2025-03,card,Cappuccino,identified,ANON-0000-0000-1184,35.76,index_1
2025-03-07,"2025-03-07 15:09:04",15,Fri,2025-03,card,Latte,identified,ANON-0000-0000-1191,35.76,index_1
2025-03-07,"2025-03-07 15:52:52",15,Fri,2025-03,card,Latte,identified,ANON-0000-0000-1164,35.76,index_1
2025-03-07,"2025-03-07 17:10:29",17,Fri,2025-03,card,Latte,identified,ANON-0000-0000-1191,35.76,index_1
2025-03-07,"2025-03-07 17:12:23",17,Fri,2025-03,card,"Hot Chocolate",identified,ANON-0000-0000-1165,35.76,index_1
2025-03-07,"2025-03-07 21:35:05",21,Fri,2025-03,cash,"Chocolate with milk",anonymous,,27.0,index_2
2025-03-08,"2025-03-08 09:23:44",9,Sat,2025-03,card,"Americano with Milk",identified,ANON-0000-0000-1207,30.86,index_1
2025-03-08,"2025-03-08 09:41:52",9,Sat,2025-03,card,"Americano with Milk",identified,ANON-0000-0000-1162,30.86,index_1
2025-03-08,"2025-03-08 10:54:13",10,Sat,2025-03,card,Americano,identified,ANON-0000-0000-1163,25.96,index_1
2025-03-08,"2025-03-08 11:19:45",11,Sat,2025-03,card,Americano,identified,ANON-0000-0000-1190,25.96,index_1
2025-03-08,"2025-03-08 11:20:32",11,Sat,2025-03,card,Americano,identified,ANON-0000-0000-1190,25.96,index_1
2025-03-08,"2025-03-08 11:32:24",11,Sat,2025-03,card,"Americano with milk",anonymous,,25.0,index_2
2025-03-08,"2025-03-08 12:41:19",12,Sat,2025-03,card,"Americano with Milk",identified,ANON-0000-0000-1267,30.86,index_1
2025-03-08,"2025-03-08 12:45:05",12,Sat,2025-03,card,Americano,identified,ANON-0000-0000-1110,25.96,index_1
2025-03-08,"2025-03-08 13:40:06",13,Sat,2025-03,card,Cappuccino,identified,ANON-0000-0000-1162,35.76,index_1
2025-03-08,"2025-03-08 16:35:18",16,Sat,2025-03,card,Espresso,anonymous,,20.0,index_2
2025-03-08,"2025-03-08 21:32:09",21,Sat,2025-03,card,"Hot milkshake",anonymous,,30.0,index_2
2025-03-08,"2025-03-08 21:48:58",21,Sat,2025-03,card,"Caramel with chocolate",anonymous,,28.0,index_2
2025-03-09,"2025-03-09 07:47:14",7,Sun,2025-03,card,Americano,anonymous,,25.0,index_2
2025-03-09,"2025-03-09 09:42:03",9,Sun,2025-03,card,Espresso,identified,ANON-0000-0000-1268,21.06,index_1
2025-03-09,"2025-03-09 11:25:53",11,Sun,2025-03,card,"Americano with Milk",identified,ANON-0000-0000-1269,30.86,index_1
2025-03-09,"2025-03-09 11:47:13",11,Sun,2025-03,card,Americano,anonymous,,25.0,index_2
2025-03-09,"2025-03-09 13:51:56",13,Sun,2025-03,card,Cappuccino,identified,ANON-0000-0000-1184,35.76,index_1
2025-03-09,"2025-03-09 14:18:30",14,Sun,2025-03,card,Americano,identified,ANON-0000-0000-1163,25.96,index_1
2025-03-09,"2025-03-09 15:05:27",15,Sun,2025-03,cash,Americano,anonymous,,25.0,index_2
2025-03-09,"2025-03-09 15:07:45",15,Sun,2025-03,card,Mochaccino,anonymous,,30.0,index_2
2025-03-09,"2025-03-09 15:12:41",15,Sun,2025-03,card,Cappuccino,identified,ANON-0000-0000-1153,35.76,index_1
2025-03-09,"2025-03-09 15:39:07",15,Sun,2025-03,card,Americano,identified,ANON-0000-0000-1110,25.96,index_1
2025-03-09,"2025-03-09 15:52:39",15,Sun,2025-03,card,"Americano with Milk",identified,ANON-0000-0000-1217,30.86,index_1
2025-03-09,"2025-03-09 15:53:40",15,Sun,2025-03,card,Cocoa,identified,ANON-0000-0000-1270,35.76,index_1
2025-03-09,"2025-03-09 17:32:54",17,Sun,2025-03,card,Americano,anonymous,,25.0,index_2
2025-03-09,"2025-03-09 18:05:00",18,Sun,2025-03,card,"Vanilla with Irish whiskey",anonymous,,28.0,index_2
2025-03-09,"2025-03-09 18:43:39",18,Sun,2025-03,card,"Irish whiskey with milk",anonymous,,27.0,index_2
2025-03-09,"2025-03-09 19:19:21",19,Sun,2025-03,cash,"Chocolate with milk",anonymous,,27.0,index_2
2025-03-10,"2025-03-10 08:34:43",8,Mon,2025-03,card,Americano,identified,ANON-0000-0000-1271,25.96,index_1
2025-03-10,"2025-03-10 08:35:40",8,Mon,2025-03,card,Latte,identified,ANON-0000-0000-1271,35.76,index_1
2025-03-10,"2025-03-10 09:06:27",9,Mon,2025-03,card,"Americano with Milk",identified,ANON-0000-0000-1153,30.86,index_1
2025-03-10,"2025-03-10 09:19:28",9,Mon,2025-03,card,"Hot Chocolate",identified,ANON-0000-0000-1210,35.76,index_1
2025-03-10,"2025-03-10 09:50:54",9,Mon,2025-03,card,Cocoa,identified,ANON-0000-0000-1272,35.76,index_1
2025-03-10,"2025-03-10 10:18:57",10,Mon,2025-03,card,"Hot Chocolate",identified,ANON-0000-0000-1273,35.76,index_1
2025-03-10,"2025-03-10 12:11:09",12,Mon,2025-03,cash,Americano,anonymous,,25.0,index_2
2025-03-10,"2025-03-10 12:36:14",12,Mon,2025-03,card,Americano,identified,ANON-0000-0000-1171,25.96,index_1
2025-03-10,"2025-03-10 14:01:03",14,Mon,2025-03,card,"Irish whiskey with milk",anonymous,,27.0,index_2
2025-03-10,"2025-03-10 15:25:38",15,Mon,2025-03,card,"Irish whiskey with milk",anonymous,,27.0,index_2
2025-03-10,"2025-03-10 15:32:09",15,Mon,2025-03,card,Americano,identified,ANON-0000-0000-1170,25.96,index_1
2025-03-10,"2025-03-10 15:41:57",15,Mon,2025-03,card,"Hot Chocolate",identified,ANON-0000-0000-1212,35.76,index_1
2025-03-10,"2025-03-10 16:18:00",16,Mon,2025-03,card,Latte,identified,ANON-0000-0000-1191,35.76,index_1
2025-03-10,"2025-03-10 16:18:54",16,Mon,2025-03,card,Latte,identified,ANON-0000-0000-1165,35.76,index_1
2025-03-10,"2025-03-10 16:24:25",16,Mon,2025-03,card,Cappuccino,identified,ANON-0000-0000-1274,35.76,index_1
2025-03-10,"2025-03-10 16:25:32",16,Mon,2025-03,card,"Americano with Milk",identified,ANON-0000-0000-1274,30.86,index_1
2025-03-10,"2025-03-10 18:15:54",18,Mon,2025-03,card,Americano,identified,ANON-0000-0000-1170,25.96,index_1
2025-03-10,"2025-03-10 18:48:30",18,Mon,2025-03,card,Latte,identified,ANON-0000-0000-1257,35.76,index_1
2025-03-10,"2025-03-10 18:49:22",18,Mon,2025-03,card,Latte,identified,ANON-0000-0000-1257,35.76,index_1
2025-03-10,"2025-03-10 19:26:42",19,Mon,2025-03,card,"Americano with Milk",identified,ANON-0000-0000-1157,30.86,index_1
2025-03-10,"2025-03-10 22:12:01",22,Mon,2025-03,card,Cappuccino,anonymous,,30.0,index_2
2025-03-11,"2025-03-11 07:52:45",7,Tue,2025-03,card,Cappuccino,anonymous,,30.0,index_2
2025-03-11,"2025-03-11 08:46:25",8,Tue,2025-03,card,Americano,identified,ANON-0000-0000-1170,25.96,index_1
2025-03-11,"2025-03-11 09:12:27",9,Tue,2025-03,card,Cappuccino,identified,ANON-0000-0000-1163,35.76,index_1
2025-03-11,"2025-03-11 09:27:04",9,Tue,2025-03,card,Latte,identified,ANON-0000-0000-1275,35.76,index_1
2025-03-11,"2025-03-11 10:04:22",10,Tue,2025-03,cash,"Chocolate with milk",anonymous,,27.0,index_2
2025-03-11,"2025-03-11 10:26:57",10,Tue,2025-03,card,Americano,identified,ANON-0000-0000-1170,25.96,index_1
2025-03-11,"2025-03-11 12:33:20",12,Tue,2025-03,card,Americano,identified,ANON-0000-0000-1170,25.96,index_1
2025-03-11,"2025-03-11 12:41:27",12,Tue,2025-03,cash,"Super chocolate",anonymous,,28.0,index_2
2025-03-11,"2025-03-11 13:16:54",13,Tue,2025-03,card,Americano,identified,ANON-0000-0000-1171,25.96,index_1
2025-03-11,"2025-03-11 16:29:31",16,Tue,2025-03,card,"Hot Chocolate",identified,ANON-0000-0000-1276,35.76,index_1
2025-03-11,"2025-03-11 16:30:16",16,Tue,2025-03,card,Cocoa,identified,ANON-0000-0000-1276,35.76,index_1
2025-03-11,"2025-03-11 16:49:40",16,Tue,2025-03,card,"Hot Chocolate",identified,ANON-0000-0000-1210,35.76,index_1
2025-03-11,"2025-03-11 17:46:50",17,Tue,2025-03,card,Cappuccino,identified,ANON-0000-0000-1184,35.76,index_1
2025-03-11,"2025-03-11 18:03:20",18,Tue,2025-03,card,"Irish with chocolate",anonymous,,27.0,index_2
2025-03-11,"2025-03-11 18:04:42",18,Tue,2025-03,card,"Irish with chocolate",anonymous,,27.0,index_2
2025-03-11,"2025-03-11 18:56:52",18,Tue,2025-03,card,"Americano with Milk",identified,ANON-0000-0000-1157,30.86,index_1
2025-03-11,"2025-03-11 19:07:14",19,Tue,2025-03,card,Latte,identified,ANON-0000-0000-1209,35.76,index_1
2025-03-11,"2025-03-11 20:08:56",20,Tue,2025-03,card,Cocoa,identified,ANON-0000-0000-1185,35.76,index_1
2025-03-12,"2025-03-12 07:53:08",7,Wed,2025-03,card,Latte,anonymous,,33.0,index_2
2025-03-12,"2025-03-12 08:41:17",8,Wed,2025-03,card,Americano,anonymous,,25.0,index_2
2025-03-12,"2025-03-12 11:11:39",11,Wed,2025-03,card,Cocoa,identified,ANON-0000-0000-1277,35.76,index_1
2025-03-12,"2025-03-12 11:47:34",11,Wed,2025-03,card,"Americano with Milk",identified,ANON-0000-0000-1161,30.86,index_1
2025-03-12,"2025-03-12 11:50:15",11,Wed,2025-03,card,Cappuccino,identified,ANON-0000-0000-1161,35.76,index_1
2025-03-12,"2025-03-12 11:55:55",11,Wed,2025-03,card,Americano,identified,ANON-0000-0000-1163,25.96,index_1
2025-03-12,"2025-03-12 11:56:48",11,Wed,2025-03,card,Americano,identified,ANON-0000-0000-1163,25.96,index_1
2025-03-12,"2025-03-12 12:06:11",12,Wed,2025-03,card,Americano,identified,ANON-0000-0000-1278,25.96,index_1
2025-03-12,"2025-03-12 12:55:38",12,Wed,2025-03,card,"Hot Chocolate",identified,ANON-0000-0000-1279,35.76,index_1
2025-03-12,"2025-03-12 13:01:49",13,Wed,2025-03,card,Latte,identified,ANON-0000-0000-1280,35.76,index_1
2025-03-12,"2025-03-12 13:56:23",13,Wed,2025-03,card,Latte,identified,ANON-0000-0000-1199,35.76,index_1
2025-03-12,"2025-03-12 16:27:37",16,Wed,2025-03,card,Cappuccino,identified,ANON-0000-0000-1281,35.76,index_1
2025-03-12,"2025-03-12 16:35:03",16,Wed,2025-03,card,Latte,identified,ANON-0000-0000-1191,35.76,index_1
2025-03-12,"2025-03-12 16:36:00",16,Wed,2025-03,card,Latte,identified,ANON-0000-0000-1165,35.76,index_1
2025-03-12,"2025-03-12 16:56:27",16,Wed,2025-03,card,"Americano with milk",anonymous,,25.0,index_2
2025-03-12,"2025-03-12 16:58:14",16,Wed,2025-03,card,"Double Irish whiskey",anonymous,,28.0,index_2
2025-03-12,"2025-03-12 18:10:34",18,Wed,2025-03,card,Americano,identified,ANON-0000-0000-1170,25.96,index_1
2025-03-12,"2025-03-12 18:17:17",18,Wed,2025-03,card,Cocoa,identified,ANON-0000-0000-1264,35.76,index_1
2025-03-12,"2025-03-12 18:24:40",18,Wed,2025-03,card,Americano,identified,ANON-0000-0000-1282,25.96,index_1
2025-03-12,"2025-03-12 18:38:56",18,Wed,2025-03,card,Cappuccino,identified,ANON-0000-0000-1158,35.76,index_1
2025-03-12,"2025-03-12 18:42:13",18,Wed,2025-03,card,Americano,identified,ANON-0000-0000-1170,25.96,index_1
2025-03-12,"2025-03-12 18:50:47",18,Wed,2025-03,card,"Americano with milk",anonymous,,25.0,index_2
2025-03-12,"2025-03-12 18:52:44",18,Wed,2025-03,card,"Americano with milk",anonymous,,25.0,index_2
2025-03-12,"2025-03-12 21:37:51",21,Wed,2025-03,card,"Irish whiskey with milk",anonymous,,27.0,index_2
2025-03-12,"2025-03-12 21:39:14",21,Wed,2025-03,card,"Irish whiskey with milk",anonymous,,27.0,index_2
2025-03-13,"2025-03-13 07:01:36",7,Thu,2025-03,card,Cappuccino,identified,ANON-0000-0000-1161,35.76,index_1
2025-03-13,"2025-03-13 08:23:17",8,Thu,2025-03,card,"Americano with Milk",identified,ANON-0000-0000-1153,30.86,index_1
2025-03-13,"2025-03-13 09:04:47",9,Thu,2025-03,card,"Americano with Milk",identified,ANON-0000-0000-1163,30.86,index_1
2025-03-13,"2025-03-13 09:20:09",9,Thu,2025-03,card,Latte,identified,ANON-0000-0000-1168,35.76,index_1
2025-03-13,"2025-03-13 09:22:04",9,Thu,2025-03,card,Espresso,identified,ANON-0000-0000-1207,21.06,index_1
2025-03-13,"2025-03-13 09:38:19",9,Thu,2025-03,card,Americano,identified,ANON-0000-0000-1283,25.96,index_1
2025-03-13,"2025-03-13 09:39:14",9,Thu,2025-03,card,"Americano with Milk",identified,ANON-0000-0000-1284,30.86,index_1
2025-03-13,"2025-03-13 11:18:02",11,Thu,2025-03,card,Americano,identified,ANON-0000-0000-1167,25.96,index_1
2025-03-13,"2025-03-13 12:13:37",12,Thu,2025-03,card,Latte,identified,ANON-0000-0000-1191,35.76,index_1
2025-03-13,"2025-03-13 14:53:50",14,Thu,2025-03,card,"Americano with Milk",identified,ANON-0000-0000-1285,30.86,index_1
2025-03-13,"2025-03-13 14:55:31",14,Thu,2025-03,card,Americano,identified,ANON-0000-0000-1194,25.96,index_1
2025-03-13,"2025-03-13 18:47:43",18,Thu,2025-03,card,Cappuccino,identified,ANON-0000-0000-1158,35.76,index_1
2025-03-14,"2025-03-14 07:55:05",7,Fri,2025-03,card,Americano,identified,ANON-0000-0000-1170,25.96,index_1
2025-03-14,"2025-03-14 08:13:40",8,Fri,2025-03,card,"Americano with Milk",identified,ANON-0000-0000-1286,30.86,index_1
2025-03-14,"2025-03-14 08:59:26",8,Fri,2025-03,card,Americano,identified,ANON-0000-0000-1271,25.96,index_1
2025-03-14,"2025-03-14 09:00:29",9,Fri,2025-03,card,Latte,identified,ANON-0000-0000-1287,35.76,index_1
2025-03-14,"2025-03-14 09:26:07",9,Fri,2025-03,card,Espresso,identified,ANON-0000-0000-1207,21.06,index_1
2025-03-14,"2025-03-14 09:28:37",9,Fri,2025-03,card,Americano,identified,ANON-0000-0000-1170,25.96,index_1
2025-03-14,"2025-03-14 10:20:51",10,Fri,2025-03,card,Americano,identified,ANON-0000-0000-1110,25.96,index_1
2025-03-14,"2025-03-14 10:48:22",10,Fri,2025-03,card,Latte,identified,ANON-0000-0000-1288,35.76,index_1
2025-03-14,"2025-03-14 10:49:27",10,Fri,2025-03,card,Cappuccino,identified,ANON-0000-0000-1288,35.76,index_1
2025-03-14,"2025-03-14 12:31:32",12,Fri,2025-03,card,"Americano with milk",anonymous,,25.0,index_2
2025-03-14,"2025-03-14 13:46:07",13,Fri,2025-03,card,"Double Irish whiskey",anonymous,,28.0,index_2
2025-03-14,"2025-03-14 14:35:17",14,Fri,2025-03,card,Americano,identified,ANON-0000-0000-1170,25.96,index_1
2025-03-14,"2025-03-14 14:36:21",14,Fri,2025-03,card,Latte,identified,ANON-0000-0000-1165,35.76,index_1
2025-03-14,"2025-03-14 15:54:20",15,Fri,2025-03,card,Latte,identified,ANON-0000-0000-1191,35.76,index_1
2025-03-14,"2025-03-14 15:55:40",15,Fri,2025-03,card,Latte,identified,ANON-0000-0000-1165,35.76,index_1
2025-03-14,"2025-03-14 15:59:44",15,Fri,2025-03,card,Latte,anonymous,,33.0,index_2
2025-03-14,"2025-03-14 16:27:04",16,Fri,2025-03,card,Americano,identified,ANON-0000-0000-1170,25.96,index_1
2025-03-14,"2025-03-14 16:31:00",16,Fri,2025-03,card,Cocoa,identified,ANON-0000-0000-1276,35.76,index_1
2025-03-14,"2025-03-14 16:31:55",16,Fri,2025-03,card,Cocoa,identified,ANON-0000-0000-1289,35.76,index_1
2025-03-14,"2025-03-14 16:32:40",16,Fri,2025-03,card,Cocoa,identified,ANON-0000-0000-1289,35.76,index_1
2025-03-14,"2025-03-14 17:05:24",17,Fri,2025-03,card,Americano,identified,ANON-0000-0000-1290,25.96,index_1
2025-03-14,"2025-03-14 17:22:14",17,Fri,2025-03,card,Americano,identified,ANON-0000-0000-1167,25.96,index_1
2025-03-14,"2025-03-14 17:27:15",17,Fri,2025-03,card,Latte,identified,ANON-0000-0000-1191,35.76,index_1
2025-03-14,"2025-03-14 17:28:38",17,Fri,2025-03,card,Latte,identified,ANON-0000-0000-1165,35.76,index_1
2025-03-14,"2025-03-14 20:20:22",20,Fri,2025-03,card,Americano,identified,ANON-0000-0000-1291,25.96,index_1
2025-03-14,"2025-03-14 21:27:31",21,Fri,2025-03,card,"Irish whiskey with milk",anonymous,,27.0,index_2
2025-03-14,"2025-03-14 21:40:43",21,Fri,2025-03,card,Americano,identified,ANON-0000-0000-1214,25.96,index_1
2025-03-15,"2025-03-15 09:53:22",9,Sat,2025-03,card,"Americano with Milk",identified,ANON-0000-0000-1163,30.86,index_1
2025-03-15,"2025-03-15 10:03:22",10,Sat,2025-03,card,Cappuccino,identified,ANON-0000-0000-1158,35.76,index_1
2025-03-15,"2025-03-15 13:12:26",13,Sat,2025-03,card,Tea,anonymous,,15.0,index_2
2025-03-15,"2025-03-15 13:15:33",13,Sat,2025-03,card,Espresso,anonymous,,20.0,index_2
2025-03-15,"2025-03-15 13:37:40",13,Sat,2025-03,card,"Irish whiskey",anonymous,,25.0,index_2
2025-03-15,"2025-03-15 13:39:02",13,Sat,2025-03,card,"Irish whiskey",anonymous,,25.0,index_2
2025-03-15,"2025-03-15 13:55:41",13,Sat,2025-03,card,Americano,identified,ANON-0000-0000-1167,25.96,index_1
2025-03-15,"2025-03-15 14:56:24",14,Sat,2025-03,card,"Irish whiskey with milk",anonymous,,27.0,index_2
2025-03-15,"2025-03-15 14:57:48",14,Sat,2025-03,card,"Chocolate with milk",anonymous,,27.0,index_2
2025-03-15,"2025-03-15 15:48:00",15,Sat,2025-03,card,"Caramel with Irish whiskey",anonymous,,28.0,index_2
2025-03-15,"2025-03-15 17:10:23",17,Sat,2025-03,card,Cappuccino,identified,ANON-0000-0000-0046,35.76,index_1
2025-03-15,"2025-03-15 17:12:08",17,Sat,2025-03,card,"Americano with Milk",identified,ANON-0000-0000-1152,30.86,index_1
2025-03-15,"2025-03-15 19:08:45",19,Sat,2025-03,card,"Irish whiskey",anonymous,,25.0,index_2
2025-03-15,"2025-03-15 19:10:04",19,Sat,2025-03,card,"Americano with milk",anonymous,,25.0,index_2
2025-03-15,"2025-03-15 19:30:36",19,Sat,2025-03,card,"Americano with Milk",identified,ANON-0000-0000-1217,30.86,index_1
2025-03-15,"2025-03-15 19:51:27",19,Sat,2025-03,card,Cappuccino,identified,ANON-0000-0000-1292,35.76,index_1
2025-03-15,"2025-03-15 21:02:14",21,Sat,2025-03,card,Latte,anonymous,,33.0,index_2
2025-03-15,"2025-03-15 21:58:17",21,Sat,2025-03,card,Cappuccino,anonymous,,30.0,index_2
2025-03-16,"2025-03-16 09:32:17",9,Sun,2025-03,card,Cappuccino,identified,ANON-0000-0000-1161,35.76,index_1
2025-03-16,"2025-03-16 09:36:23",9,Sun,2025-03,card,"Americano with Milk",identified,ANON-0000-0000-1293,30.86,index_1
2025-03-16,"2025-03-16 10:50:09",10,Sun,2025-03,card,Latte,identified,ANON-0000-0000-1294,35.76,index_1
2025-03-16,"2025-03-16 12:00:47",12,Sun,2025-03,card,"Hot Chocolate",identified,ANON-0000-0000-1294,35.76,index_1
2025-03-16,"2025-03-16 13:50:06",13,Sun,2025-03,card,"Americano with milk",anonymous,,25.0,index_2
2025-03-16,"2025-03-16 14:22:42",14,Sun,2025-03,card,Americano,identified,ANON-0000-0000-1170,25.96,index_1
2025-03-16,"2025-03-16 14:45:25",14,Sun,2025-03,card,"Americano with milk",anonymous,,25.0,index_2
2025-03-16,"2025-03-16 15:04:02",15,Sun,2025-03,cash,"Americano with milk",anonymous,,25.0,index_2
2025-03-16,"2025-03-16 16:01:45",16,Sun,2025-03,card,"Coffee with Irish whiskey",anonymous,,29.0,index_2
2025-03-17,"2025-03-17 06:54:40",6,Mon,2025-03,card,Americano,identified,ANON-0000-0000-1163,25.96,index_1
2025-03-17,"2025-03-17 08:01:14",8,Mon,2025-03,card,"Coffee with Irish whiskey",anonymous,,29.0,index_2
2025-03-17,"2025-03-17 08:09:50",8,Mon,2025-03,card,Americano,identified,ANON-0000-0000-1110,25.96,index_1
2025-03-17,"2025-03-17 08:18:02",8,Mon,2025-03,card,Americano,identified,ANON-0000-0000-1110,25.96,index_1
2025-03-17,"2025-03-17 09:02:58",9,Mon,2025-03,card,"Americano with Milk",identified,ANON-0000-0000-1153,30.86,index_1
2025-03-17,"2025-03-17 10:32:39",10,Mon,2025-03,card,Americano,identified,ANON-0000-0000-1163,25.96,index_1
2025-03-17,"2025-03-17 11:03:49",11,Mon,2025-03,card,"Irish whiskey",anonymous,,25.0,index_2
2025-03-17,"2025-03-17 13:59:00",13,Mon,2025-03,card,Americano,identified,ANON-0000-0000-1203,25.96,index_1
2025-03-17,"2025-03-17 14:21:24",14,Mon,2025-03,card,Cocoa,identified,ANON-0000-0000-1276,35.76,index_1
2025-03-17,"2025-03-17 14:22:19",14,Mon,2025-03,card,Cocoa,identified,ANON-0000-0000-1276,35.76,index_1
2025-03-17,"2025-03-17 14:48:03",14,Mon,2025-03,card,Latte,identified,ANON-0000-0000-1295,35.76,index_1
2025-03-17,"2025-03-17 15:11:17",15,Mon,2025-03,card,Cappuccino,identified,ANON-0000-0000-1158,35.76,index_1
2025-03-17,"2025-03-17 15:47:15",15,Mon,2025-03,card,Latte,identified,ANON-0000-0000-1165,35.76,index_1
2025-03-17,"2025-03-17 15:48:58",15,Mon,2025-03,card,Latte,identified,ANON-0000-0000-1191,35.76,index_1
2025-03-17,"2025-03-17 16:44:56",16,Mon,2025-03,card,Latte,anonymous,,33.0,index_2
2025-03-17,"2025-03-17 16:46:44",16,Mon,2025-03,card,Americano,identified,ANON-0000-0000-1167,25.96,index_1
2025-03-17,"2025-03-17 17:33:56",17,Mon,2025-03,card,"Coffee with Irish whiskey",anonymous,,29.0,index_2
2025-03-17,"2025-03-17 18:33:37",18,Mon,2025-03,card,"Coffee with Irish whiskey",anonymous,,29.0,index_2
2025-03-18,"2025-03-18 08:23:10",8,Tue,2025-03,card,"Americano with Milk",identified,ANON-0000-0000-1296,30.86,index_1
2025-03-18,"2025-03-18 08:25:07",8,Tue,2025-03,card,"Coffee with Irish whiskey",anonymous,,29.0,index_2
2025-03-18,"2025-03-18 08:33:49",8,Tue,2025-03,card,Latte,identified,ANON-0000-0000-1168,35.76,index_1
2025-03-18,"2025-03-18 10:49:51",10,Tue,2025-03,card,Latte,identified,ANON-0000-0000-1215,35.76,index_1
2025-03-18,"2025-03-18 10:51:17",10,Tue,2025-03,card,Americano,identified,ANON-0000-0000-1215,25.96,index_1
2025-03-18,"2025-03-18 11:47:19",11,Tue,2025-03,card,"Hot Chocolate",identified,ANON-0000-0000-1297,35.76,index_1
2025-03-18,"2025-03-18 11:48:55",11,Tue,2025-03,card,"Hot Chocolate",identified,ANON-0000-0000-1297,35.76,index_1
2025-03-18,"2025-03-18 14:43:35",14,Tue,2025-03,card,"Americano with Milk",identified,ANON-0000-0000-1293,30.86,index_1
2025-03-18,"2025-03-18 15:02:02",15,Tue,2025-03,cash,"Double Irish whiskey",anonymous,,28.0,index_2
2025-03-18,"2025-03-18 15:03:53",15,Tue,2025-03,card,Americano,identified,ANON-0000-0000-1110,25.96,index_1
2025-03-18,"2025-03-18 15:11:07",15,Tue,2025-03,card,"Americano with Milk",identified,ANON-0000-0000-1166,30.86,index_1
2025-03-18,"2025-03-18 16:09:07",16,Tue,2025-03,card,Americano,identified,ANON-0000-0000-1203,25.96,index_1
2025-03-18,"2025-03-18 16:11:45",16,Tue,2025-03,card,Latte,identified,ANON-0000-0000-1165,35.76,index_1
2025-03-18,"2025-03-18 16:23:20",16,Tue,2025-03,card,Espresso,identified,ANON-0000-0000-1203,21.06,index_1
2025-03-18,"2025-03-18 17:44:32",17,Tue,2025-03,cash,Espresso,anonymous,,20.0,index_2
2025-03-18,"2025-03-18 17:47:22",17,Tue,2025-03,card,"Irish whiskey",anonymous,,25.0,index_2
2025-03-18,"2025-03-18 18:42:30",18,Tue,2025-03,card,Cocoa,identified,ANON-0000-0000-1163,35.76,index_1
2025-03-18,"2025-03-18 18:43:17",18,Tue,2025-03,card,Cocoa,identified,ANON-0000-0000-1163,35.76,index_1
2025-03-18,"2025-03-18 19:35:21",19,Tue,2025-03,card,"Chocolate with coffee",anonymous,,30.0,index_2
2025-03-18,"2025-03-18 19:36:32",19,Tue,2025-03,card,"Chocolate with coffee",anonymous,,30.0,index_2
2025-03-18,"2025-03-18 20:00:34",20,Tue,2025-03,card,Cocoa,identified,ANON-0000-0000-1276,35.76,index_1
2025-03-18,"2025-03-18 20:01:37",20,Tue,2025-03,card,Cocoa,identified,ANON-0000-0000-1276,35.76,index_1
2025-03-18,"2025-03-18 21:20:40",21,Tue,2025-03,card,Latte,identified,ANON-0000-0000-1298,35.76,index_1
2025-03-19,"2025-03-19 07:03:07",7,Wed,2025-03,card,Americano,identified,ANON-0000-0000-1152,25.96,index_1
2025-03-19,"2025-03-19 07:04:08",7,Wed,2025-03,card,Americano,identified,ANON-0000-0000-0261,25.96,index_1
2025-03-19,"2025-03-19 07:06:34",7,Wed,2025-03,card,Cappuccino,identified,ANON-0000-0000-1161,35.76,index_1
2025-03-19,"2025-03-19 08:03:18",8,Wed,2025-03,card,Americano,identified,ANON-0000-0000-0019,25.96,index_1
2025-03-19,"2025-03-19 10:18:39",10,Wed,2025-03,card,"Hot Chocolate",identified,ANON-0000-0000-1227,35.76,index_1
2025-03-19,"2025-03-19 11:55:39",11,Wed,2025-03,card,Americano,identified,ANON-0000-0000-1110,25.96,index_1
2025-03-19,"2025-03-19 12:58:27",12,Wed,2025-03,card,Americano,identified,ANON-0000-0000-1299,25.96,index_1
2025-03-19,"2025-03-19 15:12:53",15,Wed,2025-03,card,Latte,identified,ANON-0000-0000-1295,35.76,index_1
2025-03-19,"2025-03-19 15:14:23",15,Wed,2025-03,card,Latte,identified,ANON-0000-0000-1300,35.76,index_1
2025-03-19,"2025-03-19 16:19:33",16,Wed,2025-03,card,Latte,identified,ANON-0000-0000-1191,35.76,index_1
2025-03-19,"2025-03-19 16:29:56",16,Wed,2025-03,card,Americano,identified,ANON-0000-0000-1167,25.96,index_1
2025-03-19,"2025-03-19 16:40:33",16,Wed,2025-03,card,Cappuccino,identified,ANON-0000-0000-1158,35.76,index_1
2025-03-19,"2025-03-19 16:42:16",16,Wed,2025-03,card,Cappuccino,identified,ANON-0000-0000-1158,35.76,index_1
2025-03-19,"2025-03-19 16:51:35",16,Wed,2025-03,card,Americano,identified,ANON-0000-0000-1152,25.96,index_1
2025-03-19,"2025-03-19 16:52:29",16,Wed,2025-03,card,Americano,identified,ANON-0000-0000-1110,25.96,index_1
2025-03-19,"2025-03-19 16:56:15",16,Wed,2025-03,card,"Irish whiskey",anonymous,,25.0,index_2
2025-03-19,"2025-03-19 16:59:59",16,Wed,2025-03,card,Cocoa,identified,ANON-0000-0000-1275,35.76,index_1
2025-03-19,"2025-03-19 17:09:55",17,Wed,2025-03,card,"Americano with Milk",identified,ANON-0000-0000-1219,30.86,index_1
2025-03-19,"2025-03-19 17:27:39",17,Wed,2025-03,card,"Americano with Milk",identified,ANON-0000-0000-1222,30.86,index_1
2025-03-19,"2025-03-19 17:38:00",17,Wed,2025-03,card,"Chocolate with milk",anonymous,,27.0,index_2
2025-03-19,"2025-03-19 17:42:13",17,Wed,2025-03,cash,Mochaccino,anonymous,,30.0,index_2
2025-03-19,"2025-03-19 17:44:09",17,Wed,2025-03,cash,Latte,anonymous,,33.0,index_2
2025-03-19,"2025-03-19 18:29:50",18,Wed,2025-03,card,Cortado,identified,ANON-0000-0000-1301,25.96,index_1
2025-03-19,"2025-03-19 18:30:44",18,Wed,2025-03,card,Espresso,identified,ANON-0000-0000-1302,21.06,index_1
2025-03-19,"2025-03-19 18:31:25",18,Wed,2025-03,card,Espresso,identified,ANON-0000-0000-1303,21.06,index_1
2025-03-19,"2025-03-19 19:42:58",19,Wed,2025-03,cash,"Double chocolate",anonymous,,25.0,index_2
2025-03-20,"2025-03-20 08:10:49",8,Thu,2025-03,card,"Irish whiskey",anonymous,,25.0,index_2
2025-03-20,"2025-03-20 08:13:16",8,Thu,2025-03,card,"Americano with Milk",identified,ANON-0000-0000-1304,30.86,index_1
2025-03-20,"2025-03-20 09:52:04",9,Thu,2025-03,card,"Americano with Milk",identified,ANON-0000-0000-1152,30.86,index_1
2025-03-20,"2025-03-20 10:06:44",10,Thu,2025-03,card,"Americano with Milk",identified,ANON-0000-0000-1293,30.86,index_1
2025-03-20,"2025-03-20 10:45:44",10,Thu,2025-03,card,Americano,identified,ANON-0000-0000-1305,25.96,index_1
2025-03-20,"2025-03-20 10:55:17",10,Thu,2025-03,card,Americano,identified,ANON-0000-0000-1110,25.96,index_1
2025-03-20,"2025-03-20 11:54:23",11,Thu,2025-03,card,Latte,anonymous,,33.0,index_2
2025-03-20,"2025-03-20 12:48:24",12,Thu,2025-03,card,Americano,identified,ANON-0000-0000-1306,25.96,index_1
2025-03-20,"2025-03-20 14:04:43",14,Thu,2025-03,card,Americano,identified,ANON-0000-0000-1152,25.96,index_1
2025-03-20,"2025-03-20 14:20:37",14,Thu,2025-03,card,Americano,identified,ANON-0000-0000-1290,25.96,index_1
2025-03-20,"2025-03-20 14:21:41",14,Thu,2025-03,card,Espresso,identified,ANON-0000-0000-1290,21.06,index_1
2025-03-20,"2025-03-20 14:25:04",14,Thu,2025-03,card,Cortado,identified,ANON-0000-0000-1307,25.96,index_1
2025-03-20,"2025-03-20 14:26:46",14,Thu,2025-03,card,Cappuccino,identified,ANON-0000-0000-1308,35.76,index_1
2025-03-20,"2025-03-20 14:59:47",14,Thu,2025-03,card,Cappuccino,identified,ANON-0000-0000-1161,35.76,index_1
2025-03-20,"2025-03-20 15:05:22",15,Thu,2025-03,card,Americano,identified,ANON-0000-0000-1170,25.96,index_1
2025-03-20,"2025-03-20 15:21:51",15,Thu,2025-03,card,Americano,identified,ANON-0000-0000-1276,25.96,index_1
2025-03-20,"2025-03-20 16:45:44",16,Thu,2025-03,card,Cappuccino,identified,ANON-0000-0000-1158,35.76,index_1
2025-03-20,"2025-03-20 17:22:35",17,Thu,2025-03,cash,"Chocolate with coffee",anonymous,,30.0,index_2
2025-03-20,"2025-03-20 17:23:51",17,Thu,2025-03,card,Americano,identified,ANON-0000-0000-1309,25.96,index_1
2025-03-20,"2025-03-20 18:55:58",18,Thu,2025-03,card,"Hot Chocolate",identified,ANON-0000-0000-1233,35.76,index_1
2025-03-20,"2025-03-20 19:36:41",19,Thu,2025-03,card,Cocoa,identified,ANON-0000-0000-1310,35.76,index_1
2025-03-20,"2025-03-20 19:57:48",19,Thu,2025-03,card,Cappuccino,identified,ANON-0000-0000-1158,35.76,index_1
2025-03-20,"2025-03-20 21:50:15",21,Thu,2025-03,card,Latte,identified,ANON-0000-0000-1298,35.76,index_1
2025-03-21,"2025-03-21 07:06:11",7,Fri,2025-03,card,"Americano with Milk",identified,ANON-0000-0000-1163,30.86,index_1
2025-03-21,"2025-03-21 07:09:08",7,Fri,2025-03,card,"Americano with Milk",identified,ANON-0000-0000-1163,30.86,index_1
2025-03-21,"2025-03-21 08:16:43",8,Fri,2025-03,card,Americano,identified,ANON-0000-0000-1306,25.96,index_1
2025-03-21,"2025-03-21 08:28:36",8,Fri,2025-03,card,Americano,identified,ANON-0000-0000-1110,25.96,index_1
2025-03-21,"2025-03-21 08:29:20",8,Fri,2025-03,card,Americano,identified,ANON-0000-0000-1110,25.96,index_1
2025-03-21,"2025-03-21 08:35:18",8,Fri,2025-03,card,Cappuccino,identified,ANON-0000-0000-1311,35.76,index_1
2025-03-21,"2025-03-21 09:04:53",9,Fri,2025-03,card,"Irish whiskey",anonymous,,25.0,index_2
2025-03-21,"2025-03-21 11:50:09",11,Fri,2025-03,card,Americano,identified,ANON-0000-0000-1163,25.96,index_1
2025-03-21,"2025-03-21 11:51:07",11,Fri,2025-03,card,Latte,identified,ANON-0000-0000-0019,35.76,index_1
2025-03-21,"2025-03-21 13:02:48",13,Fri,2025-03,card,Americano,identified,ANON-0000-0000-1306,25.96,index_1
2025-03-21,"2025-03-21 13:23:57",13,Fri,2025-03,card,Latte,identified,ANON-0000-0000-1275,35.76,index_1
2025-03-21,"2025-03-21 14:11:44",14,Fri,2025-03,card,Cappuccino,identified,ANON-0000-0000-1158,35.76,index_1
2025-03-21,"2025-03-21 15:09:03",15,Fri,2025-03,card,Cappuccino,identified,ANON-0000-0000-1312,35.76,index_1
2025-03-21,"2025-03-21 15:24:42",15,Fri,2025-03,card,Americano,identified,ANON-0000-0000-1170,25.96,index_1
2025-03-21,"2025-03-21 15:28:19",15,Fri,2025-03,card,Latte,identified,ANON-0000-0000-1110,35.76,index_1
2025-03-21,"2025-03-21 15:29:32",15,Fri,2025-03,card,Cappuccino,identified,ANON-0000-0000-1163,35.76,index_1
2025-03-21,"2025-03-21 17:01:28",17,Fri,2025-03,card,"Hot Chocolate",identified,ANON-0000-0000-1259,35.76,index_1
2025-03-21,"2025-03-21 17:21:16",17,Fri,2025-03,card,Latte,identified,ANON-0000-0000-1165,35.76,index_1
2025-03-21,"2025-03-21 17:22:49",17,Fri,2025-03,card,Latte,identified,ANON-0000-0000-1191,35.76,index_1
2025-03-21,"2025-03-21 18:52:12",18,Fri,2025-03,card,Latte,identified,ANON-0000-0000-0507,35.76,index_1
2025-03-21,"2025-03-21 18:59:24",18,Fri,2025-03,card,Americano,identified,ANON-0000-0000-1170,25.96,index_1
2025-03-21,"2025-03-21 19:37:46",19,Fri,2025-03,card,"Chocolate with milk",anonymous,,27.0,index_2
2025-03-21,"2025-03-21 19:39:07",19,Fri,2025-03,card,"Super chocolate",anonymous,,28.0,index_2
2025-03-21,"2025-03-21 21:47:03",21,Fri,2025-03,card,"Americano with milk",anonymous,,25.0,index_2
2025-03-22,"2025-03-22 09:05:13",9,Sat,2025-03,card,"Americano with Milk",identified,ANON-0000-0000-1274,30.86,index_1
2025-03-22,"2025-03-22 10:30:09",10,Sat,2025-03,card,"Americano with Milk",identified,ANON-0000-0000-1152,30.86,index_1
2025-03-22,"2025-03-22 10:54:05",10,Sat,2025-03,card,"Irish whiskey with milk",anonymous,,27.0,index_2
2025-03-22,"2025-03-22 10:55:29",10,Sat,2025-03,card,"Irish with chocolate",anonymous,,27.0,index_2
2025-03-22,"2025-03-22 11:00:25",11,Sat,2025-03,card,"Irish whiskey",anonymous,,25.0,index_2
2025-03-22,"2025-03-22 11:14:05",11,Sat,2025-03,card,"Hot Chocolate",identified,ANON-0000-0000-1259,35.76,index_1
2025-03-22,"2025-03-22 11:41:20",11,Sat,2025-03,card,Cocoa,identified,ANON-0000-0000-1279,35.76,index_1
2025-03-22,"2025-03-22 12:18:27",12,Sat,2025-03,card,"Americano with Milk",identified,ANON-0000-0000-1313,30.86,index_1
2025-03-22,"2025-03-22 12:25:59",12,Sat,2025-03,card,Americano,identified,ANON-0000-0000-1306,25.96,index_1
2025-03-22,"2025-03-22 13:06:21",13,Sat,2025-03,card,Americano,identified,ANON-0000-0000-1309,25.96,index_1
2025-03-22,"2025-03-22 13:23:17",13,Sat,2025-03,card,"Americano with Milk",identified,ANON-0000-0000-1267,30.86,index_1
2025-03-22,"2025-03-22 15:57:58",15,Sat,2025-03,card,Espresso,identified,ANON-0000-0000-1302,21.06,index_1
2025-03-22,"2025-03-22 16:26:59",16,Sat,2025-03,card,Latte,identified,ANON-0000-0000-1274,35.76,index_1
2025-03-22,"2025-03-22 16:59:05",16,Sat,2025-03,card,Tea,anonymous,,15.0,index_2
2025-03-22,"2025-03-22 17:07:45",17,Sat,2025-03,cash,"Irish whiskey",anonymous,,25.0,index_2
2025-03-22,"2025-03-22 17:44:51",17,Sat,2025-03,card,"Caramel with Irish whiskey",anonymous,,28.0,index_2
2025-03-22,"2025-03-22 17:53:35",17,Sat,2025-03,card,"Americano with Milk",identified,ANON-0000-0000-1274,30.86,index_1
2025-03-22,"2025-03-22 17:58:01",17,Sat,2025-03,cash,Caramel,anonymous,,22.0,index_2
2025-03-22,"2025-03-22 19:16:52",19,Sat,2025-03,card,"Americano with Milk",identified,ANON-0000-0000-1314,30.86,index_1
2025-03-22,"2025-03-22 22:19:59",22,Sat,2025-03,card,"Americano with milk",anonymous,,25.0,index_2
2025-03-22,"2025-03-22 22:21:21",22,Sat,2025-03,card,"Americano with milk",anonymous,,25.0,index_2
2025-03-22,"2025-03-22 22:23:39",22,Sat,2025-03,card,"Coffee with Irish whiskey",anonymous,,29.0,index_2
2025-03-23,"2025-03-23 10:07:11",10,Sun,2025-03,card,Latte,identified,ANON-0000-0000-1196,35.76,index_1
2025-03-23,"2025-03-23 10:16:44",10,Sun,2025-03,cash,"Irish whiskey",anonymous,,25.0,index_2
2025-03-23,"2025-03-23 10:25:48",10,Sun,2025-03,cash,"Americano with milk",anonymous,,25.0,index_2
2025-03-23,"2025-03-23 10:25:48",10,Sun,2025-03,cash,"Americano with milk",anonymous,,25.0,index_2
2025-03-23,"2025-03-23 10:34:54",10,Sun,2025-03,card,Cappuccino,identified,ANON-0000-0000-1158,35.76,index_1
2025-03-23,"2025-03-23 14:43:37",14,Sun,2025-03,card,Cocoa,identified,ANON-0000-0000-1315,35.76,index_1
2025-03-23,"2025-03-23 14:44:16",14,Sun,2025-03,card,Cocoa,identified,ANON-0000-0000-1315,35.76,index_1
2025-03-23,"2025-03-23 14:55:46",14,Sun,2025-03,cash,Cappuccino,anonymous,,30.0,index_2
2025-03-23,"2025-03-23 15:15:36",15,Sun,2025-03,card,"Irish whiskey",anonymous,,25.0,index_2
2025-03-23,"2025-03-23 15:47:28",15,Sun,2025-03,card,Americano,identified,ANON-0000-0000-1316,25.96,index_1
2025-03-23,"2025-03-23 17:59:25",17,Sun,2025-03,card,"Super chocolate",anonymous,,28.0,index_2
2025-03-23,"2025-03-23 18:01:33",18,Sun,2025-03,card,"Vanilla with Irish whiskey",anonymous,,28.0,index_2
2025-03-23,"2025-03-23 18:11:38",18,Sun,2025-03,card,Latte,identified,ANON-0000-0000-1275,35.76,index_1
2025-03-23,"2025-03-23 21:23:11",21,Sun,2025-03,card,"Coffee with Irish whiskey",anonymous,,29.0,index_2
